# Selection on 10 symbols for n = 11: K = 9 letters 0 .. 8, distinguished letter 9.  One line per 2-loop: x v.
# x = the ordering of the K letters at which the row starts (row = the slice chosen from the 2-loop);
# v = number of cyclic classes of the row: 9 full, 7 short, 1 .. 6 rows of other lengths,
# 0 = loop without a row (x is then the rotation that starts with 0).
# 40,320 loops by v: 9: 29,730; 7: 9,620; 6: 8; 5: 141; 4: 3; 3: 139; 2: 7; 0: 672.  52 closed walks, Q = 20,726.
# Completion: 800 closed trails on 11 symbols, sum R = F3(11) + 20,726 = 43,929,206.
780123456 7
870123456 7
680123457 7
860123457 7
670123458 7
760123458 7
578012346 9
587012346 9
758012346 9
785012346 9
857012346 9
875012346 9
801234756 7
601234758 7
580123476 9
850123476 9
012347856 7
501234786 9
701234856 7
601234857 7
570123486 9
750123486 9
012348756 7
501234876 9
678012354 9
687012354 9
768012354 9
786012354 9
867012354 9
876012354 9
780123564 9
870123564 9
801235674 9
012356784 9
701235684 9
012356874 9
680123574 9
860123574 9
801235764 9
012357684 9
601235784 9
012357864 9
670123584 9
760123584 9
701235864 9
012358674 9
601235874 9
012358764 9
457801236 9
458701236 9
475801236 9
478501236 9
485701236 9
487501236 9
654780123 9
654870123 9
657480123 9
657840123 9
658470123 9
658740123 9
745801236 9
748501236 9
675480123 9
675840123 9
784501236 9
678540123 9
845701236 9
847501236 9
685470123 9
685740123 9
874501236 9
687540123 9
801237456 7
601237458 7
580123746 9
850123746 9
012374856 7
501237486 9
680123754 9
860123754 9
801237564 9
012375684 9
601237584 9
012375864 9
458012376 9
485012376 9
765480123 9
765840123 9
845012376 9
768540123 9
012378456 7
501237846 9
601237854 9
012378564 9
450123786 9
786540123 9
701238456 7
601238457 7
570123846 9
750123846 9
012384756 7
501238476 9
670123854 9
760123854 9
701238564 9
012385674 9
601238574 9
012385764 9
457012386 9
475012386 9
865470123 9
865740123 9
745012386 9
867540123 9
012387456 7
501238746 9
601238754 9
012387564 9
450123876 9
876540123 9
678012435 9
687012435 9
768012435 9
786012435 9
867012435 9
876012435 9
780124365 7
870124365 7
580124367 7
850124367 7
570124368 7
750124368 7
680124375 9
860124375 9
801243765 7
501243768 7
601243785 9
012437865 7
670124385 9
760124385 9
701243865 7
501243867 7
601243875 9
012438765 7
367801245 9
368701245 9
376801245 9
378601245 9
386701245 9
387601245 9
563780124 9
563870124 9
567380124 9
567830124 9
568370124 9
568730124 9
736801245 9
738601245 9
576380124 9
576830124 9
783601245 9
578630124 9
836701245 9
837601245 9
586370124 9
586730124 9
873601245 9
587630124 9
578012463 9
587012463 9
758012463 9
785012463 9
857012463 9
875012463 9
780124653 9
870124653 9
801246573 9
012465783 9
701246583 9
012465873 9
580124673 9
850124673 9
801246753 9
012467583 9
501246783 9
012467853 9
570124683 9
750124683 9
701246853 9
012468573 9
501246873 9
012468753 9
680124735 9
860124735 9
801247365 7
501247368 7
601247385 9
012473865 7
368012475 9
386012475 9
756380124 9
756830124 9
836012475 9
758630124 9
580124763 9
850124763 9
801247653 9
012476583 9
501247683 9
012476853 9
601247835 9
012478365 7
360124785 9
785630124 9
501247863 9
012478653 9
670124835 9
760124835 9
701248365 7
501248367 7
601248375 9
012483765 7
367012485 9
376012485 9
856370124 9
856730124 9
736012485 9
857630124 9
570124863 9
750124863 9
701248653 9
012486573 9
501248673 9
012486753 9
601248735 9
012487365 7
360124875 9
875630124 9
501248763 9
012487653 9
780125346 9
870125346 9
801253476 9
012534786 9
701253486 9
012534876 9
478012536 9
487012536 9
748012536 9
784012536 9
847012536 9
874012536 9
801253746 9
012537486 9
480125376 9
840125376 9
012537846 9
401253786 9
701253846 9
012538476 9
470125386 9
740125386 9
012538746 9
401253876 9
436780125 9
436870125 9
437680125 9
437860125 9
438670125 9
438760125 9
637801254 9
638701254 9
673801254 9
678301254 9
683701254 9
687301254 9
473680125 9
473860125 9
763801254 9
768301254 9
478360125 9
786301254 9
483670125 9
483760125 9
863701254 9
867301254 9
487360125 9
876301254 9
347801256 9
348701256 9
480125637 7
840125637 7
470125638 7
740125638 7
378012564 7
387012564 7
738012564 9
783012564 9
837012564 9
873012564 9
801256734 7
401256738 7
380125674 9
830125674 9
012567834 7
301256784 9
701256834 7
401256837 7
370125684 9
730125684 9
012568734 7
301256874 9
801257346 9
012573486 9
480125736 9
840125736 9
012573846 9
401257386 9
743680125 9
743860125 9
638012574 9
683012574 9
748360125 9
863012574 9
801257634 7
401257638 7
380125764 9
830125764 9
012576834 7
301257684 9
012578346 9
401257836 9
784360125 9
630125784 9
012578634 7
301257864 9
701258346 9
012583476 9
470125836 9
740125836 9
012583746 9
401258376 9
843670125 9
843760125 9
637012584 9
673012584 9
847360125 9
763012584 9
701258634 7
401258637 7
370125864 9
730125864 9
012586734 7
301258674 9
012587346 9
401258736 9
874360125 9
630125874 9
012587634 7
301258764 9
345780126 9
345870126 9
347580126 9
347850126 9
348570126 9
348750126 9
547801263 9
548701263 9
574801263 9
578401263 9
584701263 9
587401263 9
374580126 9
374850126 9
754801263 9
758401263 9
378450126 9
785401263 9
384570126 9
384750126 9
854701263 9
857401263 9
387450126 9
875401263 9
780126435 9
870126435 9
801264375 9
012643785 9
701264385 9
012643875 9
378012645 9
387012645 9
738012645 9
783012645 9
837012645 9
873012645 9
801264735 9
012647385 9
380126475 9
830126475 9
012647835 9
301264785 9
701264835 9
012648375 9
370126485 9
730126485 9
012648735 9
301264875 9
478012653 7
487012653 7
748012653 9
784012653 9
847012653 9
874012653 9
437801265 9
438701265 9
380126547 7
830126547 7
370126548 7
730126548 7
480126573 9
840126573 9
801265743 7
301265748 7
401265783 9
012657843 7
470126583 9
740126583 9
701265843 7
301265847 7
401265873 9
012658743 7
734580126 9
734850126 9
548012673 9
584012673 9
738450126 9
854012673 9
801267435 9
012674385 9
380126745 9
830126745 9
012674835 9
301267485 9
480126753 9
840126753 9
801267543 7
301267548 7
401267583 9
012675843 7
783450126 9
540126783 9
012678435 9
301267845 9
401267853 9
012678543 7
834570126 9
834750126 9
547012683 9
574012683 9
837450126 9
754012683 9
701268435 9
012684375 9
370126845 9
730126845 9
012684735 9
301268475 9
470126853 9
740126853 9
701268543 7
301268547 7
401268573 9
012685743 7
873450126 9
540126873 9
012687435 9
301268745 9
401268753 9
012687543 7
801273456 7
601273458 7
580127346 9
850127346 9
012734856 7
501273486 9
680127354 9
860127354 9
801273564 9
012735684 9
601273584 9
012735864 9
458012736 9
485012736 9
654801273 9
658401273 9
845012736 9
685401273 9
012738456 7
501273846 9
601273854 9
012738564 9
450127386 9
865401273 9
680127435 9
860127435 9
801274365 7
501274368 7
601274385 9
012743865 7
368012745 9
386012745 9
563801274 9
568301274 9
836012745 9
586301274 9
580127463 9
850127463 9
801274653 9
012746583 9
501274683 9
012746853 9
601274835 9
012748365 7
360127485 9
856301274 9
501274863 9
012748653 9
801275346 9
012753486 9
480127536 9
840127536 9
012753846 9
401275386 9
436801275 9
438601275 9
638012754 9
683012754 9
483601275 9
863012754 9
348012756 9
401275638 7
380127564 7
830127564 9
012756834 7
301275684 9
012758346 9
401275836 9
843601275 9
630127584 9
012758634 7
301275864 9
345801276 9
348501276 9
548012763 9
584012763 9
384501276 9
854012763 9
801276435 9
012764385 9
380127645 9
830127645 9
012764835 9
301276485 9
480127653 7
840127653 9
438012765 9
301276548 7
401276583 9
012765843 7
834501276 9
540127683 9
012768435 9
301276845 9
401276853 9
012768543 7
012783456 7
501278346 9
601278354 9
012783564 9
450127836 9
654012783 9
601278435 9
012784365 7
360127845 9
563012784 9
501278463 9
012784653 9
012785346 9
401278536 9
436012785 9
630127854 9
340127856 9
301278564 7
345012786 9
540127863 9
012786435 9
301278645 9
401278653 7
430127865 9
701283456 7
601283457 7
570128346 9
750128346 9
012834756 7
501283476 9
670128354 9
760128354 9
701283564 9
012835674 9
601283574 9
012835764 9
457012836 9
475012836 9
654701283 9
657401283 9
745012836 9
675401283 9
012837456 7
501283746 9
601283754 9
012837564 9
450128376 9
765401283 9
670128435 9
760128435 9
701284365 7
501284367 7
601284375 9
012843765 7
367012845 9
376012845 9
563701284 9
567301284 9
736012845 9
576301284 9
570128463 9
750128463 9
701284653 9
012846573 9
501284673 9
012846753 9
601284735 9
012847365 7
360128475 9
756301284 9
501284763 9
012847653 9
701285346 9
012853476 9
470128536 9
740128536 9
012853746 9
401285376 9
436701285 9
437601285 9
637012854 9
673012854 9
473601285 9
763012854 9
347012856 9
401285637 7
370128564 7
730128564 9
012856734 7
301285674 9
012857346 9
401285736 9
743601285 9
630128574 9
012857634 7
301285764 9
345701286 9
347501286 9
547012863 9
574012863 9
374501286 9
754012863 9
701286435 9
012864375 9
370128645 9
730128645 9
012864735 9
301286475 9
470128653 7
740128653 9
437012865 9
301286547 7
401286573 9
012865743 7
734501286 9
540128673 9
012867435 9
301286745 9
401286753 9
012867543 7
012873456 7
501287346 9
601287354 9
012873564 9
450128736 9
654012873 9
601287435 9
012874365 7
360128745 9
563012874 9
501287463 9
012874653 9
012875346 9
401287536 9
436012875 9
630128754 9
340128756 9
301287564 7
345012876 9
540128763 9
012876435 9
301287645 9
401287653 7
430128765 9
801324567 9
013245687 9
680132457 9
860132457 9
013245867 9
601324587 9
246578013 7
246587013 7
246758013 7
246785013 7
246857013 7
246875013 7
568013247 9
601324758 7
247658013 7
247685013 7
560132478 9
247865013 7
013248567 0
013248576 0
248657013 7
248675013 7
756013248 9
248765013 7
325467801 7
325468701 7
325476801 7
325478601 7
325486701 7
325487601 7
132564780 9
132564870 9
132567480 9
132567840 9
132568470 9
132568740 9
325746801 7
325748601 7
132576480 9
132576840 9
325784601 7
132578640 9
325846701 7
325847601 7
132586470 9
132586740 9
325874601 7
132587640 9
326457801 9
326458701 9
326475801 9
326478501 9
326485701 9
326487501 9
547801326 7
548701326 7
265748013 9
578401326 7
265847013 9
587401326 7
326745801 9
326748501 9
267548013 9
267584013 9
326784501 9
785401326 7
326845701 9
326847501 9
268547013 9
268574013 9
326874501 9
875401326 7
013274568 5
458601327 3
274658013 7
274685013 7
013274856 0
274865013 7
327546801 7
327548601 7
132756480 9
132756840 9
327584601 7
132758640 9
327645801 9
327648501 9
654801327 7
658401327 7
327684501 9
685401327 7
845601327 9
278465013 7
327854601 7
132785640 9
327864501 9
865401327 7
013284567 9
457601328 3
284657013 7
284675013 7
560132847 7
284765013 7
328546701 7
328547601 7
132856470 9
132856740 9
328574601 7
132857640 9
328645701 9
328647501 9
654701328 7
657401328 7
328674501 9
675401328 7
456013287 9
287465013 7
328754601 7
132875640 9
328764501 9
765401328 7
678013425 9
687013425 9
768013425 9
786013425 9
867013425 9
876013425 9
780134265 9
870134265 9
801342675 9
013426785 9
701342685 9
013426875 9
680134275 9
860134275 9
801342765 9
013427685 9
601342785 9
013427865 9
670134285 9
760134285 9
701342865 9
013428675 9
601342875 9
013428765 9
780134526 7
870134526 7
680134527 7
860134527 7
670134528 7
760134528 7
278013456 9
287013456 9
728013456 9
782013456 9
827013456 9
872013456 9
801345726 7
601345728 7
280134576 9
820134576 9
013457826 7
201345786 9
701345826 7
601345827 7
270134586 9
720134586 9
013458726 7
201345876 9
134625780 9
134625870 9
134627580 9
134627850 9
134628570 9
134628750 9
527801346 9
528701346 9
572801346 9
578201346 9
582701346 9
587201346 9
134672580 9
134672850 9
752801346 9
758201346 9
134678250 9
785201346 9
134682570 9
134682750 9
852701346 9
857201346 9
134687250 9
875201346 9
680134725 9
860134725 9
801347265 9
013472685 9
601347285 9
013472865 9
801347526 7
601347528 7
280134756 9
820134756 9
013475826 7
201347586 9
134762580 9
134762850 9
528013476 9
582013476 9
134768250 9
852013476 9
601347825 9
013478265 9
013478526 7
201347856 9
134786250 9
520134786 9
670134825 9
760134825 9
701348265 9
013482675 9
601348275 9
013482765 9
701348526 7
601348527 7
270134856 9
720134856 9
013485726 7
201348576 9
134862570 9
134862750 9
527013486 9
572013486 9
134867250 9
752013486 9
601348725 9
013487265 9
013487526 7
201348756 9
134876250 9
520134876 9
135246780 9
135246870 9
135247680 9
135247860 9
135248670 9
135248760 9
352647801 9
352648701 9
352674801 9
352678401 9
352684701 9
352687401 9
135274680 9
135274860 9
352764801 9
352768401 9
135278460 9
352786401 9
135284670 9
135284760 9
352864701 9
352867401 9
135287460 9
352876401 9
354267801 9
354268701 9
354276801 9
354278601 9
354286701 9
354287601 9
546278013 9
546287013 9
546728013 9
546782013 9
546827013 9
546872013 9
354726801 9
354728601 9
547628013 9
547682013 9
354782601 9
547862013 9
354826701 9
354827601 9
548627013 9
548672013 9
354872601 9
548762013 9
562478013 9
562487013 9
562748013 9
562784013 9
562847013 9
562874013 9
642780135 9
642870135 9
647280135 9
647820135 9
648270135 9
648720135 9
567248013 9
567284013 9
674280135 9
674820135 9
567824013 9
678420135 9
568247013 9
568274013 9
684270135 9
684720135 9
568724013 9
687420135 9
135724680 9
135724860 9
357264801 9
357268401 9
135728460 9
357286401 9
357426801 9
357428601 9
574628013 9
574682013 9
357482601 9
574862013 9
576248013 9
576284013 9
764280135 9
764820135 9
576824013 9
768420135 9
135782460 9
357826401 9
357842601 9
578462013 9
578624013 9
786420135 9
135824670 9
135824760 9
358264701 9
358267401 9
135827460 9
358276401 9
358426701 9
358427601 9
584627013 9
584672013 9
358472601 9
584762013 9
586247013 9
586274013 9
864270135 9
864720135 9
586724013 9
867420135 9
135872460 9
358726401 9
358742601 9
587462013 9
587624013 9
876420135 9
624578013 9
624587013 9
624758013 9
624785013 9
624857013 9
624875013 9
254780136 9
254870136 9
257480136 7
257840136 9
258470136 7
258740136 9
627458013 9
627485013 9
275480136 7
275840136 7
627845013 9
278540136 9
628457013 9
628475013 9
285470136 7
285740136 7
628745013 9
287540136 9
364257801 9
364258701 9
364275801 9
364278501 9
364285701 9
364287501 9
278013645 7
287013645 7
728013645 7
782013645 7
827013645 7
872013645 7
364725801 9
364728501 9
528013647 7
582013647 7
364782501 9
852013647 7
364825701 9
364827501 9
527013648 7
572013648 7
364872501 9
752013648 7
013652478 9
701365248 9
013652748 0
840136527 9
013652847 7
401365287 9
427801365 9
428701365 9
472801365 9
478201365 9
482701365 9
487201365 9
013657248 0
284013657 9
742801365 9
748201365 9
824013657 9
784201365 9
013658247 9
401365827 9
842701365 9
847201365 9
240136587 9
874201365 9
672458013 9
672485013 9
725480136 9
725840136 9
672845013 9
728540136 9
367425801 9
367428501 9
280136745 7
820136745 7
367482501 9
520136748 7
013675248 0
528401367 9
428013675 9
482013675 9
240136758 7
842013675 9
678245013 9
782540136 9
367842501 9
201367845 7
524013678 9
420136785 9
682457013 9
682475013 9
825470136 9
825740136 9
682745013 9
827540136 9
368425701 9
368427501 9
270136845 7
720136845 7
368472501 9
520136847 7
013685247 9
527401368 3
427013685 9
472013685 9
013685724 0
742013685 9
687245013 9
872540136 9
368742501 9
201368745 7
752401368 9
420136875 9
245680137 5
245860137 9
724658013 7
724685013 7
013724856 0
724865013 7
372546801 7
372548601 7
137256480 9
137256840 9
013725846 9
137258640 7
372645801 9
372648501 9
548013726 7
584013726 7
372684501 9
854013726 7
284560137 9
728465013 7
372854601 7
137285640 9
372864501 9
654013728 7
680137425 9
860137425 9
801374265 9
013742685 9
601374285 9
013742865 9
801374526 7
601374528 7
280137456 9
820137456 9
013745826 7
201374586 9
137462580 9
137462850 9
528013746 9
582013746 9
137468250 9
852013746 9
601374825 9
013748265 9
013748526 7
201374856 9
137486250 9
520137486 9
137524680 9
137524860 9
375264801 9
375268401 9
137528460 9
375286401 9
375426801 9
375428601 9
754628013 9
754682013 9
375482601 9
754862013 9
756248013 9
756284013 9
642801375 9
648201375 9
756824013 9
684201375 9
137582460 9
375826401 9
375842601 9
758462013 9
758624013 9
864201375 9
762458013 9
762485013 9
254801376 9
258401376 9
762845013 9
285401376 9
376425801 9
376428501 9
280137645 7
820137645 7
376482501 9
520137648 7
013765248 0
401376528 5
428013765 9
482013765 9
013765824 7
842013765 2
768245013 9
825401376 9
376842501 9
201376845 7
685240137 4
013768542 7
824560137 9
782465013 7
378254601 7
137825640 9
378264501 9
540137826 7
601378425 9
013784265 9
013784526 7
201378456 9
137846250 9
520137846 9
137852460 9
378526401 9
378542601 9
785462013 9
785624013 9
642013785 9
786245013 9
254013786 9
378642501 9
201378645 7
865240137 9
420137865 9
382456701 7
601382457 5
824657013 7
824675013 7
560138247 9
824765013 7
382546701 7
382547601 7
138256470 9
138256740 9
013825746 9
138257640 7
382645701 9
382647501 9
547013826 7
574013826 7
382674501 9
754013826 7
456013827 9
827465013 7
382754601 7
138275640 9
382764501 9
654013827 7
670138425 9
760138425 9
701384265 9
013842675 9
601384275 9
013842765 9
701384526 7
601384527 7
270138456 9
720138456 9
013845726 7
201384576 9
138462570 9
138462750 9
527013846 9
572013846 9
138467250 9
752013846 9
601384725 9
013847265 9
013847526 7
201384756 9
138476250 9
520138476 9
138524670 9
138524760 9
385264701 9
385267401 9
138527460 9
385276401 9
385426701 9
385427601 9
854627013 9
854672013 9
385472601 9
854762013 9
856247013 9
856274013 9
642701385 9
647201385 9
856724013 9
674201385 9
138572460 9
385726401 9
385742601 9
857462013 9
857624013 9
764201385 9
862457013 9
862475013 9
254701386 9
257401386 9
862745013 9
275401386 9
386425701 9
386427501 9
270138645 7
720138645 7
386472501 9
520138647 7
652470138 5
652740138 9
427013865 9
472013865 9
013865724 0
742013865 9
867245013 9
725401386 9
386742501 9
201386745 7
524013867 7
420138675 9
245601387 9
872465013 7
387254601 7
138725640 9
387264501 9
540138726 7
601387425 9
013874265 9
013874526 7
201387456 9
138746250 9
520138746 9
138752460 9
387526401 9
387542601 9
875462013 9
875624013 9
642013875 9
876245013 9
254013876 9
387642501 9
201387645 7
652401387 9
420138765 9
142356780 9
142356870 9
142357680 9
142357860 9
142358670 9
142358760 9
801423657 9
014236587 9
580142367 9
850142367 9
014236857 9
501423687 9
142375680 9
142375860 9
658014237 9
501423768 7
142378560 9
650142378 9
142385670 9
142385760 9
014238657 0
014238675 0
142387560 9
765014238 9
425367801 9
425368701 9
425376801 9
425378601 9
425386701 9
425387601 9
637801425 7
638701425 7
673801425 7
678301425 7
683701425 7
687301425 7
425736801 9
425738601 9
763801425 7
768301425 7
425783601 9
786301425 7
425836701 9
425837601 9
863701425 7
867301425 7
425873601 9
876301425 7
426357801 7
426358701 7
426375801 7
426378501 7
426385701 7
426387501 7
142653780 9
142653870 9
142657380 9
142657830 9
142658370 9
142658730 9
426735801 7
426738501 7
142675380 9
142675830 9
426783501 7
142678530 9
426835701 7
426837501 7
142685370 9
142685730 9
426873501 7
142687530 9
142735680 9
142735860 9
014273658 5
368501427 3
142738560 9
014273865 0
427536801 9
427538601 9
563801427 7
568301427 7
427583601 9
586301427 7
427635801 7
427638501 7
142765380 9
142765830 9
427683501 7
142768530 9
142783560 9
836501427 9
427853601 9
856301427 7
427863501 7
142786530 9
142835670 9
142835760 9
014283657 0
014283675 0
142837560 9
650142837 7
428536701 9
428537601 9
563701428 7
567301428 7
428573601 9
576301428 7
428635701 7
428637501 7
142865370 9
142865730 9
428673501 7
142867530 9
142873560 9
365014287 9
428753601 9
756301428 7
428763501 7
142876530 9
780143256 9
870143256 9
801432576 9
014325786 9
701432586 9
014325876 9
801432657 7
701432658 7
014326758 7
143267850 7
014326857 7
143268750 7
801432756 9
014327586 9
014327658 7
143276850 7
014327856 9
143278650 7
701432856 9
014328576 9
014328657 7
143286750 7
014328756 9
143287650 7
143526780 9
143526870 9
143527680 9
143527860 9
143528670 9
143528760 9
627801435 9
628701435 9
672801435 9
678201435 9
682701435 9
687201435 9
143572680 9
143572860 9
762801435 9
768201435 9
143578260 9
786201435 9
143582670 9
143582760 9
862701435 9
867201435 9
143587260 9
876201435 9
780143625 9
870143625 9
801436275 9
014362785 9
701436285 9
014362875 9
278014365 9
287014365 9
728014365 9
782014365 9
827014365 9
872014365 9
801436725 9
014367285 9
280143675 9
820143675 9
014367825 9
201436785 9
701436825 9
014368275 9
270143685 9
720143685 9
014368725 9
201436875 9
801437256 9
014372586 9
014372658 7
143726850 7
014372856 9
143728650 7
143752680 9
143752860 9
628014375 9
682014375 9
143758260 9
862014375 9
801437625 9
014376285 9
280143765 9
820143765 9
014376825 9
201437685 9
014378256 9
143782650 7
143785260 9
620143785 9
014378625 9
201437865 9
701438256 9
014382576 9
014382657 7
143826750 7
014382756 9
143827650 7
143852670 9
143852760 9
627014385 9
672014385 9
143857260 9
762014385 9
701438625 9
014386275 9
270143865 9
720143865 9
014386725 9
201438675 9
014387256 9
143872650 7
143875260 9
620143875 9
014387625 9
201438765 9
523678014 9
523687014 9
523768014 9
523786014 9
523867014 9
523876014 9
263780145 9
263870145 9
267380145 9
267830145 9
268370145 9
268730145 9
527368014 9
527386014 9
276380145 9
276830145 9
527836014 9
278630145 9
528367014 9
528376014 9
286370145 9
286730145 9
528736014 9
287630145 9
453267801 9
453268701 9
453276801 9
453278601 9
453286701 9
453287601 9
278014536 7
287014536 7
728014536 7
782014536 7
827014536 7
872014536 7
453726801 9
453728601 9
628014537 7
682014537 7
453782601 9
862014537 7
453826701 9
453827601 9
627014538 7
672014538 7
453872601 9
762014538 7
801456237 9
014562387 9
380145627 9
830145627 9
014562837 9
301456287 9
327801456 9
328701456 9
372801456 9
378201456 9
382701456 9
387201456 9
238014567 9
301456728 7
732801456 9
738201456 9
230145678 9
783201456 9
014568237 0
014568273 0
832701456 9
837201456 9
723014568 9
873201456 9
572368014 9
572386014 9
726380145 9
726830145 9
572836014 9
728630145 9
457326801 9
457328601 9
280145736 7
820145736 7
457382601 9
620145738 7
014576238 5
628301457 3
328014576 9
382014576 9
014576823 0
832014576 9
578236014 9
782630145 9
457832601 9
201457836 7
862301457 9
320145786 9
582367014 9
582376014 9
826370145 9
826730145 9
582736014 9
827630145 9
458326701 9
458327601 9
270145836 7
720145836 7
458372601 9
620145837 7
014586237 0
014586273 0
327014586 9
372014586 9
230145867 7
732014586 9
587236014 9
872630145 9
458732601 9
201458736 7
623014587 9
320145876 9
146235780 9
146235870 9
146237580 9
146237850 9
146238570 9
146238750 9
462537801 9
462538701 9
462573801 9
462578301 9
462583701 9
462587301 9
146273580 9
146273850 9
462753801 9
462758301 9
146278350 9
462785301 9
146283570 9
146283750 9
462853701 9
462857301 9
146287350 9
462875301 9
325780146 7
325870146 7
327580146 7
327850146 7
328570146 7
328750146 7
635278014 9
635287014 9
635728014 9
635782014 9
635827014 9
635872014 9
372580146 7
372850146 7
637528014 9
637582014 9
378250146 7
637852014 9
382570146 7
382750146 7
638527014 9
638572014 9
387250146 7
638752014 9
652378014 9
652387014 9
652738014 9
652783014 9
652837014 9
652873014 9
532780146 9
532870146 9
537280146 9
537820146 9
538270146 9
538720146 9
657238014 9
657283014 9
573280146 9
573820146 9
657823014 9
578320146 9
658237014 9
658273014 9
583270146 9
583720146 9
658723014 9
587320146 9
146723580 9
146723850 9
467253801 9
467258301 9
146728350 9
467285301 9
732580146 7
732850146 7
673528014 9
673582014 9
738250146 7
673852014 9
675238014 9
675283014 9
753280146 9
753820146 9
675823014 9
758320146 9
146782350 9
467825301 9
783250146 7
678352014 9
678523014 9
785320146 9
146823570 9
146823750 9
468253701 9
468257301 9
146827350 9
468275301 9
832570146 7
832750146 7
683527014 9
683572014 9
837250146 7
683752014 9
685237014 9
685273014 9
853270146 9
853720146 9
685723014 9
857320146 9
146872350 9
468725301 9
873250146 7
687352014 9
687523014 9
875320146 9
147235680 9
147235860 9
236580147 5
236850147 9
147238560 9
014723865 0
472536801 9
472538601 9
638014725 7
683014725 7
472583601 9
863014725 7
472635801 7
472638501 7
147265380 9
147265830 9
472683501 7
147268530 9
147283560 9
283650147 9
472853601 9
563014728 7
472863501 7
147286530 9
801473256 9
014732586 9
014732658 7
147326850 7
014732856 9
147328650 7
147352680 9
147352860 9
628014735 9
682014735 9
147358260 9
862014735 9
801473625 9
014736285 9
280147365 9
820147365 9
014736825 9
201473685 9
014738256 9
147382650 7
147385260 9
620147385 9
014738625 9
201473865 9
752368014 9
752386014 9
263801475 9
268301475 9
752836014 9
286301475 9
475326801 9
475328601 9
280147536 7
820147536 7
475382601 9
620147538 7
562380147 5
562830147 9
328014756 9
382014756 9
014756823 0
832014756 9
758236014 9
826301475 9
475832601 9
201475836 7
586230147 9
320147586 9
147623580 9
147623850 9
476253801 9
476258301 9
147628350 9
476285301 9
632580147 7
632850147 7
763528014 9
763582014 9
638250147 7
763852014 9
765238014 9
765283014 9
532801476 9
538201476 9
765823014 9
583201476 9
147682350 9
476825301 9
683250147 7
768352014 9
768523014 9
853201476 9
147823560 9
823650147 9
478253601 9
630147825 7
478263501 7
147826530 9
014783256 9
147832650 7
147835260 9
620147835 9
014783625 9
201478365 9
785236014 9
263014785 9
478532601 9
201478536 7
856230147 9
320147856 9
147862350 9
478625301 9
863250147 7
786352014 9
786523014 9
532014786 9
148235670 9
148235760 9
014823657 9
501482367 9
148237560 9
650148237 9
482536701 9
482537601 9
637014825 7
673014825 7
482573601 9
763014825 7
482635701 7
482637501 7
148265370 9
148265730 9
482673501 7
148267530 9
148273560 9
365014827 9
482753601 9
563014827 7
482763501 7
148276530 9
701483256 9
014832576 9
014832657 7
148326750 7
014832756 9
148327650 7
148352670 9
148352760 9
627014835 9
672014835 9
148357260 9
762014835 9
701483625 9
014836275 9
270148365 9
720148365 9
014836725 9
201483675 9
014837256 9
148372650 7
148375260 9
620148375 9
014837625 9
201483765 9
852367014 9
852376014 9
263701485 9
267301485 9
852736014 9
276301485 9
485326701 9
485327601 9
270148536 7
720148536 7
485372601 9
620148537 7
014856237 9
301485627 9
327014856 9
372014856 9
230148567 9
732014856 9
857236014 9
726301485 9
485732601 9
201485736 7
623014857 9
320148576 9
148623570 9
148623750 9
486253701 9
486257301 9
148627350 9
486275301 9
632570148 7
632750148 7
863527014 9
863572014 9
637250148 7
863752014 9
865237014 9
865273014 9
532701486 9
537201486 9
865723014 9
573201486 9
148672350 9
486725301 9
673250148 7
867352014 9
867523014 9
753201486 9
148723560 9
236501487 9
487253601 9
630148725 7
487263501 7
148726530 9
014873256 9
148732650 7
148735260 9
620148735 9
014873625 9
201487365 9
875236014 9
263014875 9
487532601 9
201487536 7
562301487 9
320148756 9
148762350 9
487625301 9
763250148 7
876352014 9
876523014 9
532014876 9
801523467 7
701523468 7
015234768 7
152347860 7
015234867 7
152348760 7
780152364 9
870152364 9
801523674 9
015236784 9
701523684 9
015236874 9
015237468 7
152374860 7
801523764 9
015237684 9
152378460 7
015237864 9
015238467 7
152384760 7
701523864 9
015238674 9
152387460 7
015238764 9
367801524 7
368701524 7
376801524 7
378601524 7
386701524 7
387601524 7
524637801 9
524638701 9
524673801 9
524678301 9
524683701 9
524687301 9
736801524 7
738601524 7
524763801 9
524768301 9
783601524 7
524786301 9
836701524 7
837601524 7
524863701 9
524867301 9
873601524 7
524876301 9
015263478 9
701526348 9
015263748 0
840152637 9
470152638 9
401526387 7
264378015 7
264387015 7
264738015 7
264783015 7
264837015 7
264873015 7
348015267 3
401526738 7
267438015 7
267483015 7
340152678 9
267843015 7
347015268 9
740152683 7
268437015 7
268473015 7
734015268 9
268743015 7
015273468 7
152734860 7
801527364 9
015273684 9
152738460 7
015273864 9
436801527 7
438601527 7
527463801 9
527468301 9
483601527 7
527486301 9
015276348 5
401527638 9
276438015 7
276483015 7
340152768 9
276843015 7
152783460 7
015278364 9
843601527 7
527846301 9
634015278 9
278643015 7
015283467 7
152834760 7
701528364 7
740152836 2
152837460 7
015283764 9
436701528 7
437601528 7
528463701 9
528467301 9
473601528 7
528476301 9
470152863 7
374015286 9
286437015 7
286473015 7
673401528 9
286743015 7
152873460 7
015287364 9
743601528 7
528746301 9
763401528 9
287643015 7
532467801 9
532468701 9
532476801 9
532478601 9
532486701 9
532487601 9
153264780 9
153264870 9
153267480 9
153267840 9
153268470 9
153268740 9
532746801 9
532748601 9
153276480 9
153276840 9
532784601 9
153278640 9
532846701 9
532847601 9
153286470 9
153286740 9
532874601 9
153287640 9
342678015 7
342687015 7
342768015 7
342786015 7
342867015 7
342876015 7
462780153 9
462870153 9
467280153 9
467820153 9
468270153 9
468720153 9
347268015 7
347286015 7
476280153 9
476820153 9
347826015 7
478620153 9
348267015 7
348276015 7
486270153 9
486720153 9
348726015 7
487620153 9
624780153 7
624870153 7
627480153 7
627840153 7
628470153 7
628740153 7
364278015 9
364287015 9
364728015 9
364782015 9
364827015 9
364872015 9
672480153 7
672840153 7
367428015 9
367482015 9
678240153 7
367842015 9
682470153 7
682740153 7
368427015 9
368472015 9
687240153 7
368742015 9
537246801 9
537248601 9
153726480 9
153726840 9
537284601 9
153728640 9
374268015 7
374286015 7
746280153 9
746820153 9
374826015 7
748620153 9
762480153 7
762840153 7
376428015 9
376482015 9
768240153 7
376842015 9
537824601 9
153782640 9
378426015 7
784620153 9
786240153 7
378642015 9
538246701 9
538247601 9
153826470 9
153826740 9
538274601 9
153827640 9
384267015 7
384276015 7
846270153 9
846720153 9
384726015 7
847620153 9
862470153 7
862740153 7
386427015 9
386472015 9
867240153 7
386742015 9
538724601 9
153872640 9
387426015 7
874620153 9
876240153 7
387642015 9
236780154 9
236870154 9
237680154 9
237860154 9
238670154 9
238760154 9
426378015 9
426387015 9
426738015 9
426783015 9
426837015 9
426873015 9
273680154 9
273860154 9
427638015 9
427683015 9
278360154 9
427863015 9
283670154 9
283760154 9
428637015 9
428673015 9
287360154 9
428763015 9
801543267 9
015432687 9
680154327 9
860154327 9
015432867 9
601543287 9
627801543 9
628701543 9
672801543 9
678201543 9
682701543 9
687201543 9
268015437 9
601543728 7
762801543 9
768201543 9
260154378 9
786201543 9
015438267 0
015438276 0
862701543 9
867201543 9
726015438 9
876201543 9
546237801 9
546238701 9
546273801 9
546278301 9
546283701 9
546287301 9
278015463 7
287015463 7
728015463 7
782015463 7
827015463 7
872015463 7
546723801 9
546728301 9
328015467 7
382015467 7
546782301 9
832015467 7
546823701 9
546827301 9
327015468 7
372015468 7
546872301 9
732015468 7
723680154 9
723860154 9
472638015 9
472683015 9
728360154 9
472863015 9
015473268 5
328601547 3
628015473 9
682015473 9
015473826 0
862015473 9
547623801 9
547628301 9
280154763 7
820154763 7
547682301 9
320154768 7
782360154 9
478263015 9
832601547 9
620154783 9
547862301 9
201547863 7
823670154 9
823760154 9
482637015 9
482673015 9
827360154 9
482763015 9
015483267 0
015483276 0
627015483 9
672015483 9
260154837 7
762015483 9
548623701 9
548627301 9
270154863 7
720154863 7
548672301 9
320154867 7
872360154 9
487263015 9
326015487 9
620154873 9
548762301 9
201548763 7
478015623 9
487015623 9
748015623 9
784015623 9
847015623 9
874015623 9
780156243 9
870156243 9
801562473 9
015624783 9
701562483 9
015624873 9
480156273 9
840156273 9
801562743 9
015627483 9
401562783 9
015627843 9
470156283 9
740156283 9
701562843 9
015628473 9
401562873 9
015628743 9
780156324 7
870156324 7
480156327 7
840156327 7
470156328 7
740156328 7
278015634 9
287015634 9
728015634 9
782015634 9
827015634 9
872015634 9
801563724 7
401563728 7
280156374 9
820156374 9
015637824 7
201563784 9
701563824 7
401563827 7
270156384 9
720156384 9
015638724 7
201563874 9
156423780 9
156423870 9
156427380 9
156427830 9
156428370 9
156428730 9
327801564 9
328701564 9
372801564 9
378201564 9
382701564 9
387201564 9
156472380 9
156472830 9
732801564 9
738201564 9
156478230 9
783201564 9
156482370 9
156482730 9
832701564 9
837201564 9
156487230 9
873201564 9
480156723 9
840156723 9
801567243 9
015672483 9
401567283 9
015672843 9
801567324 7
401567328 7
280156734 9
820156734 9
015673824 7
201567384 9
156742380 9
156742830 9
328015674 9
382015674 9
156748230 9
832015674 9
401567823 9
015678243 9
015678324 7
201567834 9
156784230 9
320156784 9
470156823 9
740156823 9
701568243 9
015682473 9
401568273 9
015682743 9
701568324 7
401568327 7
270156834 9
720156834 9
015683724 7
201568374 9
156842370 9
156842730 9
327015684 9
372015684 9
156847230 9
732015684 9
401568723 9
015687243 9
015687324 7
201568734 9
156874230 9
320156874 9
015723468 7
157234860 7
801572364 9
015723684 9
157238460 7
015723864 9
368015724 7
386015724 7
572463801 9
572468301 9
836015724 7
572486301 9
015726348 9
401572638 9
726438015 7
726483015 7
340157268 9
726843015 7
157283460 7
015728364 9
436015728 7
572846301 9
634015728 9
728643015 7
573246801 9
573248601 9
157326480 9
157326840 9
573284601 9
157328640 9
734268015 7
734286015 7
462801573 9
468201573 9
734826015 7
486201573 9
362480157 7
362840157 7
736428015 9
736482015 9
368240157 7
736842015 9
573824601 9
157382640 9
738426015 7
846201573 9
386240157 7
738642015 9
236801574 9
238601574 9
742638015 9
742683015 9
283601574 9
742863015 9
432680157 5
432860157 9
628015743 9
682015743 9
015743826 0
862015743 9
574623801 9
574628301 9
280157463 7
820157463 7
574682301 9
320157468 7
823601574 9
748263015 9
483260157 9
620157483 9
574862301 9
201574863 7
480157623 9
840157623 9
801576243 9
015762483 9
401576283 9
015762843 9
801576324 7
401576328 7
280157634 9
820157634 9
015763824 7
201576384 9
157642380 9
157642830 9
328015764 9
382015764 9
157648230 9
832015764 9
401576823 9
015768243 9
015768324 7
201576834 9
157684230 9
320157684 9
157823460 7
015782364 9
360157824 7
578246301 9
263401578 9
782643015 7
578324601 9
157832640 9
783426015 7
462015783 9
836240157 7
783642015 9
236015784 9
784263015 9
843260157 9
620157843 9
578462301 9
201578463 7
401578623 9
015786243 9
015786324 7
201578634 9
157864230 9
320157864 9
015823467 7
158234760 7
701582364 9
015823674 9
158237460 7
015823764 9
367015824 7
376015824 7
582463701 9
582467301 9
736015824 7
582476301 9
263470158 5
015826374 0
826437015 7
826473015 7
267340158 9
826743015 7
158273460 7
015827364 9
436015827 7
582746301 9
276340158 9
827643015 7
583246701 9
583247601 9
158326470 9
158326740 9
583274601 9
158327640 9
834267015 7
834276015 7
462701583 9
467201583 9
834726015 7
476201583 9
362470158 7
362740158 7
836427015 9
836472015 9
367240158 7
836742015 9
583724601 9
158372640 9
837426015 7
746201583 9
376240158 7
837642015 9
236701584 9
237601584 9
842637015 9
842673015 9
273601584 9
842763015 9
015843267 9
601584327 9
627015843 9
672015843 9
260158437 9
762015843 9
584623701 9
584627301 9
270158463 7
720158463 7
584672301 9
320158467 7
723601584 9
847263015 9
326015847 9
620158473 9
584762301 9
201584763 7
470158623 9
740158623 9
701586243 9
015862473 9
401586273 9
015862743 9
701586324 7
401586327 7
270158634 9
720158634 9
015863724 7
201586374 9
158642370 9
158642730 9
327015864 9
372015864 9
158647230 9
732015864 9
401586723 9
015867243 9
015867324 7
201586734 9
158674230 9
320158674 9
158723460 7
015872364 9
360158724 7
587246301 9
726340158 9
872643015 7
587324601 9
158732640 9
873426015 7
462015873 9
736240158 7
873642015 9
236015874 9
874263015 9
432601587 9
620158743 9
587462301 9
201587463 7
401587623 9
015876243 9
015876324 7
201587634 9
158764230 9
320158764 9
457801623 7
458701623 7
475801623 7
478501623 7
485701623 7
487501623 7
623547801 9
623548701 9
623574801 9
623578401 9
623584701 9
623587401 9
745801623 7
748501623 7
623754801 9
623758401 9
784501623 7
623785401 9
845701623 7
847501623 7
623854701 9
623857401 9
874501623 7
623875401 9
162435780 9
162435870 9
162437580 9
162437850 9
162438570 9
162438750 9
624537801 7
624538701 7
624573801 7
624578301 7
624583701 7
624587301 7
162473580 9
162473850 9
624753801 7
624758301 7
162478350 9
624785301 7
162483570 9
162483750 9
624853701 7
624857301 7
162487350 9
624875301 7
253478016 7
253487016 7
253748016 7
253784016 7
253847016 7
253874016 7
016254378 9
701625438 9
016254738 9
301625478 9
370162548 9
730162548 9
257348016 7
257384016 7
016257438 0
016257483 0
257834016 7
843016257 9
258347016 7
258374016 7
437016258 9
301625847 7
258734016 7
430162587 9
345801627 7
348501627 7
627354801 9
627358401 9
384501627 7
627385401 9
162743580 9
162743850 9
627453801 7
627458301 7
162748350 9
627485301 7
275348016 7
275384016 7
016275438 0
016275483 0
275834016 7
430162758 7
834501627 7
627835401 9
162784350 9
627845301 7
278534016 7
543016278 9
345701628 7
347501628 7
628354701 9
628357401 9
374501628 7
628375401 9
162843570 9
162843750 9
628453701 7
628457301 7
162847350 9
628475301 7
285347016 7
285374016 7
016285437 5
547301628 3
285734016 7
016285743 0
734501628 7
628735401 9
162874350 9
628745301 7
287534016 7
754301628 9
245780163 9
245870163 9
247580163 9
247850163 9
248570163 9
248750163 9
325478016 9
325487016 9
325748016 9
325784016 9
325847016 9
325874016 9
274580163 9
274850163 9
327548016 9
327584016 9
278450163 9
327854016 9
284570163 9
284750163 9
328547016 9
328574016 9
287450163 9
328754016 9
801634257 9
016342587 9
580163427 9
850163427 9
016342857 9
501634287 9
527801634 9
528701634 9
572801634 9
578201634 9
582701634 9
587201634 9
258016347 9
501634728 7
752801634 9
758201634 9
250163478 9
785201634 9
016348257 0
016348275 0
852701634 9
857201634 9
725016348 9
875201634 9
635247801 9
635248701 9
635274801 9
635278401 9
635284701 9
635287401 9
278016354 7
287016354 7
728016354 7
782016354 7
827016354 7
872016354 7
635724801 9
635728401 9
428016357 7
482016357 7
635782401 9
842016357 7
635824701 9
635827401 9
427016358 7
472016358 7
635872401 9
742016358 7
724580163 9
724850163 9
372548016 9
372584016 9
728450163 9
372854016 9
016374258 5
501637428 9
528016374 9
582016374 9
250163748 9
852016374 9
637524801 9
637528401 9
280163754 7
820163754 7
637582401 9
420163758 7
782450163 9
378254016 9
425016378 9
520163784 9
637852401 9
201637854 7
824570163 9
824750163 9
382547016 9
382574016 9
827450163 9
382754016 9
016384257 0
016384275 0
527016384 9
572016384 9
472501638 9
752016384 9
638524701 9
638527401 9
270163854 7
720163854 7
638572401 9
420163857 7
872450163 9
387254016 9
742501638 9
520163874 9
638752401 9
201638754 7
642357801 9
642358701 9
642375801 9
642378501 9
642385701 9
642387501 9
164253780 9
164253870 9
164257380 9
164257830 9
164258370 9
164258730 9
642735801 9
642738501 9
164275380 9
164275830 9
642783501 9
164278530 9
642835701 9
642837501 9
164285370 9
164285730 9
642873501 9
164287530 9
432578016 9
432587016 9
432758016 9
432785016 9
432857016 9
432875016 9
352780164 9
352870164 9
357280164 9
357820164 9
358270164 9
358720164 9
437258016 9
437285016 9
375280164 9
375820164 9
437825016 9
378520164 9
438257016 9
438275016 9
385270164 9
385720164 9
438725016 9
387520164 9
523780164 7
523870164 7
527380164 7
527830164 7
528370164 7
528730164 7
453278016 9
453287016 9
453728016 9
453782016 9
453827016 9
453872016 9
572380164 7
572830164 7
457328016 9
457382016 9
578230164 7
457832016 9
582370164 7
582730164 7
458327016 9
458372016 9
587230164 7
458732016 9
647235801 9
647238501 9
164725380 9
164725830 9
647283501 9
164728530 9
473258016 9
473285016 9
735280164 9
735820164 9
473825016 9
738520164 9
752380164 7
752830164 7
475328016 9
475382016 9
758230164 7
475832016 9
647823501 9
164782530 9
478325016 9
783520164 9
785230164 7
478532016 9
648235701 9
648237501 9
164825370 9
164825730 9
648273501 9
164827530 9
483257016 9
483275016 9
835270164 9
835720164 9
483725016 9
837520164 9
852370164 7
852730164 7
485327016 9
485372016 9
857230164 7
485732016 9
648723501 9
164872530 9
487325016 9
873520164 9
875230164 7
487532016 9
780165234 9
870165234 9
801652374 9
016523784 9
701652384 9
016523874 9
801652437 7
701652438 7
016524738 7
165247830 7
016524837 7
165248730 7
801652734 9
016527384 9
016527438 7
165274830 7
016527834 9
165278430 7
701652834 9
016528374 9
016528437 7
165284730 7
016528734 9
165287430 7
165324780 9
165324870 9
165327480 9
165327840 9
165328470 9
165328740 9
427801653 9
428701653 9
472801653 9
478201653 9
482701653 9
487201653 9
165372480 9
165372840 9
742801653 9
748201653 9
165378240 9
784201653 9
165382470 9
165382740 9
842701653 9
847201653 9
165387240 9
874201653 9
780165423 9
870165423 9
801654273 9
016542783 9
701654283 9
016542873 9
278016543 9
287016543 9
728016543 9
782016543 9
827016543 9
872016543 9
801654723 9
016547283 9
280165473 9
820165473 9
016547823 9
201654783 9
701654823 9
016548273 9
270165483 9
720165483 9
016548723 9
201654873 9
801657234 9
016572384 9
016572438 7
165724830 7
016572834 9
165728430 7
165732480 9
165732840 9
428016573 9
482016573 9
165738240 9
842016573 9
801657423 9
016574283 9
280165743 9
820165743 9
016574823 9
201657483 9
016578234 9
165782430 7
165783240 9
420165783 9
016578423 9
201657843 9
701658234 9
016582374 9
016582437 7
165824730 7
016582734 9
165827430 7
165832470 9
165832740 9
427016583 9
472016583 9
165837240 9
742016583 9
701658423 9
016584273 9
270165843 9
720165843 9
016584723 9
201658473 9
016587234 9
165872430 7
165873240 9
420165873 9
016587423 9
201658743 9
458016723 7
485016723 7
672354801 9
672358401 9
845016723 7
672385401 9
167243580 9
167243850 9
672453801 7
672458301 7
167248350 9
672485301 7
725348016 7
725384016 7
016725438 0
016725483 0
725834016 7
016725843 0
345016728 7
672835401 9
167284350 9
672845301 7
728534016 7
728543016 9
245801673 9
248501673 9
732548016 9
732584016 9
284501673 9
732854016 9
016734258 0
016734285 0
528016734 9
582016734 9
016734825 0
852016734 9
673524801 9
673528401 9
280167354 7
820167354 7
673582401 9
420167358 7
824501673 9
738254016 9
016738425 0
520167384 9
673852401 9
201673854 7
674235801 9
674238501 9
167425380 9
167425830 9
674283501 9
167428530 9
743258016 9
743285016 9
352801674 9
358201674 9
743825016 9
385201674 9
452380167 7
452830167 7
745328016 9
745382016 9
458230167 7
745832016 9
674823501 9
167482530 9
748325016 9
835201674 9
485230167 7
748532016 9
801675234 9
016752384 9
016752438 7
167524830 7
016752834 9
167528430 7
167532480 9
167532840 9
428016753 9
482016753 9
167538240 9
842016753 9
801675423 9
016754283 9
280167543 9
820167543 9
016754823 9
201675483 9
016758234 9
167582430 7
167583240 9
420167583 9
016758423 9
201675843 9
450167823 7
678235401 9
167824350 9
678245301 7
782534016 7
825430167 7
245016783 9
783254016 9
834250167 9
520167834 9
678352401 9
201678354 7
678423501 9
167842530 9
784325016 9
352016784 9
845230167 7
784532016 9
016785234 9
167852430 7
167853240 9
420167853 9
016785423 9
201678543 9
457016823 7
475016823 7
682354701 9
682357401 9
745016823 7
682375401 9
168243570 9
168243750 9
682453701 7
682457301 7
168247350 9
682475301 7
825347016 7
825374016 7
254370168 5
254730168 9
825734016 7
016825743 0
345016827 7
682735401 9
168274350 9
682745301 7
827534016 7
275430168 9
245701683 9
247501683 9
832547016 9
832574016 9
274501683 9
832754016 9
342570168 5
016834275 0
527016834 9
572016834 9
347250168 9
752016834 9
683524701 9
683527401 9
270168354 7
720168354 7
683572401 9
420168357 7
724501683 9
837254016 9
425016837 7
520168374 9
683752401 9
201683754 7
684235701 9
684237501 9
168425370 9
168425730 9
684273501 9
168427530 9
843257016 9
843275016 9
352701684 9
357201684 9
843725016 9
375201684 9
452370168 7
452730168 7
845327016 9
845372016 9
457230168 7
845732016 9
684723501 9
168472530 9
847325016 9
735201684 9
475230168 7
847532016 9
701685234 9
016852374 9
016852437 7
168524730 7
016852734 9
168527430 7
168532470 9
168532740 9
427016853 9
472016853 9
168537240 9
742016853 9
701685423 9
016854273 9
270168543 9
720168543 9
016854723 9
201685473 9
016857234 9
168572430 7
168573240 9
420168573 9
016857423 9
201685743 9
450168723 7
687235401 9
168724350 9
687245301 7
872534016 7
016872543 0
245016873 9
873254016 9
342501687 9
520168734 9
687352401 9
201687354 7
687423501 9
168742530 9
874325016 9
352016874 9
745230168 7
874532016 9
016875234 9
168752430 7
168753240 9
420168753 9
016875423 9
201687543 9
801723456 7
601723458 7
580172346 9
850172346 9
017234856 7
501723486 9
680172354 9
860172354 9
801723564 9
017235684 9
601723584 9
017235864 9
458017236 9
485017236 9
654801723 9
658401723 9
845017236 9
685401723 9
017238456 7
501723846 9
601723854 9
017238564 9
450172386 9
865401723 9
680172435 9
860172435 9
801724365 7
501724368 7
601724385 9
017243865 7
368017245 9
386017245 9
563801724 9
568301724 9
836017245 9
586301724 9
580172463 9
850172463 9
801724653 9
017246583 9
501724683 9
017246853 9
601724835 9
017248365 7
360172485 9
856301724 9
501724863 9
017248653 9
801725346 9
017253486 9
480172536 9
840172536 9
017253846 9
401725386 9
436801725 9
438601725 9
638017254 9
683017254 9
483601725 9
863017254 9
801725634 7
401725638 7
380172564 9
830172564 9
017256834 7
301725684 9
017258346 9
401725836 9
843601725 9
630172584 9
017258634 7
301725864 9
345801726 9
348501726 9
548017263 9
584017263 9
384501726 9
854017263 9
801726435 9
017264385 9
380172645 9
830172645 9
017264835 9
301726485 9
480172653 9
840172653 9
801726543 7
301726548 7
401726583 9
017265843 7
834501726 9
540172683 9
017268435 9
301726845 9
401726853 9
017268543 7
017283456 7
501728346 9
601728354 9
017283564 9
450172836 9
654017283 9
601728435 9
017284365 7
360172845 9
563017284 9
501728463 9
017284653 9
017285346 9
401728536 9
436017285 9
630172854 9
017285634 7
301728564 9
345017286 9
540172863 9
017286435 9
301728645 9
401728653 9
017286543 7
324568017 9
324586017 9
324658017 7
324685017 7
017324856 0
324865017 7
732546801 7
732548601 7
173256480 9
173256840 9
732584601 7
173258640 9
732645801 9
732648501 9
548017326 7
584017326 7
732684501 9
854017326 7
328456017 9
328465017 7
732854601 7
173285640 9
732864501 9
654017328 7
680173425 9
860173425 9
801734265 9
017342685 9
601734285 9
017342865 9
801734526 7
601734528 7
280173456 9
820173456 9
017345826 7
201734586 9
173462580 9
173462850 9
528017346 9
582017346 9
173468250 9
852017346 9
601734825 9
017348265 9
017348526 7
201734856 9
173486250 9
520173486 9
173524680 9
173524860 9
735264801 9
735268401 9
173528460 9
735286401 9
735426801 9
735428601 9
546280173 9
546820173 9
735482601 9
548620173 9
562480173 9
562840173 9
642801735 9
648201735 9
568240173 9
684201735 9
173582460 9
735826401 9
735842601 9
584620173 9
586240173 9
864201735 9
624580173 9
624850173 9
254801736 9
258401736 9
628450173 9
285401736 9
736425801 9
736428501 9
280173645 7
820173645 7
736482501 9
520173648 7
017365248 0
017365284 0
428017365 9
482017365 9
017365824 0
842017365 9
682450173 9
825401736 9
736842501 9
201736845 7
368524017 9
420173685 9
382456017 9
382465017 7
738254601 7
173825640 9
738264501 9
540173826 7
601738425 9
017384265 9
017384526 7
201738456 9
173846250 9
520173846 9
173852460 9
738526401 9
738542601 9
854620173 9
856240173 9
642017385 9
862450173 9
254017386 9
738642501 9
201738645 7
386524017 9
420173865 9
174235680 9
174235860 9
423658017 9
423685017 9
174238560 9
017423865 0
742536801 9
742538601 9
638017425 7
683017425 7
742583601 9
863017425 7
742635801 7
742638501 7
174265380 9
174265830 9
742683501 7
174268530 9
174283560 9
428365017 9
742853601 9
563017428 7
742863501 7
174286530 9
801743256 9
017432586 9
017432658 7
174326850 7
017432856 9
174328650 7
174352680 9
174352860 9
628017435 9
682017435 9
174358260 9
862017435 9
801743625 9
017436285 9
280174365 9
820174365 9
017436825 9
201743685 9
017438256 9
174382650 7
174385260 9
620174385 9
017438625 9
201743865 9
523680174 9
523860174 9
263801745 9
268301745 9
528360174 9
286301745 9
745326801 9
745328601 9
280174536 7
820174536 7
745382601 9
620174538 7
456238017 9
456283017 9
328017456 9
382017456 9
017456823 0
832017456 9
582360174 9
826301745 9
745832601 9
201745836 7
458623017 9
320174586 9
174623580 9
174623850 9
746253801 9
746258301 9
174628350 9
746285301 9
325801746 7
328501746 7
635280174 9
635820174 9
382501746 7
638520174 9
652380174 9
652830174 9
532801746 9
538201746 9
658230174 9
583201746 9
174682350 9
746825301 9
832501746 7
683520174 9
685230174 9
853201746 9
174823560 9
236501748 7
748253601 9
630174825 7
748263501 7
174826530 9
017483256 9
174832650 7
174835260 9
620174835 9
017483625 9
201748365 9
852360174 9
263017485 9
748532601 9
201748536 7
562301748 7
320174856 9
174862350 9
748625301 9
632501748 7
863520174 9
865230174 9
532017486 9
017523468 7
175234860 7
801752364 9
017523684 9
175238460 7
017523864 9
368017524 7
386017524 7
752463801 9
752468301 9
836017524 7
752486301 9
017526348 0
017526384 0
526438017 7
526483017 7
017526834 0
526843017 7
175283460 7
017528364 9
436017528 7
752846301 9
017528634 0
528643017 7
753246801 9
753248601 9
175326480 9
175326840 9
753284601 9
175328640 9
534268017 7
534286017 7
462801753 9
468201753 9
534826017 7
486201753 9
624801753 7
628401753 7
364280175 9
364820175 9
682401753 7
368420175 9
753824601 9
175382640 9
538426017 7
846201753 9
862401753 7
386420175 9
236801754 9
238601754 9
426380175 9
426830175 9
283601754 9
428630175 9
543268017 9
543286017 9
628017543 9
682017543 9
017543826 0
862017543 9
754623801 9
754628301 9
280175463 7
820175463 7
754682301 9
320175468 7
823601754 9
482630175 9
548326017 9
620175483 9
754862301 9
201754863 7
480175623 9
840175623 9
801756243 9
017562483 9
401756283 9
017562843 9
801756324 7
401756328 7
280175634 9
820175634 9
017563824 7
201756384 9
175642380 9
175642830 9
328017564 9
382017564 9
175648230 9
832017564 9
401756823 9
017568243 9
017568324 7
201756834 9
175684230 9
320175684 9
175823460 7
017582364 9
360175824 7
758246301 9
017582634 0
582643017 7
758324601 9
175832640 9
583426017 7
462017583 9
362401758 7
836420175 9
236017584 9
842630175 9
432601758 7
620175843 9
758462301 9
201758463 7
401758623 9
017586243 9
017586324 7
201758634 9
175864230 9
320175864 9
458017623 7
485017623 7
762354801 9
762358401 9
845017623 7
762385401 9
176243580 9
176243850 9
762453801 7
762458301 7
176248350 9
762485301 7
625348017 7
625384017 7
017625438 0
017625483 0
625834017 7
017625843 0
345017628 7
762835401 9
176284350 9
762845301 7
628534017 7
285430176 7
245801763 9
248501763 9
325480176 9
325840176 9
284501763 9
328540176 9
017634258 9
634285017 5
528017634 9
582017634 9
017634825 0
852017634 9
763524801 9
763528401 9
280176354 7
820176354 7
763582401 9
420176358 7
824501763 9
382540176 9
017638425 0
520176384 9
763852401 9
201763854 7
764235801 9
764238501 9
176425380 9
176425830 9
764283501 9
176428530 9
432580176 9
432850176 9
352801764 9
358201764 9
438250176 9
385201764 9
523801764 7
528301764 7
453280176 9
453820176 9
582301764 7
458320176 9
764823501 9
176482530 9
483250176 9
835201764 9
852301764 7
485320176 9
801765234 9
017652384 9
017652438 7
176524830 7
017652834 9
176528430 7
176532480 9
176532840 9
428017653 9
482017653 9
176538240 9
842017653 9
801765423 9
017654283 9
280176543 9
820176543 9
017654823 9
201765483 9
017658234 9
176582430 7
176583240 9
420176583 9
017658423 9
201765843 9
450176823 7
768235401 9
176824350 9
768245301 7
682534017 7
682543017 9
245017683 9
832540176 9
683425017 9
520176834 9
768352401 9
201768354 7
768423501 9
176842530 9
843250176 9
352017684 9
452301768 7
845320176 9
017685234 9
176852430 7
176853240 9
420176853 9
017685423 9
201768543 9
017823456 7
501782346 9
601782354 9
017823564 9
450178236 9
654017823 9
601782435 9
017824365 7
360178245 9
563017824 9
501782463 9
017824653 9
017825346 9
401782536 9
436017825 9
630178254 9
017825634 7
301782564 9
345017826 9
540178263 9
017826435 9
301782645 9
401782653 9
017826543 7
324560178 7
832465017 7
783254601 7
178325640 9
783264501 9
540178326 7
601783425 9
017834265 9
017834526 7
201783456 9
178346250 9
520178346 9
178352460 9
783526401 9
783542601 9
546201783 9
562401783 9
642017835 9
624501783 9
254017836 9
783642501 9
201783645 7
836524017 9
420178365 9
178423560 9
423650178 9
784253601 9
630178425 7
784263501 7
178426530 9
017843256 9
178432650 7
178435260 9
620178435 9
017843625 9
201784365 9
523601784 9
263017845 9
784532601 9
201784536 7
456230178 9
320178456 9
178462350 9
784625301 9
325017846 7
635201784 9
652301784 9
532017846 9
178523460 7
017852364 9
360178524 7
785246301 9
852634017 9
852643017 7
785324601 9
178532640 9
853426017 7
462017853 9
624017853 7
364201785 9
236017854 9
426301785 9
543260178 9
620178543 9
785462301 9
201785463 7
401785623 9
017856243 9
017856324 7
201785634 9
178564230 9
320178564 9
450178623 7
786235401 9
178624350 9
786245301 7
862534017 7
862543017 9
245017863 9
325401786 9
863425017 9
520178634 9
786352401 9
201786354 7
786423501 9
178642530 9
432501786 9
352017864 9
523017864 7
453201786 9
017865234 9
178652430 7
178653240 9
420178653 9
017865423 9
201786543 9
701823456 7
601823457 7
570182346 9
750182346 9
018234756 7
501823476 9
670182354 9
760182354 9
701823564 9
018235674 9
601823574 9
018235764 9
457018236 9
475018236 9
654701823 9
657401823 9
745018236 9
675401823 9
018237456 7
501823746 9
601823754 9
018237564 9
450182376 9
765401823 9
670182435 9
760182435 9
701824365 7
501824367 7
601824375 9
018243765 7
367018245 9
376018245 9
563701824 9
567301824 9
736018245 9
576301824 9
570182463 9
750182463 9
701824653 9
018246573 9
501824673 9
018246753 9
601824735 9
018247365 7
360182475 9
756301824 9
501824763 9
018247653 9
701825346 9
018253476 9
470182536 9
740182536 9
018253746 9
401825376 9
436701825 9
437601825 9
637018254 9
673018254 9
473601825 9
763018254 9
701825634 7
401825637 7
370182564 9
730182564 9
018256734 7
301825674 9
018257346 9
401825736 9
743601825 9
630182574 9
018257634 7
301825764 9
345701826 9
347501826 9
547018263 9
574018263 9
374501826 9
754018263 9
701826435 9
018264375 9
370182645 9
730182645 9
018264735 9
301826475 9
470182653 9
740182653 9
701826543 7
301826547 7
401826573 9
018265743 7
734501826 9
540182673 9
018267435 9
301826745 9
401826753 9
018267543 7
018273456 7
501827346 9
601827354 9
018273564 9
450182736 9
654018273 9
601827435 9
018274365 7
360182745 9
563018274 9
501827463 9
018274653 9
018275346 9
401827536 9
436018275 9
630182754 9
018275634 7
301827564 9
345018276 9
540182763 9
018276435 9
301827645 9
401827653 9
018276543 7
183245670 9
018324576 0
324657018 7
324675018 7
018324756 0
324765018 7
832546701 7
832547601 7
183256470 9
183256740 9
832574601 7
183257640 9
832645701 9
832647501 9
547018326 7
574018326 7
832674501 9
754018326 7
018327456 0
327465018 7
832754601 7
183275640 9
832764501 9
654018327 7
670183425 9
760183425 9
701834265 9
018342675 9
601834275 9
018342765 9
701834526 7
601834527 7
270183456 9
720183456 9
018345726 7
201834576 9
183462570 9
183462750 9
527018346 9
572018346 9
183467250 9
752018346 9
601834725 9
018347265 9
018347526 7
201834756 9
183476250 9
520183476 9
183524670 9
183524760 9
835264701 9
835267401 9
183527460 9
835276401 9
835426701 9
835427601 9
546270183 9
546720183 9
835472601 9
547620183 9
562470183 9
562740183 9
642701835 9
647201835 9
567240183 9
674201835 9
183572460 9
835726401 9
835742601 9
574620183 9
576240183 9
764201835 9
624570183 9
624750183 9
254701836 9
257401836 9
627450183 9
275401836 9
836425701 9
836427501 9
270183645 7
720183645 7
836472501 9
520183647 7
365247018 9
401836527 4
427018365 9
472018365 9
240183657 9
742018365 9
672450183 9
725401836 9
836742501 9
201836745 7
524018367 9
420183675 9
018372456 0
372465018 7
837254601 7
183725640 9
837264501 9
540183726 7
601837425 9
018374265 9
018374526 7
201837456 9
183746250 9
520183746 9
183752460 9
837526401 9
837542601 9
754620183 9
756240183 9
642018375 9
762450183 9
254018376 9
837642501 9
201837645 7
652401837 9
420183765 9
184235670 9
184235760 9
018423657 0
018423675 0
184237560 9
018423765 0
842536701 9
842537601 9
637018425 7
673018425 7
842573601 9
763018425 7
842635701 7
842637501 7
184265370 9
184265730 9
842673501 7
184267530 9
184273560 9
018427365 0
842753601 9
563018427 7
842763501 7
184276530 9
701843256 9
018432576 9
018432657 7
184326750 7
018432756 9
184327650 7
184352670 9
184352760 9
627018435 9
672018435 9
184357260 9
762018435 9
701843625 9
018436275 9
270184365 9
720184365 9
018436725 9
201843675 9
018437256 9
184372650 7
184375260 9
620184375 9
018437625 9
201843765 9
523670184 9
523760184 9
263701845 9
267301845 9
527360184 9
276301845 9
845326701 9
845327601 9
270184536 7
720184536 7
845372601 9
620184537 7
018456237 0
018456273 0
327018456 9
372018456 9
018456723 0
732018456 9
572360184 9
726301845 9
845732601 9
201845736 7
018457623 0
320184576 9
184623570 9
184623750 9
846253701 9
846257301 9
184627350 9
846275301 9
325701846 7
327501846 7
635270184 9
635720184 9
372501846 7
637520184 9
652370184 9
652730184 9
532701846 9
537201846 9
657230184 9
573201846 9
184672350 9
846725301 9
732501846 7
673520184 9
675230184 9
753201846 9
184723560 9
018472365 0
847253601 9
630184725 7
847263501 7
184726530 9
018473256 9
184732650 7
184735260 9
620184735 9
018473625 9
201847365 9
752360184 9
263018475 9
847532601 9
201847536 7
018475623 0
320184756 9
184762350 9
847625301 9
632501847 7
763520184 9
765230184 9
532018476 9
018523467 7
185234760 7
701852364 9
018523674 9
185237460 7
018523764 9
367018524 7
376018524 7
852463701 9
852467301 9
736018524 7
852476301 9
526347018 9
018526374 0
526437018 7
526473018 7
526734018 9
526743018 7
185273460 7
018527364 9
436018527 7
852746301 9
527634018 9
527643018 7
853246701 9
853247601 9
185326470 9
185326740 9
853274601 9
185327640 9
534267018 7
534276018 7
462701853 9
467201853 9
534726018 7
476201853 9
624701853 7
627401853 7
364270185 9
364720185 9
672401853 7
367420185 9
853724601 9
185372640 9
537426018 7
746201853 9
762401853 7
376420185 9
236701854 9
237601854 9
426370185 9
426730185 9
273601854 9
427630185 9
018543267 0
018543276 0
627018543 9
672018543 9
018543726 0
762018543 9
854623701 9
854627301 9
270185463 7
720185463 7
854672301 9
320185467 7
723601854 9
472630185 9
018547326 0
620185473 9
854762301 9
201854763 7
470185623 9
740185623 9
701856243 9
018562473 9
401856273 9
018562743 9
701856324 7
401856327 7
270185634 9
720185634 9
018563724 7
201856374 9
185642370 9
185642730 9
327018564 9
372018564 9
185647230 9
732018564 9
401856723 9
018567243 9
018567324 7
201856734 9
185674230 9
320185674 9
185723460 7
018572364 9
360185724 7
857246301 9
263401857 7
572643018 7
857324601 9
185732640 9
573426018 7
462018573 9
362401857 7
736420185 9
236018574 9
742630185 9
018574326 0
620185743 9
857462301 9
201857463 7
401857623 9
018576243 9
018576324 7
201857634 9
185764230 9
320185764 9
457018623 7
475018623 7
862354701 9
862357401 9
745018623 7
862375401 9
186243570 9
186243750 9
862453701 7
862457301 7
186247350 9
862475301 7
625347018 7
625374018 7
625437018 9
625473018 9
625734018 7
018625743 0
345018627 7
862735401 9
186274350 9
862745301 7
627534018 7
543018627 6
245701863 9
247501863 9
325470186 9
325740186 9
274501863 9
327540186 9
634257018 9
018634275 0
527018634 9
572018634 9
250186347 5
752018634 9
863524701 9
863527401 9
270186354 7
720186354 7
863572401 9
420186357 7
724501863 9
372540186 9
425018637 9
520186374 9
863752401 9
201863754 7
864235701 9
864237501 9
186425370 9
186425730 9
864273501 9
186427530 9
432570186 9
432750186 9
352701864 9
357201864 9
437250186 9
375201864 9
523701864 7
527301864 7
453270186 9
453720186 9
572301864 7
457320186 9
864723501 9
186472530 9
473250186 9
735201864 9
752301864 7
475320186 9
701865234 9
018652374 9
018652437 7
186524730 7
018652734 9
186527430 7
186532470 9
186532740 9
427018653 9
472018653 9
186537240 9
742018653 9
701865423 9
018654273 9
270186543 9
720186543 9
018654723 9
201865473 9
018657234 9
186572430 7
186573240 9
420186573 9
018657423 9
201865743 9
450186723 7
867235401 9
186724350 9
867245301 7
672534018 7
254301867 9
245018673 9
732540186 9
342501867 9
520186734 9
867352401 9
201867354 7
867423501 9
186742530 9
743250186 9
352018674 9
452301867 7
745320186 9
018675234 9
186752430 7
186753240 9
420186753 9
018675423 9
201867543 9
018723456 7
501872346 9
601872354 9
018723564 9
450187236 9
654018723 9
601872435 9
018724365 7
360187245 9
563018724 9
501872463 9
018724653 9
018725346 9
401872536 9
436018725 9
630187254 9
018725634 7
301872564 9
345018726 9
540187263 9
018726435 9
301872645 9
401872653 9
018726543 7
732456018 9
732465018 7
873254601 7
187325640 9
873264501 9
540187326 7
601873425 9
018734265 9
018734526 7
201873456 9
187346250 9
520187346 9
187352460 9
873526401 9
873542601 9
546201873 9
562401873 9
642018735 9
624501873 9
254018736 9
873642501 9
201873645 7
365240187 9
420187365 9
187423560 9
742365018 9
874253601 9
630187425 7
874263501 7
187426530 9
018743256 9
187432650 7
187435260 9
620187435 9
018743625 9
201874365 9
523601874 9
263018745 9
874532601 9
201874536 7
745623018 9
320187456 9
187462350 9
874625301 9
325018746 7
635201874 9
652301874 9
532018746 9
187523460 7
018752364 9
360187524 7
875246301 9
526340187 9
752643018 7
875324601 9
187532640 9
753426018 7
462018753 9
624018753 7
364201875 9
236018754 9
426301875 9
754326018 9
620187543 9
875462301 9
201875463 7
401875623 9
018756243 9
018756324 7
201875634 9
187564230 9
320187564 9
450187623 7
876235401 9
187624350 9
876245301 7
762534018 7
625430187 9
245018763 9
325401876 9
634250187 9
520187634 9
876352401 9
201876354 7
876423501 9
187642530 9
432501876 9
352018764 9
523018764 7
453201876 9
018765234 9
187652430 7
187653240 9
420187653 9
018765423 9
201876543 9
678021345 9
687021345 9
768021345 9
786021345 9
867021345 9
876021345 9
780213465 9
870213465 9
802134675 9
021346785 9
702134685 9
021346875 9
680213475 9
860213475 9
802134765 9
021347685 9
602134785 9
021347865 9
670213485 9
760213485 9
702134865 9
021348675 9
602134875 9
021348765 9
467802135 9
468702135 9
476802135 9
478602135 9
486702135 9
487602135 9
478021356 7
487021356 7
748021356 7
784021356 7
847021356 7
874021356 7
746802135 9
748602135 9
648021357 7
684021357 7
784602135 9
864021357 7
846702135 9
847602135 9
647021358 7
674021358 7
874602135 9
764021358 7
645780213 9
645870213 9
647580213 9
647850213 9
648570213 9
648750213 9
547802136 9
548702136 9
574802136 9
578402136 9
584702136 9
587402136 9
674580213 9
674850213 9
754802136 9
758402136 9
678450213 9
785402136 9
684570213 9
684750213 9
854702136 9
857402136 9
687450213 9
875402136 9
680213745 9
860213745 9
802137465 9
021374685 9
602137485 9
021374865 9
468021375 9
486021375 9
480213756 7
840213756 7
846021375 9
640213758 7
764580213 9
764850213 9
548021376 9
584021376 9
768450213 9
854021376 9
602137845 9
021378465 9
460213785 9
402137856 7
786450213 9
540213786 9
670213845 9
760213845 9
702138465 9
021384675 9
602138475 9
021384765 9
467021385 9
476021385 9
470213856 7
740213856 7
746021385 9
640213857 7
864570213 9
864750213 9
547021386 9
574021386 9
867450213 9
754021386 9
602138745 9
021387465 9
460213875 9
402138756 7
876450213 9
540213876 9
780214356 9
870214356 9
802143576 9
021435786 9
702143586 9
021435876 9
578021436 9
587021436 9
758021436 9
785021436 9
857021436 9
875021436 9
802143756 9
021437586 9
580214376 9
850214376 9
021437856 9
502143786 9
702143856 9
021438576 9
570214386 9
750214386 9
021438756 9
502143876 9
536780214 9
536870214 9
537680214 9
537860214 9
538670214 9
538760214 9
637802145 9
638702145 9
673802145 9
678302145 9
683702145 9
687302145 9
573680214 9
573860214 9
763802145 9
768302145 9
578360214 9
786302145 9
583670214 9
583760214 9
863702145 9
867302145 9
587360214 9
876302145 9
780214635 7
870214635 7
580214637 7
850214637 7
570214638 7
750214638 7
378021465 9
387021465 9
738021465 9
783021465 9
837021465 9
873021465 9
802146735 7
502146738 7
380214675 9
830214675 9
021467835 7
302146785 9
702146835 7
502146837 7
370214685 9
730214685 9
021468735 7
302146875 9
802147356 9
021473586 9
580214736 9
850214736 9
021473856 9
502147386 9
753680214 9
753860214 9
638021475 9
683021475 9
758360214 9
863021475 9
802147635 7
502147638 7
380214765 9
830214765 9
021476835 7
302147685 9
021478356 9
502147836 9
785360214 9
630214785 9
021478635 7
302147865 9
702148356 9
021483576 9
570214836 9
750214836 9
021483756 9
502148376 9
853670214 9
853760214 9
637021485 9
673021485 9
857360214 9
763021485 9
702148635 7
502148637 7
370214865 9
730214865 9
021486735 7
302148675 9
021487356 9
502148736 9
875360214 9
630214875 9
021487635 7
302148765 9
678021534 7
687021534 7
768021534 7
786021534 7
867021534 7
876021534 7
647802153 9
648702153 9
674802153 9
678402153 9
684702153 9
687402153 9
468021537 7
486021537 7
764802153 9
768402153 9
846021537 7
786402153 9
467021538 7
476021538 7
864702153 9
867402153 9
746021538 7
876402153 9
367802154 9
368702154 9
376802154 9
378602154 9
386702154 9
387602154 9
463780215 9
463870215 9
467380215 9
467830215 9
468370215 9
468730215 9
736802154 9
738602154 9
476380215 9
476830215 9
783602154 9
478630215 9
836702154 9
837602154 9
486370215 9
486730215 9
873602154 9
487630215 9
478021563 9
487021563 9
748021563 9
784021563 9
847021563 9
874021563 9
780215643 9
870215643 9
802156473 9
021564783 9
702156483 9
021564873 9
480215673 9
840215673 9
802156743 9
021567483 9
402156783 9
021567843 9
470215683 9
740215683 9
702156843 9
021568473 9
402156873 9
021568743 9
680215734 7
860215734 7
648021573 9
684021573 9
460215738 7
864021573 9
368021574 9
386021574 9
746380215 9
746830215 9
836021574 9
748630215 9
480215763 9
840215763 9
802157643 9
021576483 9
402157683 9
021576843 9
602157834 7
640215783 9
360215784 9
784630215 9
402157863 9
021578643 9
670215834 7
760215834 7
647021583 9
674021583 9
460215837 7
764021583 6
367021584 9
376021584 9
846370215 9
846730215 9
736021584 9
847630215 9
470215863 9
740215863 9
702158643 9
021586473 9
402158673 9
021586743 9
602158734 7
873640215 3
360215874 9
874630215 9
402158763 9
021587643 9
457802163 9
458702163 9
475802163 9
478502163 9
485702163 9
487502163 9
354780216 9
354870216 9
357480216 9
357840216 9
358470216 9
358740216 9
745802163 9
748502163 9
375480216 9
375840216 9
784502163 9
378540216 9
845702163 9
847502163 9
385470216 9
385740216 9
874502163 9
387540216 9
578021643 9
587021643 9
758021643 9
785021643 9
857021643 9
875021643 9
780216453 7
870216453 7
380216457 7
830216457 7
370216458 7
730216458 7
580216473 9
850216473 9
802164753 7
302164758 7
502164783 9
021647853 7
570216483 9
750216483 9
702164853 7
302164857 7
502164873 9
021648753 7
780216534 9
870216534 9
802165374 9
021653784 9
702165384 9
021653874 9
378021654 9
387021654 9
738021654 9
783021654 9
837021654 9
873021654 9
802165734 9
021657384 9
380216574 9
830216574 9
021657834 9
302165784 9
702165834 9
021658374 9
370216584 9
730216584 9
021658734 9
302165874 9
458021673 9
485021673 9
735480216 9
735840216 9
845021673 9
738540216 9
580216743 9
850216743 9
802167453 7
302167458 7
502167483 9
021674853 7
802167534 9
021675384 9
380216754 9
830216754 9
021675834 9
302167584 9
450216783 9
783540216 9
502167843 9
021678453 7
021678534 9
302167854 9
457021683 9
475021683 9
835470216 9
835740216 9
745021683 9
837540216 9
570216843 9
750216843 9
702168453 7
302168457 7
502168473 9
021684753 7
702168534 9
021685374 9
370216854 9
730216854 9
021685734 9
302168574 9
450216873 9
873540216 9
502168743 9
021687453 7
021687534 9
302168754 9
680217345 9
860217345 9
802173465 9
021734685 9
602173485 9
021734865 9
468021735 9
486021735 9
480217356 7
840217356 7
846021735 9
640217358 7
645802173 9
648502173 9
548021736 9
584021736 9
684502173 9
854021736 9
602173845 9
021738465 9
460217385 9
402173856 7
864502173 9
540217386 9
802174356 9
021743586 9
580217436 9
850217436 9
021743856 9
502174386 9
536802174 9
538602174 9
638021745 9
683021745 9
583602174 9
863021745 9
802174635 7
502174638 7
380217465 9
830217465 9
021746835 7
302174685 9
021748356 9
502174836 9
853602174 9
630217485 9
021748635 7
302174865 9
680217534 7
860217534 7
648021753 9
684021753 9
460217538 7
864021753 9
368021754 9
386021754 9
463802175 9
468302175 9
836021754 9
486302175 9
480217563 9
840217563 9
802175643 9
021756483 9
402175683 9
021756843 9
602175834 7
640217583 9
360217584 9
846302175 9
402175863 9
021758643 9
458021763 9
485021763 9
354802176 9
358402176 9
845021763 9
385402176 9
580217643 9
850217643 9
802176453 7
302176458 7
502176483 9
021764853 7
802176534 9
021765384 9
380217654 9
830217654 9
021765834 9
302176584 9
450217683 9
835402176 9
502176843 9
021768453 7
021768534 9
302176854 9
602178345 9
021783465 9
460217835 9
402178356 7
645021783 9
540217836 9
021784356 9
502178436 9
536021784 9
630217845 9
021784635 7
302178465 9
602178534 7
640217853 9
360217854 9
463021785 9
402178563 9
021785643 9
450217863 9
354021786 9
502178643 9
021786453 7
021786534 9
302178654 9
670218345 9
760218345 9
702183465 9
021834675 9
602183475 9
021834765 9
467021835 9
476021835 9
470218356 7
740218356 7
746021835 9
640218357 7
645702183 9
647502183 9
547021836 9
574021836 9
674502183 9
754021836 9
602183745 9
021837465 9
460218375 9
402183756 7
764502183 9
540218376 9
702184356 9
021843576 9
570218436 9
750218436 9
021843756 9
502184376 9
536702184 9
537602184 9
637021845 9
673021845 9
573602184 9
763021845 9
702184635 7
502184637 7
370218465 9
730218465 9
021846735 7
302184675 9
021847356 9
502184736 9
753602184 9
630218475 9
021847635 7
302184765 9
670218534 7
760218534 7
647021853 9
674021853 9
460218537 7
764021853 9
367021854 9
376021854 9
463702185 9
467302185 9
736021854 9
476302185 9
470218563 9
740218563 9
702185643 9
021856473 9
402185673 9
021856743 9
602185734 7
640218573 9
360218574 9
746302185 9
402185763 9
021857643 9
457021863 9
475021863 9
354702186 9
357402186 9
745021863 9
375402186 9
570218643 9
750218643 9
702186453 7
302186457 7
502186473 9
021864753 7
702186534 9
021865374 9
370218654 9
730218654 9
021865734 9
302186574 9
450218673 9
735402186 9
502186743 9
021867453 7
021867534 9
302186754 9
602187345 9
021873465 9
460218735 9
402187356 7
645021873 9
540218736 9
021874356 9
502187436 9
536021874 9
630218745 9
021874635 7
302187465 9
602187534 7
640218753 9
360218754 9
463021875 9
402187563 9
021875643 9
450218763 9
354021876 9
502187643 9
021876453 7
021876534 9
302187654 9
314567802 7
314568702 7
314576802 7
314578602 7
314586702 7
314587602 7
231465780 9
231465870 9
231467580 9
231467850 9
231468570 9
231468750 9
314756802 7
314758602 7
231476580 9
231476850 9
314785602 7
231478650 9
314856702 7
314857602 7
231486570 9
231486750 9
314875602 7
231487650 9
802315467 9
023154687 9
680231547 9
860231547 9
023154867 9
602315487 9
231564780 9
231564870 9
231567480 9
231567840 9
231568470 9
231568740 9
468023157 9
602315748 7
231576480 9
231576840 9
460231578 9
231578640 9
023158467 0
023158476 0
231586470 9
231586740 9
746023158 9
231587640 9
164578023 9
164587023 9
164758023 9
164785023 9
164857023 9
164875023 9
316547802 9
316548702 9
316574802 9
316578402 9
316584702 9
316587402 9
167458023 9
167485023 9
316754802 9
316758402 9
167845023 9
316785402 9
168457023 9
168475023 9
316854702 9
316857402 9
168745023 9
316875402 9
317456802 7
317458602 7
231746580 9
231746850 9
317485602 7
231748650 9
023175468 5
548602317 3
231756480 9
231756840 9
023175846 0
231758640 9
176458023 9
176485023 9
317654802 9
317658402 9
176845023 9
317685402 9
317845602 7
231784650 9
854602317 9
231785640 9
178645023 9
317865402 9
318456702 7
318457602 7
231846570 9
231846750 9
318475602 7
231847650 9
023185467 0
023185476 0
231856470 9
231856740 9
460231857 7
231857640 9
186457023 9
186475023 9
318654702 9
318657402 9
186745023 9
318675402 9
318745602 7
231874650 9
546023187 9
231875640 9
187645023 9
318765402 9
234156780 9
234156870 9
234157680 9
234157860 9
234158670 9
234158760 9
341657802 9
341658702 9
341675802 9
341678502 9
341685702 9
341687502 9
234175680 9
234175860 9
341765802 9
341768502 9
234178560 9
341786502 9
234185670 9
234185760 9
341865702 9
341867502 9
234187560 9
341876502 9
516780234 7
516870234 7
517680234 7
517860234 7
518670234 7
518760234 7
456178023 9
456187023 9
456718023 9
456781023 9
456817023 9
456871023 9
571680234 7
571860234 7
457618023 9
457681023 9
578160234 7
457861023 9
581670234 7
581760234 7
458617023 9
458671023 9
587160234 7
458761023 9
461578023 7
461587023 7
461758023 7
461785023 7
461857023 7
461875023 7
651780234 9
651870234 9
657180234 9
657810234 9
658170234 9
658710234 9
467158023 7
467185023 7
675180234 9
675810234 9
467815023 7
678510234 9
468157023 7
468175023 7
685170234 9
685710234 9
468715023 7
687510234 9
234715680 9
234715860 9
347165802 9
347168502 9
234718560 9
347186502 9
751680234 7
751860234 7
475618023 9
475681023 9
758160234 7
475861023 9
476158023 7
476185023 7
765180234 9
765810234 9
476815023 7
768510234 9
234781560 9
347816502 9
785160234 7
478561023 9
478615023 7
786510234 9
234815670 9
234815760 9
348165702 9
348167502 9
234817560 9
348176502 9
851670234 7
851760234 7
485617023 9
485671023 9
857160234 7
485761023 9
486157023 7
486175023 7
865170234 9
865710234 9
486715023 7
867510234 9
234871560 9
348716502 9
875160234 7
487561023 9
487615023 7
876510234 9
802351467 7
702351468 7
023514768 7
235147860 7
023514867 7
235148760 7
780235164 9
870235164 9
802351674 9
023516784 9
702351684 9
023516874 9
023517468 7
235174860 7
802351764 9
023517684 9
235178460 7
023517864 9
023518467 7
235184760 7
702351864 9
023518674 9
235187460 7
023518764 9
780235416 9
870235416 9
802354176 9
023541786 9
702354186 9
023541876 9
178023546 9
187023546 9
718023546 9
781023546 9
817023546 9
871023546 9
802354716 9
023547186 9
180235476 9
810235476 9
023547816 9
102354786 9
702354816 9
023548176 9
170235486 9
710235486 9
023548716 9
102354876 9
235614780 9
235614870 9
235617480 9
235617840 9
235618470 9
235618740 9
417802356 9
418702356 9
471802356 9
478102356 9
481702356 9
487102356 9
235671480 9
235671840 9
741802356 9
748102356 9
235678140 9
784102356 9
235681470 9
235681740 9
841702356 9
847102356 9
235687140 9
874102356 9
023571468 7
235714860 7
802357164 9
023571684 9
235718460 7
023571864 9
802357416 9
023574186 9
180235746 9
810235746 9
023574816 9
102357486 9
235761480 9
235761840 9
418023576 9
481023576 9
235768140 9
841023576 9
235781460 7
023578164 9
023578416 9
102357846 9
235786140 9
410235786 9
023581467 7
235814760 7
702358164 9
023581674 9
235817460 7
023581764 9
702358416 9
023584176 9
170235846 9
710235846 9
023584716 9
102358476 9
235861470 9
235861740 9
417023586 9
471023586 9
235867140 9
741023586 9
235871460 7
023587164 9
023587416 9
102358746 9
235876140 9
410235876 9
145780236 7
145870236 7
147580236 7
147850236 7
148570236 7
148750236 7
615478023 9
615487023 9
615748023 9
615784023 9
615847023 9
615874023 9
174580236 7
174850236 7
617548023 9
617584023 9
178450236 7
617854023 9
184570236 7
184750236 7
618547023 9
618574023 9
187450236 7
618754023 9
802364157 9
023641587 9
580236417 9
850236417 9
023641857 9
502364187 9
517802364 7
518702364 7
571802364 7
578102364 7
581702364 7
587102364 7
158023647 9
502364718 7
751802364 7
758102364 7
150236478 9
785102364 7
023648157 0
023648175 0
851702364 7
857102364 7
715023648 9
875102364 7
365147802 9
365148702 9
365174802 9
365178402 9
365184702 9
365187402 9
541780236 9
541870236 9
547180236 9
547810236 9
548170236 9
548710236 9
365714802 9
365718402 9
574180236 9
574810236 9
365781402 9
578410236 9
365814702 9
365817402 9
584170236 9
584710236 9
365871402 9
587410236 9
714580236 7
714850236 7
671548023 9
671584023 9
718450236 7
671854023 9
023674158 5
418502367 3
451802367 7
458102367 7
023674815 0
485102367 7
367514802 9
367518402 9
754180236 9
754810236 9
367581402 9
758410236 9
781450236 7
678154023 9
841502367 9
845102367 7
367851402 9
785410236 9
814570236 7
814750236 7
681547023 9
681574023 9
817450236 7
681754023 9
023684157 0
023684175 0
451702368 7
457102368 7
150236847 7
475102368 7
368514702 9
368517402 9
854170236 9
854710236 9
368571402 9
857410236 9
871450236 7
687154023 9
415023687 9
745102368 7
368751402 9
875410236 9
371456802 7
371458602 7
237146580 9
237146850 9
371485602 7
237148650 9
154680237 5
154860237 9
237156480 9
237156840 9
023715846 0
237158640 9
716458023 9
716485023 9
371654802 9
371658402 9
716845023 9
371685402 9
371845602 7
237184650 9
185460237 9
237185640 9
718645023 9
371865402 9
237415680 9
237415860 9
374165802 9
374168502 9
237418560 9
374186502 9
451680237 7
451860237 7
745618023 9
745681023 9
458160237 7
745861023 9
746158023 7
746185023 7
651802374 9
658102374 9
746815023 7
685102374 9
237481560 9
374816502 9
485160237 7
748561023 9
748615023 7
865102374 9
023751468 7
237514860 7
802375164 9
023751684 9
237518460 7
023751864 9
802375416 9
023754186 9
180237546 9
810237546 9
023754816 9
102375486 9
237561480 9
237561840 9
418023756 9
481023756 9
237568140 9
841023756 9
237581460 7
023758164 9
023758416 9
102375846 9
237586140 9
410237586 9
614580237 7
614850237 7
761548023 9
761584023 9
618450237 7
761854023 9
641580237 5
641850237 9
518023764 7
581023764 7
023764815 0
851023764 7
376514802 9
376518402 9
541802376 9
548102376 9
376581402 9
584102376 9
681450237 7
768154023 9
684150237 9
451023768 7
376851402 9
854102376 9
378145602 7
237814650 9
815460237 9
237815640 9
781645023 9
378165402 9
237841560 9
378416502 9
845160237 7
784561023 9
784615023 7
651023784 9
237851460 7
023785164 9
023785416 9
102378546 9
237856140 9
410237856 9
861450237 7
786154023 9
864150237 9
510237864 7
378651402 9
541023786 9
381456702 7
381457602 7
238146570 9
238146750 9
381475602 7
238147650 9
023815467 9
602381547 9
238156470 9
238156740 9
460238157 9
238157640 9
816457023 9
816475023 9
381654702 9
381657402 9
816745023 9
381675402 9
381745602 7
238174650 9
546023817 9
238175640 9
817645023 9
381765402 9
238415670 9
238415760 9
384165702 9
384167502 9
238417560 9
384176502 9
451670238 7
451760238 7
845617023 9
845671023 9
457160238 7
845761023 9
846157023 7
846175023 7
651702384 9
657102384 9
846715023 7
675102384 9
238471560 9
384716502 9
475160238 7
847561023 9
847615023 7
765102384 9
023851467 7
238514760 7
702385164 9
023851674 9
238517460 7
023851764 9
702385416 9
023854176 9
170238546 9
710238546 9
023854716 9
102385476 9
238561470 9
238561740 9
417023856 9
471023856 9
238567140 9
741023856 9
238571460 7
023857164 9
023857416 9
102385746 9
238576140 9
410238576 9
614570238 7
614750238 7
861547023 9
861574023 9
617450238 7
861754023 9
023864157 9
502386417 9
517023864 7
571023864 7
150238647 9
751023864 7
386514702 9
386517402 9
541702386 9
547102386 9
386571402 9
574102386 9
671450238 7
867154023 9
415023867 9
451023867 7
386751402 9
754102386 9
387145602 7
238714650 9
154602387 9
238715640 9
871645023 9
387165402 9
238741560 9
387416502 9
745160238 7
874561023 9
874615023 7
651023874 9
238751460 7
023875164 9
023875416 9
102387546 9
238756140 9
410238756 9
761450238 7
876154023 9
641502387 9
510238764 7
387651402 9
541023876 9
802413567 7
702413568 7
024135768 7
241357860 7
024135867 7
241358760 7
780241365 9
870241365 9
802413675 9
024136785 9
702413685 9
024136875 9
024137568 7
241375860 7
802413765 9
024137685 9
241378560 7
024137865 9
024138567 7
241385760 7
702413865 9
024138675 9
241387560 7
024138765 9
367802415 7
368702415 7
376802415 7
378602415 7
386702415 7
387602415 7
415637802 9
415638702 9
415673802 9
415678302 9
415683702 9
415687302 9
736802415 7
738602415 7
415763802 9
415768302 9
783602415 7
415786302 9
836702415 7
837602415 7
415863702 9
415867302 9
873602415 7
415876302 9
802416357 9
024163587 9
580241637 9
850241637 9
024163857 9
502416387 9
165378024 7
165387024 7
165738024 7
165783024 7
165837024 7
165873024 7
358024167 9
502416738 7
167538024 7
167583024 7
350241678 9
167853024 7
024168357 0
024168375 0
168537024 7
168573024 7
735024168 9
168753024 7
024173568 7
241735860 7
802417365 9
024173685 9
241738560 7
024173865 9
536802417 7
538602417 7
417563802 9
417568302 9
583602417 7
417586302 9
024176358 5
638502417 3
176538024 7
176583024 7
024176835 0
176853024 7
241783560 7
024178365 9
853602417 7
417856302 9
863502417 9
178653024 7
024183567 7
241835760 7
702418365 9
024183675 9
241837560 7
024183765 9
536702418 7
537602418 7
418563702 9
418567302 9
573602418 7
418576302 9
024186357 0
024186375 0
186537024 7
186573024 7
350241867 7
186753024 7
241873560 7
024187365 9
753602418 7
418756302 9
635024187 9
187653024 7
431567802 9
431568702 9
431576802 9
431578602 9
431586702 9
431587602 9
243165780 9
243165870 9
243167580 9
243167850 9
243168570 9
243168750 9
431756802 9
431758602 9
243176580 9
243176850 9
431785602 9
243178650 9
431856702 9
431857602 9
243186570 9
243186750 9
431875602 9
243187650 9
351678024 9
351687024 9
351768024 9
351786024 9
351867024 9
351876024 9
561780243 9
561870243 9
567180243 9
567810243 9
568170243 9
568710243 9
357168024 9
357186024 9
576180243 9
576810243 9
357816024 9
578610243 9
358167024 9
358176024 9
586170243 9
586710243 9
358716024 9
587610243 9
436157802 9
436158702 9
436175802 9
436178502 9
436185702 9
436187502 9
365178024 9
365187024 9
365718024 9
365781024 9
365817024 9
365871024 9
436715802 9
436718502 9
367518024 9
367581024 9
436781502 9
367851024 9
436815702 9
436817502 9
368517024 9
368571024 9
436871502 9
368751024 9
437156802 9
437158602 9
243716580 9
243716850 9
437185602 9
243718650 9
375168024 9
375186024 9
756180243 9
756810243 9
375816024 9
758610243 9
437615802 9
437618502 9
376518024 9
376581024 9
437681502 9
376851024 9
437815602 9
243781650 9
378516024 9
785610243 9
437861502 9
378651024 9
438156702 9
438157602 9
243816570 9
243816750 9
438175602 9
243817650 9
385167024 9
385176024 9
856170243 9
856710243 9
385716024 9
857610243 9
438615702 9
438617502 9
386517024 9
386571024 9
438671502 9
386751024 9
438715602 9
243871650 9
387516024 9
875610243 9
438761502 9
387651024 9
136780245 9
136870245 9
137680245 9
137860245 9
138670245 9
138760245 9
516378024 9
516387024 9
516738024 9
516783024 9
516837024 9
516873024 9
173680245 9
173860245 9
517638024 9
517683024 9
178360245 9
517863024 9
183670245 9
183760245 9
518637024 9
518673024 9
187360245 9
518763024 9
802453167 9
024531687 9
680245317 9
860245317 9
024531867 9
602453187 9
617802453 7
618702453 7
671802453 7
678102453 7
681702453 7
687102453 7
168024537 9
602453718 7
761802453 7
768102453 7
160245378 9
786102453 7
024538167 0
024538176 0
861702453 7
867102453 7
716024538 9
876102453 7
456137802 7
456138702 7
456173802 7
456178302 7
456183702 7
456187302 7
631780245 9
631870245 9
637180245 9
637810245 9
638170245 9
638710245 9
456713802 7
456718302 7
673180245 9
673810245 9
456781302 7
678310245 9
456813702 7
456817302 7
683170245 9
683710245 9
456871302 7
687310245 9
713680245 9
713860245 9
571638024 9
571683024 9
718360245 9
571863024 9
024573168 5
318602457 3
361802457 7
368102457 7
024573816 0
386102457 7
457613802 7
457618302 7
763180245 9
763810245 9
457681302 7
768310245 9
781360245 9
578163024 9
831602457 9
836102457 7
457861302 7
786310245 9
813670245 9
813760245 9
581637024 9
581673024 9
817360245 9
581763024 9
024583167 0
024583176 0
361702458 7
367102458 7
160245837 7
376102458 7
458613702 7
458617302 7
863170245 9
863710245 9
458671302 7
867310245 9
871360245 9
587163024 9
316024587 9
736102458 7
458761302 7
876310245 9
802461357 7
702461358 7
024613758 7
246137850 7
024613857 7
246138750 7
780246153 9
870246153 9
802461573 9
024615783 9
702461583 9
024615873 9
024617358 7
246173850 7
802461753 9
024617583 9
246178350 7
024617853 9
024618357 7
246183750 7
702461853 9
024618573 9
246187350 7
024618753 9
780246315 3
870246315 9
463175802 6
024631785 9
702463185 9
024631875 9
178024635 9
187024635 9
718024635 9
781024635 9
817024635 9
871024635 9
802463715 9
024637185 9
180246375 9
810246375 9
024637815 9
102463785 9
702463815 9
024638175 9
170246385 9
710246385 9
024638715 9
102463875 9
246513780 9
246513870 9
246517380 9
246517830 9
246518370 9
246518730 9
317802465 9
318702465 9
371802465 9
378102465 9
381702465 9
387102465 9
246571380 9
246571830 9
731802465 9
738102465 9
246578130 9
783102465 9
246581370 9
246581730 9
831702465 9
837102465 9
246587130 9
873102465 9
024671358 7
246713850 7
802467153 9
024671583 9
246718350 7
024671853 9
802467315 9
024673185 9
180246735 9
810246735 9
024673815 9
102467385 9
246751380 9
246751830 9
318024675 9
381024675 9
246758130 9
831024675 9
246781350 7
024678153 9
024678315 9
102467835 9
246785130 9
310246785 9
024681357 7
246813750 7
702468153 9
024681573 9
246817350 7
024681753 9
702468315 9
024683175 9
170246835 9
710246835 9
024683715 9
102468375 9
246851370 9
246851730 9
317024685 9
371024685 9
246857130 9
731024685 9
246871350 7
024687153 9
024687315 9
102468735 9
246875130 9
310246875 9
024713568 7
247135860 7
802471365 9
024713685 9
247138560 7
024713865 9
368024715 7
386024715 7
471563802 9
471568302 9
836024715 7
471586302 9
163580247 5
163850247 9
716538024 7
716583024 7
024716835 0
716853024 7
247183560 7
024718365 9
536024718 7
471856302 9
186350247 9
718653024 7
473156802 9
473158602 9
247316580 9
247316850 9
473185602 9
247318650 9
735168024 9
735186024 9
561802473 9
568102473 9
735816024 9
586102473 9
473615802 9
473618502 9
736518024 9
736581024 9
473681502 9
736851024 9
473815602 9
247381650 9
738516024 9
856102473 9
473861502 9
738651024 9
136802475 9
138602475 9
751638024 9
751683024 9
183602475 9
751863024 9
531680247 5
531860247 9
618024753 7
681024753 7
024753816 0
861024753 7
475613802 7
475618302 7
631802475 9
638102475 9
475681302 7
683102475 9
813602475 9
758163024 9
583160247 9
361024758 7
475861302 7
863102475 9
024761358 7
247613850 7
802476153 9
024761583 9
247618350 7
024761853 9
802476315 9
024763185 9
180247635 9
810247635 9
024763815 9
102476385 9
247651380 9
247651830 9
318024765 9
381024765 9
247658130 9
831024765 9
247681350 7
024768153 9
024768315 9
102476835 9
247685130 9
310247685 9
247813560 7
024781365 9
360247815 7
478156302 9
816350247 9
781653024 7
478315602 9
247831650 9
783516024 9
561024783 9
478361502 9
783651024 9
136024785 9
785163024 9
853160247 9
610247853 7
478561302 7
631024785 9
247861350 7
024786153 9
024786315 9
102478635 9
247865130 9
310247865 9
024813567 7
248135760 7
702481365 9
024813675 9
248137560 7
024813765 9
367024815 7
376024815 7
481563702 9
481567302 9
736024815 7
481576302 9
024816357 9
502481637 9
816537024 7
816573024 7
350248167 9
816753024 7
248173560 7
024817365 9
536024817 7
481756302 9
635024817 9
817653024 7
483156702 9
483157602 9
248316570 9
248316750 9
483175602 9
248317650 9
835167024 9
835176024 9
561702483 9
567102483 9
835716024 9
576102483 9
483615702 9
483617502 9
836517024 9
836571024 9
483671502 9
836751024 9
483715602 9
248371650 9
837516024 9
756102483 9
483761502 9
837651024 9
136702485 9
137602485 9
851637024 9
851673024 9
173602485 9
851763024 9
024853167 9
602485317 9
617024853 7
671024853 7
160248537 9
761024853 7
485613702 7
485617302 7
631702485 9
637102485 9
485671302 7
673102485 9
713602485 9
857163024 9
316024857 9
361024857 7
485761302 7
763102485 9
024861357 7
248613750 7
702486153 9
024861573 9
248617350 7
024861753 9
702486315 9
024863175 9
170248635 9
710248635 9
024863715 9
102486375 9
248651370 9
248651730 9
317024865 9
371024865 9
248657130 9
731024865 9
248671350 7
024867153 9
024867315 9
102486735 9
248675130 9
310248675 9
248713560 7
024871365 9
360248715 7
487156302 9
163502487 9
871653024 7
487315602 9
248731650 9
873516024 9
561024873 9
487361502 9
873651024 9
136024875 9
875163024 9
531602487 9
610248753 7
487561302 7
631024875 9
248761350 7
024876153 9
024876315 9
102487635 9
248765130 9
310248765 9
134678025 7
134687025 7
134768025 7
134786025 7
134867025 7
134876025 7
802513647 9
025136487 9
025136748 7
402513678 9
025136847 0
740251368 9
137468025 7
137486025 7
648025137 3
025137684 0
137846025 7
864025137 9
138467025 7
138476025 7
025138647 0
402513867 7
138746025 7
640251387 9
514367802 9
514368702 9
514376802 9
514378602 9
514386702 9
514387602 9
637802514 7
638702514 7
673802514 7
678302514 7
683702514 7
687302514 7
514736802 9
514738602 9
763802514 7
768302514 7
514783602 9
786302514 7
514836702 9
514837602 9
863702514 7
867302514 7
514873602 9
876302514 7
516347802 7
516348702 7
516374802 7
516378402 7
516384702 7
516387402 7
251643780 9
251643870 9
251647380 9
251647830 9
251648370 9
251648730 9
516734802 7
516738402 7
251674380 9
251674830 9
516783402 7
251678430 9
516834702 7
516837402 7
251684370 9
251684730 9
516873402 7
251687430 9
173468025 7
173486025 7
364802517 9
025173684 0
173846025 7
386402517 9
517436802 9
517438602 9
463802517 7
468302517 7
517483602 9
486302517 7
517634802 7
517638402 7
251764380 9
251764830 9
517683402 7
251768430 9
178346025 7
025178364 0
517843602 9
846302517 7
517863402 7
251786430 9
183467025 7
183476025 7
025183647 0
025183674 0
183746025 7
837640251 9
518436702 9
518437602 9
463702518 7
467302518 7
518473602 9
476302518 7
518634702 7
518637402 7
251864370 9
251864730 9
518673402 7
251867430 9
187346025 7
736402518 7
518743602 9
746302518 7
518763402 7
251876430 9
780253146 9
870253146 9
802531476 9
025314786 9
702531486 9
025314876 9
802531647 7
702531648 7
025316748 7
253167840 7
025316847 7
253168740 7
802531746 9
025317486 9
025317648 7
253176840 7
025317846 9
253178640 7
702531846 9
025318476 9
025318647 7
253186740 7
025318746 9
253187640 7
253416780 9
253416870 9
253417680 9
253417860 9
253418670 9
253418760 9
617802534 9
618702534 9
671802534 9
678102534 9
681702534 9
687102534 9
253471680 9
253471860 9
761802534 9
768102534 9
253478160 9
786102534 9
253481670 9
253481760 9
861702534 9
867102534 9
253487160 9
876102534 9
780253614 9
870253614 9
802536174 9
025361784 9
702536184 9
025361874 9
178025364 9
187025364 9
718025364 9
781025364 9
817025364 9
871025364 9
802536714 9
025367184 9
180253674 9
810253674 9
025367814 9
102536784 9
702536814 9
025368174 9
170253684 9
710253684 9
025368714 9
102536874 9
802537146 9
025371486 9
025371648 7
253716840 7
025371846 9
253718640 7
253741680 9
253741860 9
618025374 9
681025374 9
253748160 9
861025374 9
802537614 9
025376184 9
180253764 9
810253764 9
025376814 9
102537684 9
025378146 9
253781640 7
253784160 9
610253784 9
025378614 9
102537864 9
702538146 9
025381476 9
025381647 7
253816740 7
025381746 9
253817640 7
253841670 9
253841760 9
617025384 9
671025384 9
253847160 9
761025384 9
702538614 9
025386174 9
170253864 9
710253864 9
025386714 9
102538674 9
025387146 9
253871640 7
253874160 9
610253874 9
025387614 9
102538764 9
413678025 9
413687025 9
413768025 9
413786025 9
413867025 9
413876025 9
163780254 9
163870254 9
167380254 9
167830254 9
168370254 9
168730254 9
417368025 9
417386025 9
176380254 9
176830254 9
417836025 9
178630254 9
418367025 9
418376025 9
186370254 9
186730254 9
418736025 9
187630254 9
543167802 9
543168702 9
543176802 9
543178602 9
543186702 9
543187602 9
361780254 9
361870254 9
367180254 9
367810254 9
368170254 9
368710254 9
543716802 9
543718602 9
376180254 9
376810254 9
543781602 9
378610254 9
543816702 9
543817602 9
386170254 9
386710254 9
543871602 9
387610254 9
802546137 9
025461387 9
380254617 9
830254617 9
025461837 9
302546187 9
317802546 7
318702546 7
371802546 7
378102546 7
381702546 7
387102546 7
138025467 9
302546718 7
731802546 7
738102546 7
130254678 9
783102546 7
025468137 0
025468173 0
831702546 7
837102546 7
713025468 9
873102546 7
471368025 9
471386025 9
716380254 9
716830254 9
471836025 9
718630254 9
547316802 9
547318602 9
736180254 9
736810254 9
547381602 9
738610254 9
025476138 5
618302547 3
631802547 7
638102547 7
025476813 0
683102547 7
478136025 9
781630254 9
547831602 9
783610254 9
861302547 9
863102547 7
481367025 9
481376025 9
816370254 9
816730254 9
481736025 9
817630254 9
548316702 9
548317602 9
836170254 9
836710254 9
548371602 9
837610254 9
025486137 0
025486173 0
631702548 7
637102548 7
130254867 7
673102548 7
487136025 9
871630254 9
548731602 9
873610254 9
613025487 9
763102548 7
256134780 9
256134870 9
256137480 9
256137840 9
256138470 9
256138740 9
561437802 9
561438702 9
561473802 9
561478302 9
561483702 9
561487302 9
256173480 9
256173840 9
561743802 9
561748302 9
256178340 9
561784302 9
256183470 9
256183740 9
561843702 9
561847302 9
256187340 9
561874302 9
314780256 7
314870256 7
317480256 7
317840256 7
318470256 7
318740256 7
634178025 9
634187025 9
634718025 9
634781025 9
634817025 9
634871025 9
371480256 7
371840256 7
637418025 9
637481025 9
378140256 7
637841025 9
381470256 7
381740256 7
638417025 9
638471025 9
387140256 7
638741025 9
641378025 9
641387025 9
641738025 9
641783025 9
641837025 9
641873025 9
431780256 9
431870256 9
437180256 9
437810256 9
438170256 9
438710256 9
647138025 9
647183025 9
473180256 9
473810256 9
647813025 9
478310256 9
648137025 9
648173025 9
483170256 9
483710256 9
648713025 9
487310256 9
256713480 9
256713840 9
567143802 9
567148302 9
256718340 9
567184302 9
731480256 7
731840256 7
673418025 9
673481025 9
738140256 7
673841025 9
674138025 9
674183025 9
743180256 9
743810256 9
674813025 9
748310256 9
256781340 9
567814302 9
783140256 7
678341025 9
678413025 9
784310256 9
256813470 9
256813740 9
568143702 9
568147302 9
256817340 9
568174302 9
831470256 7
831740256 7
683417025 9
683471025 9
837140256 7
683741025 9
684137025 9
684173025 9
843170256 9
843710256 9
684713025 9
847310256 9
256871340 9
568714302 9
873140256 7
687341025 9
687413025 9
874310256 9
713468025 7
713486025 7
136480257 9
025713684 0
713846025 7
640257138 6
571436802 9
571438602 9
638025714 7
683025714 7
571483602 9
863025714 7
571634802 7
571638402 7
257164380 9
257164830 9
571683402 7
257168430 9
718346025 7
364025718 9
571843602 9
463025718 7
571863402 7
257186430 9
802573146 9
025731486 9
025731648 7
257316840 7
025731846 9
257318640 7
257341680 9
257341860 9
618025734 9
681025734 9
257348160 9
861025734 9
802573614 9
025736184 9
180257364 9
810257364 9
025736814 9
102573684 9
025738146 9
257381640 7
257384160 9
610257384 9
025738614 9
102573864 9
741368025 9
741386025 9
163802574 9
168302574 9
741836025 9
186302574 9
574316802 9
574318602 9
361802574 9
368102574 9
574381602 9
386102574 9
461380257 5
461830257 9
318025746 7
381025746 7
025746813 0
831025746 7
748136025 9
816302574 9
574831602 9
836102574 9
486130257 9
631025748 7
257613480 9
257613840 9
576143802 9
576148302 9
257618340 9
576184302 9
631480257 7
631840257 7
763418025 9
763481025 9
638140257 7
763841025 9
764138025 9
764183025 9
431802576 9
438102576 9
764813025 9
483102576 9
257681340 9
576814302 9
683140257 7
768341025 9
768413025 9
843102576 9
781346025 7
136402578 9
578143602 9
630257814 7
578163402 7
257816430 9
025783146 9
257831640 7
257834160 9
610257834 9
025783614 9
102578364 9
784136025 9
163025784 9
578431602 9
361025784 9
846130257 9
310257846 7
257861340 9
578614302 9
863140257 7
786341025 9
786413025 9
431025786 9
813467025 7
813476025 7
025813647 0
025813674 0
813746025 7
376402581 7
581436702 9
581437602 9
637025814 7
673025814 7
581473602 9
763025814 7
581634702 7
581637402 7
258164370 9
258164730 9
581673402 7
258167430 9
817346025 7
173640258 9
581743602 9
463025817 7
581763402 7
258176430 9
702583146 9
025831476 9
025831647 7
258316740 7
025831746 9
258317640 7
258341670 9
258341760 9
617025834 9
671025834 9
258347160 9
761025834 9
702583614 9
025836174 9
170258364 9
710258364 9
025836714 9
102583674 9
025837146 9
258371640 7
258374160 9
610258374 9
025837614 9
102583764 9
841367025 9
841376025 9
163702584 9
167302584 9
841736025 9
176302584 9
584316702 9
584317602 9
361702584 9
367102584 9
584371602 9
376102584 9
025846137 9
302584617 9
317025846 7
371025846 7
130258467 9
731025846 7
847136025 9
716302584 9
584731602 9
736102584 9
613025847 9
631025847 7
258613470 9
258613740 9
586143702 9
586147302 9
258617340 9
586174302 9
631470258 7
631740258 7
863417025 9
863471025 9
637140258 7
863741025 9
864137025 9
864173025 9
431702586 9
437102586 9
864713025 9
473102586 9
258671340 9
586714302 9
673140258 7
867341025 9
867413025 9
743102586 9
871346025 7
713640258 9
587143602 9
630258714 7
587163402 7
258716430 9
025873146 9
258731640 7
258734160 9
610258734 9
025873614 9
102587364 9
874136025 9
163025874 9
587431602 9
361025874 9
461302587 9
310258746 7
258761340 9
587614302 9
763140258 7
876341025 9
876413025 9
431025876 9
613457802 9
613458702 9
613475802 9
613478502 9
613485702 9
613487502 9
547802613 7
548702613 7
574802613 7
578402613 7
584702613 7
587402613 7
613745802 9
613748502 9
754802613 7
758402613 7
613784502 9
785402613 7
613845702 9
613847502 9
854702613 7
857402613 7
613874502 9
875402613 7
143578026 7
143587026 7
143758026 7
143785026 7
143857026 7
143875026 7
802614537 9
026145387 9
380261457 9
830261457 9
026145837 9
302614587 9
147358026 7
147385026 7
538026147 9
302614758 7
147835026 7
530261478 9
148357026 7
148375026 7
026148537 0
026148573 0
148735026 7
753026148 9
261534780 9
261534870 9
261537480 9
261537840 9
261538470 9
261538740 9
615437802 7
615438702 7
615473802 7
615478302 7
615483702 7
615487302 7
261573480 9
261573840 9
615743802 7
615748302 7
261578340 9
615784302 7
261583470 9
261583740 9
615843702 7
615847302 7
261587340 9
615874302 7
617345802 9
617348502 9
354802617 7
358402617 7
617384502 9
385402617 7
174358026 7
174385026 7
026174538 5
458302617 3
174835026 7
026174853 0
261753480 9
261753840 9
617543802 7
617548302 7
261758340 9
617584302 7
617834502 9
835402617 7
178435026 7
845302617 9
261785340 9
617854302 7
618345702 9
618347502 9
354702618 7
357402618 7
618374502 9
375402618 7
184357026 7
184375026 7
026184537 0
026184573 0
184735026 7
530261847 7
261853470 9
261853740 9
618543702 7
618547302 7
261857340 9
618574302 7
618734502 9
735402618 7
187435026 7
453026187 9
261875340 9
618754302 7
314578026 9
314587026 9
314758026 9
314785026 9
314857026 9
314875026 9
154780263 9
154870263 9
157480263 9
157840263 9
158470263 9
158740263 9
317458026 9
317485026 9
175480263 9
175840263 9
317845026 9
178540263 9
318457026 9
318475026 9
185470263 9
185740263 9
318745026 9
187540263 9
634157802 7
634158702 7
634175802 7
634178502 7
634185702 7
634187502 7
451780263 9
451870263 9
457180263 9
457810263 9
458170263 9
458710263 9
634715802 7
634718502 7
475180263 9
475810263 9
634781502 7
478510263 9
634815702 7
634817502 7
485170263 9
485710263 9
634871502 7
487510263 9
802635147 9
026351487 9
480263517 9
840263517 9
026351847 9
402635187 9
417802635 7
418702635 7
471802635 7
478102635 7
481702635 7
487102635 7
148026357 9
402635718 7
741802635 7
748102635 7
140263578 9
784102635 7
026358147 0
026358174 0
841702635 7
847102635 7
714026358 9
874102635 7
371458026 9
371485026 9
715480263 9
715840263 9
371845026 9
718540263 9
637415802 7
637418502 7
745180263 9
745810263 9
637481502 7
748510263 9
026375148 5
518402637 3
541802637 7
548102637 7
026375814 0
584102637 7
378145026 9
781540263 9
637841502 7
784510263 9
851402637 9
854102637 7
381457026 9
381475026 9
815470263 9
815740263 9
381745026 9
817540263 9
638415702 7
638417502 7
845170263 9
845710263 9
638471502 7
847510263 9
026385147 0
026385174 0
541702638 7
547102638 7
140263857 7
574102638 7
387145026 9
871540263 9
638741502 7
874510263 9
514026387 9
754102638 7
780264135 9
870264135 9
802641375 9
026413785 9
702641385 9
026413875 9
378026415 9
387026415 9
738026415 9
783026415 9
837026415 9
873026415 9
802641735 9
026417385 9
380264175 9
830264175 9
026417835 9
302641785 9
702641835 9
026418375 9
370264185 9
730264185 9
026418735 9
302641875 9
264315780 9
264315870 9
264317580 9
264317850 9
264318570 9
264318750 9
517802643 9
518702643 9
571802643 9
578102643 9
581702643 9
587102643 9
264371580 9
264371850 9
751802643 9
758102643 9
264378150 9
785102643 9
264381570 9
264381750 9
851702643 9
857102643 9
264387150 9
875102643 9
780264513 7
870264513 7
380264517 7
830264517 7
370264518 7
730264518 7
178026453 9
187026453 9
718026453 9
781026453 9
817026453 9
871026453 9
802645713 7
302645718 7
180264573 9
810264573 9
026457813 7
102645783 9
702645813 7
302645817 7
170264583 9
710264583 9
026458713 7
102645873 9
802647135 9
026471385 9
380264715 9
830264715 9
026471835 9
302647185 9
264731580 9
264731850 9
518026473 9
581026473 9
264738150 9
851026473 9
802647513 7
302647518 7
180264753 9
810264753 9
026475813 7
102647583 9
026478135 9
302647815 9
264783150 9
510264783 9
026478513 7
102647853 9
702648135 9
026481375 9
370264815 9
730264815 9
026481735 9
302648175 9
264831570 9
264831750 9
517026483 9
571026483 9
264837150 9
751026483 9
702648513 7
302648517 7
170264853 9
710264853 9
026485713 7
102648573 9
026487135 9
302648715 9
264873150 9
510264873 9
026487513 7
102648753 9
651347802 9
651348702 9
651374802 9
651378402 9
651384702 9
651387402 9
265143780 9
265143870 9
265147380 9
265147830 9
265148370 9
265148730 9
651734802 9
651738402 9
265174380 9
265174830 9
651783402 9
265178430 9
651834702 9
651837402 9
265184370 9
265184730 9
651873402 9
265187430 9
531478026 9
531487026 9
531748026 9
531784026 9
531847026 9
531874026 9
341780265 9
341870265 9
347180265 9
347810265 9
348170265 9
348710265 9
537148026 9
537184026 9
374180265 9
374810265 9
537814026 9
378410265 9
538147026 9
538174026 9
384170265 9
384710265 9
538714026 9
387410265 9
413780265 7
413870265 7
417380265 7
417830265 7
418370265 7
418730265 7
543178026 9
543187026 9
543718026 9
543781026 9
543817026 9
543871026 9
471380265 7
471830265 7
547318026 9
547381026 9
478130265 7
547831026 9
481370265 7
481730265 7
548317026 9
548371026 9
487130265 7
548731026 9
657134802 9
657138402 9
265714380 9
265714830 9
657183402 9
265718430 9
573148026 9
573184026 9
734180265 9
734810265 9
573814026 9
738410265 9
741380265 7
741830265 7
574318026 9
574381026 9
748130265 7
574831026 9
657813402 9
265781430 9
578314026 9
783410265 9
784130265 7
578431026 9
658134702 9
658137402 9
265814370 9
265814730 9
658173402 9
265817430 9
583147026 9
583174026 9
834170265 9
834710265 9
583714026 9
837410265 9
841370265 7
841730265 7
584317026 9
584371026 9
847130265 7
584731026 9
658713402 9
265871430 9
587314026 9
873410265 9
874130265 7
587431026 9
671345802 9
671348502 9
548026713 7
584026713 7
671384502 9
854026713 7
714358026 7
714385026 7
145380267 5
145830267 9
714835026 7
026714853 0
267153480 9
267153840 9
671543802 7
671548302 7
267158340 9
671584302 7
671834502 9
354026718 7
718435026 7
184530267 9
267185340 9
671854302 7
731458026 9
731485026 9
154802673 9
158402673 9
731845026 9
185402673 9
673415802 7
673418502 7
451802673 9
458102673 9
673481502 7
485102673 9
351480267 5
351840267 9
418026735 7
481026735 7
026735814 0
841026735 7
738145026 9
815402673 9
673841502 7
845102673 9
385140267 9
541026738 7
802674135 9
026741385 9
380267415 9
830267415 9
026741835 9
302674185 9
267431580 9
267431850 9
518026743 9
581026743 9
267438150 9
851026743 9
802674513 7
302674518 7
180267453 9
810267453 9
026745813 7
102674583 9
026748135 9
302674815 9
267483150 9
510267483 9
026748513 7
102674853 9
675134802 9
675138402 9
267514380 9
267514830 9
675183402 9
267518430 9
753148026 9
753184026 9
341802675 9
348102675 9
753814026 9
384102675 9
541380267 7
541830267 7
754318026 9
754381026 9
548130267 7
754831026 9
675813402 9
267581430 9
758314026 9
834102675 9
584130267 7
758431026 9
678134502 9
540267813 7
781435026 7
814530267 9
267815340 9
678154302 7
783145026 9
154026783 9
678341502 7
451026783 9
835140267 9
410267835 7
026784135 9
302678415 9
267843150 9
510267843 9
026784513 7
102678453 9
678513402 9
267851430 9
785314026 9
341026785 9
854130267 7
785431026 9
681345702 9
681347502 9
547026813 7
574026813 7
681374502 9
754026813 7
814357026 7
814375026 7
026814537 9
302681457 9
814735026 7
530268147 9
268153470 9
268153740 9
681543702 7
681547302 7
268157340 9
681574302 7
681734502 9
354026817 7
817435026 7
453026817 9
268175340 9
681754302 7
831457026 9
831475026 9
154702683 9
157402683 9
831745026 9
175402683 9
683415702 7
683417502 7
451702683 9
457102683 9
683471502 7
475102683 9
026835147 9
402683517 9
417026835 7
471026835 7
140268357 9
741026835 7
837145026 9
715402683 9
683741502 7
745102683 9
514026837 9
541026837 7
702684135 9
026841375 9
370268415 9
730268415 9
026841735 9
302684175 9
268431570 9
268431750 9
517026843 9
571026843 9
268437150 9
751026843 9
702684513 7
302684517 7
170268453 9
710268453 9
026845713 7
102684573 9
026847135 9
302684715 9
268473150 9
510268473 9
026847513 7
102684753 9
685134702 9
685137402 9
268514370 9
268514730 9
685173402 9
268517430 9
853147026 9
853174026 9
341702685 9
347102685 9
853714026 9
374102685 9
541370268 7
541730268 7
854317026 9
854371026 9
547130268 7
854731026 9
685713402 9
268571430 9
857314026 9
734102685 9
574130268 7
857431026 9
687134502 9
540268713 7
871435026 7
145302687 9
268715340 9
687154302 7
873145026 9
154026873 9
687341502 7
451026873 9
351402687 9
410268735 7
026874135 9
302687415 9
268743150 9
510268743 9
026874513 7
102687453 9
687513402 9
268751430 9
875314026 9
341026875 9
754130268 7
875431026 9
680271345 9
860271345 9
802713465 9
027134685 9
602713485 9
027134865 9
468027135 9
486027135 9
480271356 7
840271356 7
846027135 9
640271358 7
645802713 9
648502713 9
548027136 9
584027136 9
684502713 9
854027136 9
602713845 9
027138465 9
460271385 9
402713856 7
864502713 9
540271386 9
802714356 9
027143586 9
580271436 9
850271436 9
027143856 9
502714386 9
536802714 9
538602714 9
638027145 9
683027145 9
583602714 9
863027145 9
802714635 7
502714638 7
380271465 9
830271465 9
027146835 7
302714685 9
027148356 9
502714836 9
853602714 9
630271485 9
027148635 7
302714865 9
680271534 7
860271534 7
648027153 9
684027153 9
460271538 7
864027153 9
368027154 9
386027154 9
463802715 9
468302715 9
836027154 9
486302715 9
480271563 9
840271563 9
802715643 9
027156483 9
402715683 9
027156843 9
602715834 7
640271583 9
360271584 9
846302715 9
402715863 9
027158643 9
458027163 9
485027163 9
354802716 9
358402716 9
845027163 9
385402716 9
580271643 9
850271643 9
802716453 7
302716458 7
502716483 9
027164853 7
802716534 9
027165384 9
380271654 9
830271654 9
027165834 9
302716584 9
450271683 9
835402716 9
502716843 9
027168453 7
027168534 9
302716854 9
602718345 9
027183465 9
460271835 9
402718356 7
645027183 9
540271836 9
027184356 9
502718436 9
536027184 9
630271845 9
027184635 7
302718465 9
602718534 7
640271853 9
360271854 9
463027185 9
402718563 9
027185643 9
450271863 9
354027186 9
502718643 9
027186453 7
027186534 9
302718654 9
731456802 7
731458602 7
273146580 9
273146850 9
731485602 7
273148650 9
315468027 9
315486027 9
273156480 9
273156840 9
027315846 0
273158640 9
164580273 9
164850273 9
731654802 9
731658402 9
168450273 9
731685402 9
731845602 7
273184650 9
318546027 9
273185640 9
186450273 9
731865402 9
273415680 9
273415860 9
734165802 9
734168502 9
273418560 9
734186502 9
516802734 7
518602734 7
456180273 9
456810273 9
581602734 7
458610273 9
346158027 7
346185027 7
651802734 9
658102734 9
346815027 7
685102734 9
273481560 9
734816502 9
851602734 7
485610273 9
348615027 7
865102734 9
027351468 7
273514860 7
802735164 9
027351684 9
273518460 7
027351864 9
802735416 9
027354186 9
180273546 9
810273546 9
027354816 9
102735486 9
273561480 9
273561840 9
418027356 9
481027356 9
273568140 9
841027356 9
273581460 7
027358164 9
027358416 9
102735846 9
273586140 9
410273586 9
145802736 7
148502736 7
615480273 9
615840273 9
184502736 7
618540273 9
364158027 9
364185027 9
518027364 7
581027364 7
027364815 0
851027364 7
736514802 9
736518402 9
541802736 9
548102736 9
736581402 9
584102736 9
814502736 7
681540273 9
368415027 9
451027368 7
736851402 9
854102736 9
738145602 7
273814650 9
154602738 7
273815640 9
816450273 9
738165402 9
273841560 9
738416502 9
451602738 7
845610273 9
384615027 7
651027384 9
273851460 7
027385164 9
027385416 9
102738546 9
273856140 9
410273856 9
614502738 7
861540273 9
641502738 7
510273864 7
738651402 9
541027386 9
027413568 7
274135860 7
802741365 9
027413685 9
274138560 7
027413865 9
368027415 7
386027415 7
741563802 9
741568302 9
836027415 7
741586302 9
416358027 9
416385027 9
416538027 7
416583027 7
027416835 0
416853027 7
274183560 7
027418365 9
536027418 7
741856302 9
418635027 9
418653027 7
743156802 9
743158602 9
274316580 9
274316850 9
743185602 9
274318650 9
351680274 9
351860274 9
561802743 9
568102743 9
358160274 9
586102743 9
743615802 9
743618502 9
365180274 9
365810274 9
743681502 9
368510274 9
743815602 9
274381650 9
385160274 9
856102743 9
743861502 9
386510274 9
136802745 9
138602745 9
516380274 9
516830274 9
183602745 9
518630274 9
453168027 9
453186027 9
618027453 7
681027453 7
027453816 0
861027453 7
745613802 7
745618302 7
631802745 9
638102745 9
745681302 7
683102745 9
813602745 9
581630274 9
458316027 9
361027458 7
745861302 7
863102745 9
027461358 7
274613850 7
802746153 9
027461583 9
274618350 7
027461853 9
802746315 9
027463185 9
180274635 9
810274635 9
027463815 9
102746385 9
274651380 9
274651830 9
318027465 9
381027465 9
274658130 9
831027465 9
274681350 7
027468153 9
027468315 9
102746835 9
274685130 9
310274685 9
274813560 7
027481365 9
360274815 7
748156302 9
163502748 7
481653027 7
748315602 9
274831650 9
835160274 9
561027483 9
748361502 9
836510274 9
136027485 9
851630274 9
531602748 7
610274853 7
748561302 7
631027485 9
274861350 7
027486153 9
027486315 9
102748635 9
274865130 9
310274865 9
513468027 7
513486027 7
513648027 9
027513684 0
513846027 7
027513864 0
751436802 9
751438602 9
638027514 7
683027514 7
751483602 9
863027514 7
751634802 7
751638402 7
275164380 9
275164830 9
751683402 7
275168430 9
518346027 7
027518364 0
751843602 9
463027518 7
751863402 7
275186430 9
802753146 9
027531486 9
027531648 7
275316840 7
027531846 9
275318640 7
275341680 9
275341860 9
618027534 9
681027534 9
275348160 9
861027534 9
802753614 9
027536184 9
180275364 9
810275364 9
027536814 9
102753684 9
027538146 9
275381640 7
275384160 9
610275384 9
027538614 9
102753864 9
413680275 9
413860275 9
163802754 9
168302754 9
418360275 9
186302754 9
754316802 9
754318602 9
361802754 9
368102754 9
754381602 9
386102754 9
546138027 9
546183027 9
318027546 7
381027546 7
027546813 0
831027546 7
481360275 9
816302754 9
754831602 9
836102754 9
548613027 9
631027548 7
275613480 9
275613840 9
756143802 9
756148302 9
275618340 9
756184302 9
314802756 7
318402756 7
634180275 9
634810275 9
381402756 7
638410275 9
641380275 9
641830275 9
431802756 9
438102756 9
648130275 9
483102756 9
275681340 9
756814302 9
831402756 7
683410275 9
684130275 9
843102756 9
581346027 7
027581364 0
758143602 9
630275814 7
758163402 7
275816430 9
027583146 9
275831640 7
275834160 9
610275834 9
027583614 9
102758364 9
841360275 9
163027584 9
758431602 9
361027584 9
461302758 7
310275846 7
275861340 9
758614302 9
631402758 7
863410275 9
864130275 9
431027586 9
761345802 9
761348502 9
548027613 7
584027613 7
761384502 9
854027613 7
614358027 7
614385027 7
614538027 9
614583027 9
614835027 7
027614853 0
276153480 9
276153840 9
761543802 7
761548302 7
276158340 9
761584302 7
761834502 9
354027618 7
618435027 7
618453027 9
276185340 9
761854302 7
314580276 9
314850276 9
154802763 9
158402763 9
318450276 9
185402763 9
763415802 7
763418502 7
451802763 9
458102763 9
763481502 7
485102763 9
635148027 9
635184027 9
418027635 7
481027635 7
027635814 0
841027635 7
381450276 9
815402763 9
763841502 7
845102763 9
638514027 9
541027638 7
802764135 9
027641385 9
380276415 9
830276415 9
027641835 9
302764185 9
276431580 9
276431850 9
518027643 9
581027643 9
276438150 9
851027643 9
802764513 7
302764518 7
180276453 9
810276453 9
027645813 7
102764583 9
027648135 9
302764815 9
276483150 9
510276483 9
027648513 7
102764853 9
765134802 9
765138402 9
276514380 9
276514830 9
765183402 9
276518430 9
531480276 9
531840276 9
341802765 9
348102765 9
538140276 9
384102765 9
413802765 7
418302765 7
543180276 9
543810276 9
481302765 7
548310276 9
765813402 9
276581430 9
583140276 9
834102765 9
841302765 7
584310276 9
768134502 9
540276813 7
681435027 7
145302768 7
276815340 9
768154302 7
831450276 9
154027683 9
768341502 7
451027683 9
351402768 7
410276835 7
027684135 9
302768415 9
276843150 9
510276843 9
027684513 7
102768453 9
768513402 9
276851430 9
853140276 9
341027685 9
541302768 7
854310276 9
602781345 9
027813465 9
460278135 9
402781356 7
645027813 9
540278136 9
027814356 9
502781436 9
536027814 9
630278145 9
027814635 7
302781465 9
602781534 7
640278153 9
360278154 9
463027815 9
402781563 9
027815643 9
450278163 9
354027816 9
502781643 9
027816453 7
027816534 9
302781654 9
783145602 7
278314650 9
315460278 9
278315640 9
164502783 9
783165402 9
278341560 9
783416502 9
516027834 7
456102783 9
834615027 7
651027834 9
278351460 7
027835164 9
027835416 9
102783546 9
278356140 9
410278356 9
145027836 7
615402783 9
364150278 9
510278364 7
783651402 9
541027836 9
278413560 7
027841365 9
360278415 7
784156302 9
416350278 9
841653027 7
784315602 9
278431650 9
351602784 9
561027843 9
784361502 9
365102784 9
136027845 9
516302784 9
453160278 9
610278453 7
784561302 7
631027845 9
278461350 7
027846153 9
027846315 9
102784635 9
278465130 9
310278465 9
851346027 7
851364027 9
785143602 9
630278514 7
785163402 7
278516430 9
027853146 9
278531640 7
278534160 9
610278534 9
027853614 9
102785364 9
413602785 9
163027854 9
785431602 9
361027854 9
546130278 9
310278546 7
278561340 9
785614302 9
314027856 7
634102785 9
641302785 9
431027856 9
786134502 9
540278613 7
861435027 7
614530278 9
278615340 9
786154302 7
314502786 9
154027863 9
786341502 7
451027863 9
635140278 9
410278635 7
027864135 9
302786415 9
278643150 9
510278643 9
027864513 7
102786453 9
786513402 9
278651430 9
531402786 9
341027865 9
413027865 7
543102786 9
670281345 9
760281345 9
702813465 9
028134675 9
602813475 9
028134765 9
467028135 9
476028135 9
470281356 7
740281356 7
746028135 9
640281357 7
645702813 9
647502813 9
547028136 9
574028136 9
674502813 9
754028136 9
602813745 9
028137465 9
460281375 9
402813756 7
764502813 9
540281376 9
702814356 9
028143576 9
570281436 9
750281436 9
028143756 9
502814376 9
536702814 9
537602814 9
637028145 9
673028145 9
573602814 9
763028145 9
702814635 7
502814637 7
370281465 9
730281465 9
028146735 7
302814675 9
028147356 9
502814736 9
753602814 9
630281475 9
028147635 7
302814765 9
670281534 7
760281534 7
647028153 9
674028153 9
460281537 7
764028153 9
367028154 9
376028154 9
463702815 9
467302815 9
736028154 9
476302815 9
470281563 9
740281563 9
702815643 9
028156473 9
402815673 9
028156743 9
602815734 7
640281573 9
360281574 9
746302815 9
402815763 9
028157643 9
457028163 9
475028163 9
354702816 9
357402816 9
745028163 9
375402816 9
570281643 9
750281643 9
702816453 7
302816457 7
502816473 9
028164753 7
702816534 9
028165374 9
370281654 9
730281654 9
028165734 9
302816574 9
450281673 9
735402816 9
502816743 9
028167453 7
028167534 9
302816754 9
602817345 9
028173465 9
460281735 9
402817356 7
645028173 9
540281736 9
028174356 9
502817436 9
536028174 9
630281745 9
028174635 7
302817465 9
602817534 7
640281753 9
360281754 9
463028175 9
402817563 9
028175643 9
450281763 9
354028176 9
502817643 9
028176453 7
028176534 9
302817654 9
831456702 7
831457602 7
283146570 9
283146750 9
831475602 7
283147650 9
028315467 0
028315476 0
283156470 9
283156740 9
028315746 0
283157640 9
164570283 9
164750283 9
831654702 9
831657402 9
167450283 9
831675402 9
831745602 7
283174650 9
028317546 0
283175640 9
176450283 9
831765402 9
283415670 9
283415760 9
834165702 9
834167502 9
283417560 9
834176502 9
516702834 7
517602834 7
456170283 9
456710283 9
571602834 7
457610283 9
346157028 7
346175028 7
651702834 9
657102834 9
346715028 7
675102834 9
283471560 9
834716502 9
751602834 7
475610283 9
347615028 7
765102834 9
028351467 7
283514760 7
702835164 9
028351674 9
283517460 7
028351764 9
702835416 9
028354176 9
170283546 9
710283546 9
028354716 9
102835476 9
283561470 9
283561740 9
417028356 9
471028356 9
283567140 9
741028356 9
283571460 7
028357164 9
028357416 9
102835746 9
283576140 9
410283576 9
145702836 7
147502836 7
615470283 9
615740283 9
174502836 7
617540283 9
028364157 0
028364175 0
517028364 7
571028364 7
028364715 0
751028364 7
836514702 9
836517402 9
541702836 9
547102836 9
836571402 9
574102836 9
714502836 7
671540283 9
028367415 0
451028367 7
836751402 9
754102836 9
837145602 7
283714650 9
028371546 0
283715640 9
716450283 9
837165402 9
283741560 9
837416502 9
451602837 7
745610283 9
374615028 7
651028374 9
283751460 7
028375164 9
028375416 9
102837546 9
283756140 9
410283756 9
614502837 7
761540283 9
028376415 0
510283764 7
837651402 9
541028376 9
028413567 7
284135760 7
702841365 9
028413675 9
284137560 7
028413765 9
367028415 7
376028415 7
841563702 9
841567302 9
736028415 7
841576302 9
028416357 0
028416375 0
416537028 7
416573028 7
028416735 0
416753028 7
284173560 7
028417365 9
536028417 7
841756302 9
028417635 0
417653028 7
843156702 9
843157602 9
284316570 9
284316750 9
843175602 9
284317650 9
351670284 9
351760284 9
561702843 9
567102843 9
357160284 9
576102843 9
843615702 9
843617502 9
365170284 9
365710284 9
843671502 9
367510284 9
843715602 9
284371650 9
375160284 9
756102843 9
843761502 9
376510284 9
136702845 9
137602845 9
516370284 9
516730284 9
173602845 9
517630284 9
028453167 0
028453176 0
617028453 7
671028453 7
028453716 0
761028453 7
845613702 7
845617302 7
631702845 9
637102845 9
845671302 7
673102845 9
713602845 9
571630284 9
028457316 0
361028457 7
845761302 7
763102845 9
028461357 7
284613750 7
702846153 9
028461573 9
284617350 7
028461753 9
702846315 9
028463175 9
170284635 9
710284635 9
028463715 9
102846375 9
284651370 9
284651730 9
317028465 9
371028465 9
284657130 9
731028465 9
284671350 7
028467153 9
028467315 9
102846735 9
284675130 9
310284675 9
284713560 7
028471365 9
360284715 7
847156302 9
028471635 0
471653028 7
847315602 9
284731650 9
735160284 9
561028473 9
847361502 9
736510284 9
136028475 9
751630284 9
028475316 0
610284753 7
847561302 7
631028475 9
284761350 7
028476153 9
028476315 9
102847635 9
284765130 9
310284765 9
513467028 7
513476028 7
028513647 9
402851367 9
513746028 7
137640285 3
851436702 9
851437602 9
637028514 7
673028514 7
851473602 9
763028514 7
851634702 7
851637402 7
285164370 9
285164730 9
851673402 7
285167430 9
517346028 7
517364028 9
851743602 9
463028517 7
851763402 7
285176430 9
702853146 9
028531476 9
028531647 7
285316740 7
028531746 9
285317640 7
285341670 9
285341760 9
617028534 9
671028534 9
285347160 9
761028534 9
702853614 9
028536174 9
170285364 9
710285364 9
028536714 9
102853674 9
028537146 9
285371640 7
285374160 9
610285374 9
028537614 9
102853764 9
413670285 9
413760285 9
163702854 9
167302854 9
417360285 9
176302854 9
854316702 9
854317602 9
361702854 9
367102854 9
854371602 9
376102854 9
028546137 0
028546173 0
317028546 7
371028546 7
028546713 0
731028546 7
471360285 9
716302854 9
854731602 9
736102854 9
028547613 0
631028547 7
285613470 9
285613740 9
856143702 9
856147302 9
285617340 9
856174302 9
314702856 7
317402856 7
634170285 9
634710285 9
371402856 7
637410285 9
641370285 9
641730285 9
431702856 9
437102856 9
647130285 9
473102856 9
285671340 9
856714302 9
731402856 7
673410285 9
674130285 9
743102856 9
571346028 7
136402857 7
857143602 9
630285714 7
857163402 7
285716430 9
028573146 9
285731640 7
285734160 9
610285734 9
028573614 9
102857364 9
741360285 9
163028574 9
857431602 9
361028574 9
028574613 0
310285746 7
285761340 9
857614302 9
631402857 7
763410285 9
764130285 9
431028576 9
861345702 9
861347502 9
547028613 7
574028613 7
861374502 9
754028613 7
614357028 7
614375028 7
028614537 0
028614573 0
614735028 7
028614753 0
286153470 9
286153740 9
861543702 7
861547302 7
286157340 9
861574302 7
861734502 9
354028617 7
617435028 7
028617453 0
286175340 9
861754302 7
314570286 9
314750286 9
154702863 9
157402863 9
317450286 9
175402863 9
863415702 7
863417502 7
451702863 9
457102863 9
863471502 7
475102863 9
028635147 0
028635174 0
417028635 7
471028635 7
028635714 0
741028635 7
371450286 9
715402863 9
863741502 7
745102863 9
028637514 0
541028637 7
702864135 9
028641375 9
370286415 9
730286415 9
028641735 9
302864175 9
286431570 9
286431750 9
517028643 9
571028643 9
286437150 9
751028643 9
702864513 7
302864517 7
170286453 9
710286453 9
028645713 7
102864573 9
028647135 9
302864715 9
286473150 9
510286473 9
028647513 7
102864753 9
865134702 9
865137402 9
286514370 9
286514730 9
865173402 9
286517430 9
531470286 9
531740286 9
341702865 9
347102865 9
537140286 9
374102865 9
413702865 7
417302865 7
543170286 9
543710286 9
471302865 7
547310286 9
865713402 9
286571430 9
573140286 9
734102865 9
741302865 7
574310286 9
867134502 9
540286713 7
671435028 7
028671453 0
286715340 9
867154302 7
731450286 9
154028673 9
867341502 7
451028673 9
028673514 0
410286735 7
028674135 9
302867415 9
286743150 9
510286743 9
028674513 7
102867453 9
867513402 9
286751430 9
753140286 9
341028675 9
541302867 7
754310286 9
602871345 9
028713465 9
460287135 9
402871356 7
645028713 9
540287136 9
028714356 9
502871436 9
536028714 9
630287145 9
028714635 7
302871465 9
602871534 7
640287153 9
360287154 9
463028715 9
402871563 9
028715643 9
450287163 9
354028716 9
502871643 9
028716453 7
028716534 9
302871654 9
873145602 7
287314650 9
731546028 9
287315640 9
164502873 9
873165402 9
287341560 9
873416502 9
516028734 7
456102873 9
734615028 7
651028734 9
287351460 7
028735164 9
028735416 9
102873546 9
287356140 9
410287356 9
145028736 7
615402873 9
736415028 9
510287364 7
873651402 9
541028736 9
287413560 7
028741365 9
360287415 7
874156302 9
741635028 9
741653028 7
874315602 9
287431650 9
351602874 9
561028743 9
874361502 9
365102874 9
136028745 9
516302874 9
745316028 9
610287453 7
874561302 7
631028745 9
287461350 7
028746153 9
028746315 9
102874635 9
287465130 9
310287465 9
751346028 7
513640287 9
875143602 9
630287514 7
875163402 7
287516430 9
028753146 9
287531640 7
287534160 9
610287534 9
028753614 9
102875364 9
413602875 9
163028754 9
875431602 9
361028754 9
754613028 9
310287546 7
287561340 9
875614302 9
314028756 7
634102875 9
641302875 9
431028756 9
876134502 9
540287613 7
761435028 7
761453028 9
287615340 9
876154302 7
314502876 9
154028763 9
876341502 7
451028763 9
763514028 9
410287635 7
028764135 9
302876415 9
287643150 9
510287643 9
028764513 7
102876453 9
876513402 9
287651430 9
531402876 9
341028765 9
413028765 7
543102876 9
678031245 7
687031245 7
768031245 7
786031245 7
867031245 7
876031245 7
124657803 9
124658703 9
124675803 9
124678503 9
124685703 9
124687503 9
568031247 7
586031247 7
124765803 9
124768503 9
856031247 7
124786503 9
567031248 7
576031248 7
124865703 9
124867503 9
756031248 7
124876503 9
467803125 9
468703125 9
476803125 9
478603125 9
486703125 9
487603125 9
803125647 9
031256487 9
480312567 9
840312567 9
031256847 9
403125687 9
746803125 9
748603125 9
648031257 9
403125768 7
784603125 9
640312578 9
846703125 9
847603125 9
031258647 0
031258674 0
874603125 9
764031258 9
264578031 9
264587031 9
264758031 9
264785031 9
264857031 9
264875031 9
654780312 9
654870312 9
657480312 7
657840312 9
658470312 7
658740312 9
267458031 9
267485031 9
675480312 7
675840312 7
267845031 9
678540312 9
268457031 9
268475031 9
685470312 7
685740312 7
268745031 9
687540312 9
680312745 7
860312745 7
127465803 9
127468503 9
560312748 7
127486503 9
468031275 9
486031275 9
031275648 5
568403127 3
846031275 9
031275864 0
276458031 9
276485031 9
765480312 9
765840312 9
276845031 9
768540312 9
603127845 7
127846503 9
460312785 9
856403127 9
278645031 9
786540312 9
670312845 7
760312845 7
128465703 9
128467503 9
560312847 7
128476503 9
467031285 9
476031285 9
031285647 0
031285674 0
746031285 9
640312857 7
286457031 9
286475031 9
865470312 9
865740312 9
286745031 9
867540312 9
603128745 7
128746503 9
460312875 9
564031287 9
287645031 9
876540312 9
567803142 9
568703142 9
576803142 9
578603142 9
586703142 9
587603142 9
314265780 9
314265870 9
314267580 9
314267850 9
314268570 9
314268750 9
756803142 9
758603142 9
314276580 9
314276850 9
785603142 9
314278650 9
856703142 9
857603142 9
314286570 9
314286750 9
875603142 9
314287650 9
678031452 9
687031452 9
768031452 9
786031452 9
867031452 9
876031452 9
780314562 9
870314562 9
803145672 9
031456782 9
703145682 9
031456872 9
680314572 9
860314572 9
803145762 9
031457682 9
603145782 9
031457862 9
670314582 9
760314582 9
703145862 9
031458672 9
603145872 9
031458762 9
780314625 9
870314625 9
803146275 9
031462785 9
703146285 9
031462875 9
803146527 7
703146528 7
031465728 7
314657820 7
031465827 7
314658720 7
803146725 9
031467285 9
031467528 7
314675820 7
031467825 9
314678520 7
703146825 9
031468275 9
031468527 7
314685720 7
031468725 9
314687520 7
568031472 9
586031472 9
314726580 9
314726850 9
856031472 9
314728650 9
680314752 9
860314752 9
803147562 9
031475682 9
603147582 9
031475862 9
803147625 9
031476285 9
031476528 7
314765820 7
031476825 9
314768520 7
560314782 9
314782650 9
603147852 9
031478562 9
031478625 9
314786520 7
567031482 9
576031482 9
314826570 9
314826750 9
756031482 9
314827650 9
670314852 9
760314852 9
703148562 9
031485672 9
603148572 9
031485762 9
703148625 9
031486275 9
031486527 7
314865720 7
031486725 9
314867520 7
560314872 9
314872650 9
603148752 9
031487562 9
031487625 9
314876520 7
246780315 9
246870315 9
247680315 9
247860315 9
248670315 9
248760315 9
526478031 9
526487031 9
526748031 9
526784031 9
526847031 9
526874031 9
274680315 9
274860315 9
527648031 9
527684031 9
278460315 9
527864031 9
284670315 9
284760315 9
528647031 9
528674031 9
287460315 9
528764031 9
542678031 9
542687031 9
542768031 9
542786031 9
542867031 9
542876031 9
462780315 7
462870315 7
467280315 7
467820315 7
468270315 7
468720315 7
547268031 9
547286031 9
476280315 7
476820315 7
547826031 9
478620315 7
548267031 9
548276031 9
486270315 7
486720315 7
548726031 9
487620315 7
156247803 9
156248703 9
156274803 9
156278403 9
156284703 9
156287403 9
315642780 9
315642870 9
315647280 9
315647820 9
315648270 9
315648720 9
156724803 9
156728403 9
315674280 9
315674820 9
156782403 9
315678420 9
156824703 9
156827403 9
315684270 9
315684720 9
156872403 9
315687420 9
724680315 9
724860315 9
572648031 9
572684031 9
728460315 9
572864031 9
574268031 9
574286031 9
746280315 7
746820315 7
574826031 9
748620315 7
157624803 9
157628403 9
315764280 9
315764820 9
157682403 9
315768420 9
782460315 9
578264031 9
578426031 9
784620315 7
157862403 9
315786420 9
824670315 9
824760315 9
582647031 9
582674031 9
827460315 9
582764031 9
584267031 9
584276031 9
846270315 7
846720315 7
584726031 9
847620315 7
158624703 9
158627403 9
315864270 9
315864720 9
158672403 9
315867420 9
872460315 9
587264031 9
587426031 9
874620315 7
158762403 9
315876420 9
162457803 9
162458703 9
162475803 9
162478503 9
162485703 9
162487503 9
547803162 7
548703162 7
625748031 9
578403162 7
625847031 9
587403162 7
162745803 9
162748503 9
627548031 9
627584031 9
162784503 9
785403162 7
162845703 9
162847503 9
628547031 9
628574031 9
162874503 9
875403162 7
642578031 7
642587031 7
642758031 7
642785031 7
642857031 7
642875031 7
803164527 9
031645287 9
280316457 9
820316457 9
031645827 9
203164587 9
647258031 7
647285031 7
528031647 9
203164758 7
647825031 7
520316478 9
648257031 7
648275031 7
031648527 0
031648572 0
648725031 7
752031648 9
316524780 9
316524870 9
316527480 9
316527840 9
316528470 9
316528740 9
165427803 7
165428703 7
165472803 7
165478203 7
165482703 7
165487203 7
316572480 9
316572840 9
165742803 7
165748203 7
316578240 9
165784203 7
316582470 9
316582740 9
165842703 7
165847203 7
316587240 9
165874203 7
167245803 9
167248503 9
254803167 7
258403167 7
167284503 9
285403167 7
674258031 7
674285031 7
031674528 5
458203167 3
674825031 7
031674852 0
316752480 9
316752840 9
167542803 7
167548203 7
316758240 9
167584203 7
167824503 9
825403167 7
678425031 7
845203167 9
316785240 9
167854203 7
168245703 9
168247503 9
254703168 7
257403168 7
168274503 9
275403168 7
684257031 7
684275031 7
031684527 0
031684572 0
684725031 7
520316847 7
316852470 9
316852740 9
168542703 7
168547203 7
316857240 9
168574203 7
168724503 9
725403168 7
687425031 7
452031687 9
316875240 9
168754203 7
680317245 7
860317245 7
172465803 9
172468503 9
560317248 7
172486503 9
468031725 9
486031725 9
256480317 5
256840317 9
846031725 9
031725864 0
726458031 9
726485031 9
654803172 9
658403172 9
726845031 9
685403172 9
603172845 7
172846503 9
460317285 9
285640317 9
728645031 9
865403172 9
568031742 9
586031742 9
317426580 9
317426850 9
856031742 9
317428650 9
680317452 9
860317452 9
803174562 9
031745682 9
603174582 9
031745862 9
803174625 9
031746285 9
031746528 7
317465820 7
031746825 9
317468520 7
560317482 9
317482650 9
603174852 9
031748562 9
031748625 9
317486520 7
246803175 9
248603175 9
752648031 9
752684031 9
284603175 9
752864031 9
754268031 9
754286031 9
546280317 7
546820317 7
754826031 9
548620317 7
175624803 9
175628403 9
317564280 9
317564820 9
175682403 9
317568420 9
824603175 9
758264031 9
758426031 9
584620317 7
175862403 9
317586420 9
176245803 9
176248503 9
548031762 7
584031762 7
176284503 9
854031762 7
764258031 7
764285031 7
645280317 5
645820317 9
764825031 7
031764852 0
317652480 9
317652840 9
176542803 7
176548203 7
317658240 9
176584203 7
176824503 9
254031768 7
768425031 7
684520317 9
317685240 9
176854203 7
603178245 7
178246503 9
460317825 9
825640317 9
782645031 9
654031782 9
560317842 9
317842650 9
603178452 9
031784562 9
031784625 9
317846520 7
246031785 9
785264031 9
785426031 9
854620317 7
178562403 9
317856420 9
178624503 9
540317862 7
786425031 7
864520317 9
317865240 9
178654203 7
670318245 7
760318245 7
182465703 9
182467503 9
560318247 7
182476503 9
467031825 9
476031825 9
031825647 9
403182567 9
746031825 9
640318257 9
826457031 9
826475031 9
654703182 9
657403182 9
826745031 9
675403182 9
603182745 7
182746503 9
460318275 9
564031827 9
827645031 9
765403182 9
567031842 9
576031842 9
318426570 9
318426750 9
756031842 9
318427650 9
670318452 9
760318452 9
703184562 9
031845672 9
603184572 9
031845762 9
703184625 9
031846275 9
031846527 7
318465720 7
031846725 9
318467520 7
560318472 9
318472650 9
603184752 9
031847562 9
031847625 9
318476520 7
246703185 9
247603185 9
852647031 9
852674031 9
274603185 9
852764031 9
854267031 9
854276031 9
546270318 7
546720318 7
854726031 9
547620318 7
185624703 9
185627403 9
318564270 9
318564720 9
185672403 9
318567420 9
724603185 9
857264031 9
857426031 9
574620318 7
185762403 9
318576420 9
186245703 9
186247503 9
547031862 7
574031862 7
186274503 9
754031862 7
864257031 7
864275031 7
031864527 9
203186457 9
864725031 7
520318647 9
318652470 9
318652740 9
186542703 7
186547203 7
318657240 9
186574203 7
186724503 9
254031867 7
867425031 7
452031867 9
318675240 9
186754203 7
603187245 7
187246503 9
460318725 9
256403187 9
872645031 9
654031872 9
560318742 9
318742650 9
603187452 9
031874562 9
031874625 9
318746520 7
246031875 9
875264031 9
875426031 9
754620318 7
187562403 9
318756420 9
187624503 9
540318762 7
876425031 7
645203187 9
318765240 9
187654203 7
567803214 9
568703214 9
576803214 9
578603214 9
586703214 9
587603214 9
803214657 9
032146587 9
580321467 9
850321467 9
032146857 9
503214687 9
756803214 9
758603214 9
658032147 9
503214768 7
785603214 9
650321478 9
856703214 9
857603214 9
032148657 0
032148675 0
875603214 9
765032148 9
678032154 7
687032154 7
768032154 7
786032154 7
867032154 7
876032154 7
215647803 7
215648703 7
215674803 7
215678403 7
215684703 7
215687403 7
468032157 7
486032157 7
215764803 7
215768403 7
846032157 7
215786403 7
467032158 7
476032158 7
215864703 7
215867403 7
746032158 7
215876403 7
645780321 7
645870321 7
647580321 7
647850321 7
648570321 7
648750321 7
165478032 9
165487032 9
165748032 9
165784032 9
165847032 9
165874032 9
674580321 7
674850321 7
167548032 9
167584032 9
678450321 7
167854032 9
684570321 7
684750321 7
168547032 9
168574032 9
687450321 7
168754032 9
568032174 9
586032174 9
032174658 5
468503217 3
856032174 9
032174865 0
680321754 7
860321754 7
217564803 7
217568403 7
460321758 7
217586403 7
764580321 7
764850321 7
176548032 9
176584032 9
768450321 7
176854032 9
560321784 9
846503217 9
603217854 7
217856403 7
786450321 7
178654032 9
567032184 9
576032184 9
032184657 0
032184675 0
756032184 9
650321847 7
670321854 7
760321854 7
218564703 7
218567403 7
460321857 7
218576403 7
864570321 7
864750321 7
186547032 9
186574032 9
867450321 7
186754032 9
560321874 9
465032187 9
603218754 7
218756403 7
876450321 7
187654032 9
156780324 9
156870324 9
157680324 9
157860324 9
158670324 9
158760324 9
416578032 9
416587032 9
416758032 9
416785032 9
416857032 9
416875032 9
175680324 9
175860324 9
417658032 9
417685032 9
178560324 9
417865032 9
185670324 9
185760324 9
418657032 9
418675032 9
187560324 9
418765032 9
451678032 9
451687032 9
451768032 9
451786032 9
451867032 9
451876032 9
245617803 9
245618703 9
245671803 9
245678103 9
245681703 9
245687103 9
457168032 9
457186032 9
245761803 9
245768103 9
457816032 9
245786103 9
458167032 9
458176032 9
245861703 9
245867103 9
458716032 9
245876103 9
246157803 9
246158703 9
246175803 9
246178503 9
246185703 9
246187503 9
324651780 9
324651870 9
324657180 9
324657810 9
324658170 9
324658710 9
246715803 9
246718503 9
324675180 9
324675810 9
246781503 9
324678510 9
246815703 9
246817503 9
324685170 9
324685710 9
246871503 9
324687510 9
715680324 9
715860324 9
471658032 9
471685032 9
718560324 9
471865032 9
475168032 9
475186032 9
247561803 9
247568103 9
475816032 9
247586103 9
247615803 9
247618503 9
324765180 9
324765810 9
247681503 9
324768510 9
781560324 9
478165032 9
478516032 9
247856103 9
247861503 9
324786510 9
815670324 9
815760324 9
481657032 9
481675032 9
817560324 9
481765032 9
485167032 9
485176032 9
248561703 9
248567103 9
485716032 9
248576103 9
248615703 9
248617503 9
324865170 9
324865710 9
248671503 9
324867510 9
871560324 9
487165032 9
487516032 9
248756103 9
248761503 9
324876510 9
467803251 9
468703251 9
476803251 9
478603251 9
486703251 9
487603251 9
325164780 9
325164870 9
325167480 9
325167840 9
325168470 9
325168740 9
746803251 9
748603251 9
325176480 9
325176840 9
784603251 9
325178640 9
846703251 9
847603251 9
325186470 9
325186740 9
874603251 9
325187640 9
678032541 9
687032541 9
768032541 9
786032541 9
867032541 9
876032541 9
780325461 9
870325461 9
803254671 9
032546781 9
703254681 9
032546871 9
680325471 9
860325471 9
803254761 9
032547681 9
603254781 9
032547861 9
670325481 9
760325481 9
703254861 9
032548671 9
603254871 9
032548761 9
780325614 9
870325614 9
803256174 9
032561784 9
703256184 9
032561874 9
803256417 7
703256418 7
032564718 7
325647810 7
032564817 7
325648710 7
803256714 9
032567184 9
032567418 7
325674810 7
032567814 9
325678410 7
703256814 9
032568174 9
032568417 7
325684710 7
032568714 9
325687410 7
468032571 9
486032571 9
325716480 9
325716840 9
846032571 9
325718640 9
680325741 9
860325741 9
803257461 9
032574681 9
603257481 9
032574861 9
803257614 9
032576184 9
032576418 7
325764810 7
032576814 9
325768410 7
460325781 9
325781640 9
603257841 9
032578461 9
032578614 9
325786410 7
467032581 9
476032581 9
325816470 9
325816740 9
746032581 9
325817640 9
670325841 9
760325841 9
703258461 9
032584671 9
603258471 9
032584761 9
703258614 9
032586174 9
032586417 7
325864710 7
032586714 9
325867410 7
460325871 9
325871640 9
603258741 9
032587461 9
032587614 9
325876410 7
614578032 9
614587032 9
614758032 9
614785032 9
614857032 9
614875032 9
261547803 9
261548703 9
261574803 9
261578403 9
261584703 9
261587403 9
617458032 9
617485032 9
261754803 9
261758403 9
617845032 9
261785403 9
618457032 9
618475032 9
261854703 9
261857403 9
618745032 9
261875403 9
803264157 7
703264158 7
032641758 7
326417850 7
032641857 7
326418750 7
780326451 9
870326451 9
803264571 9
032645781 9
703264581 9
032645871 9
032647158 7
326471850 7
803264751 9
032647581 9
326478150 7
032647851 9
032648157 7
326481750 7
703264851 9
032648571 9
326487150 7
032648751 9
651478032 7
651487032 7
651748032 7
651784032 7
651847032 7
651874032 7
803265417 9
032654187 9
180326547 9
810326547 9
032654817 9
103265487 9
657148032 7
657184032 7
418032657 9
103265748 7
657814032 7
410326578 9
658147032 7
658174032 7
032658417 0
032658471 0
658714032 7
741032658 9
671458032 9
671485032 9
267154803 9
267158403 9
671845032 9
267185403 9
032674158 7
326741850 7
803267451 9
032674581 9
326748150 7
032674851 9
675148032 7
675184032 7
032675418 5
548103267 3
675814032 7
032675841 0
678145032 9
267815403 9
326784150 7
032678451 9
678514032 7
854103267 9
681457032 9
681475032 9
268154703 9
268157403 9
681745032 9
268175403 9
032684157 7
326841750 7
703268451 9
032684571 9
326847150 7
032684751 9
685147032 7
685174032 7
032685417 0
032685471 0
685714032 7
410326857 7
687145032 9
268715403 9
326874150 7
032687451 9
687514032 7
541032687 9
568032714 9
586032714 9
146580327 5
146850327 9
856032714 9
032714865 0
680327154 7
860327154 7
271564803 7
271568403 7
460327158 7
271586403 7
164580327 7
164850327 7
716548032 9
716584032 9
168450327 7
716854032 9
560327184 9
184650327 9
603271854 7
271856403 7
186450327 7
718654032 9
156803274 9
158603274 9
741658032 9
741685032 9
185603274 9
741865032 9
745168032 9
745186032 9
274561803 9
274568103 9
745816032 9
274586103 9
274615803 9
274618503 9
327465180 9
327465810 9
274681503 9
327468510 9
815603274 9
748165032 9
748516032 9
274856103 9
274861503 9
327486510 9
468032751 9
486032751 9
327516480 9
327516840 9
846032751 9
327518640 9
680327541 9
860327541 9
803275461 9
032754681 9
603275481 9
032754861 9
803275614 9
032756184 9
032756418 7
327564810 7
032756814 9
327568410 7
460327581 9
327581640 9
603275841 9
032758461 9
032758614 9
327586410 7
761458032 9
761485032 9
276154803 9
276158403 9
761845032 9
276185403 9
032764158 7
327641850 7
803276451 9
032764581 9
327648150 7
032764851 9
765148032 7
765184032 7
654180327 5
654810327 9
765814032 7
032765841 0
768145032 9
276815403 9
327684150 7
032768451 9
768514032 7
685410327 9
560327814 9
814650327 9
603278154 7
278156403 7
816450327 7
781654032 9
156032784 9
784165032 9
784516032 9
278456103 9
278461503 9
327846510 9
460327851 9
327851640 9
603278541 9
032785461 9
032785614 9
327856410 7
786145032 9
278615403 9
327864150 7
032786451 9
786514032 7
865410327 9
567032814 9
576032814 9
032814657 9
503281467 9
756032814 9
650328147 9
670328154 7
760328154 7
281564703 7
281567403 7
460328157 7
281576403 7
164570328 7
164750328 7
816547032 9
816574032 9
167450328 7
816754032 9
560328174 9
465032817 9
603281754 7
281756403 7
176450328 7
817654032 9
156703284 9
157603284 9
841657032 9
841675032 9
175603284 9
841765032 9
845167032 9
845176032 9
284561703 9
284567103 9
845716032 9
284576103 9
284615703 9
284617503 9
328465170 9
328465710 9
284671503 9
328467510 9
715603284 9
847165032 9
847516032 9
284756103 9
284761503 9
328476510 9
467032851 9
476032851 9
328516470 9
328516740 9
746032851 9
328517640 9
670328541 9
760328541 9
703285461 9
032854671 9
603285471 9
032854761 9
703285614 9
032856174 9
032856417 7
328564710 7
032856714 9
328567410 7
460328571 9
328571640 9
603285741 9
032857461 9
032857614 9
328576410 7
861457032 9
861475032 9
286154703 9
286157403 9
861745032 9
286175403 9
032864157 7
328641750 7
703286451 9
032864571 9
328647150 7
032864751 9
865147032 7
865174032 7
032865417 9
103286547 9
865714032 7
410328657 9
867145032 9
286715403 9
328674150 7
032867451 9
867514032 7
541032867 9
560328714 9
146503287 9
603287154 7
287156403 7
716450328 7
871654032 9
156032874 9
874165032 9
874516032 9
287456103 9
287461503 9
328746510 9
460328751 9
328751640 9
603287541 9
032875461 9
032875614 9
328756410 7
876145032 9
287615403 9
328764150 7
032876451 9
876514032 7
654103287 9
678034125 9
687034125 9
768034125 9
786034125 9
867034125 9
876034125 9
780341265 9
870341265 9
803412675 9
034126785 9
703412685 9
034126875 9
680341275 9
860341275 9
803412765 9
034127685 9
603412785 9
034127865 9
670341285 9
760341285 9
703412865 9
034128675 9
603412875 9
034128765 9
267803415 9
268703415 9
276803415 9
278603415 9
286703415 9
287603415 9
341562780 9
341562870 9
341567280 9
341567820 9
341568270 9
341568720 9
726803415 9
728603415 9
341576280 9
341576820 9
782603415 9
341578620 9
826703415 9
827603415 9
341586270 9
341586720 9
872603415 9
341587620 9
803416257 7
703416258 7
034162758 7
341627850 7
034162857 7
341628750 7
780341652 9
870341652 9
803416572 9
034165782 9
703416582 9
034165872 9
034167258 7
341672850 7
803416752 9
034167582 9
341678250 7
034167852 9
034168257 7
341682750 7
703416852 9
034168572 9
341687250 7
034168752 9
680341725 9
860341725 9
803417265 9
034172685 9
603417285 9
034172865 9
268034175 9
286034175 9
341756280 9
341756820 9
826034175 9
341758620 9
034176258 7
341762850 7
803417652 9
034176582 9
341768250 7
034176852 9
603417825 9
034178265 9
260341785 9
341785620 9
341786250 7
034178652 9
670341825 9
760341825 9
703418265 9
034182675 9
603418275 9
034182765 9
267034185 9
276034185 9
341856270 9
341856720 9
726034185 9
341857620 9
034186257 7
341862750 7
703418652 9
034186572 9
341867250 7
034186752 9
603418725 9
034187265 9
260341875 9
341875620 9
341876250 7
034187652 9
215678034 9
215687034 9
215768034 9
215786034 9
215867034 9
215876034 9
165780342 7
165870342 7
167580342 7
167850342 7
168570342 7
168750342 7
217568034 9
217586034 9
176580342 7
176850342 7
217856034 9
178650342 7
218567034 9
218576034 9
186570342 7
186750342 7
218756034 9
187650342 7
516780342 9
516870342 9
517680342 9
517860342 9
518670342 9
518760342 9
256178034 7
256187034 7
256718034 7
256781034 7
256817034 7
256871034 7
571680342 9
571860342 9
257618034 7
257681034 7
578160342 9
257861034 7
581670342 9
581760342 9
258617034 7
258671034 7
587160342 9
258761034 7
342615780 9
342615870 9
342617580 9
342617850 9
342618570 9
342618750 9
426517803 9
426518703 9
426571803 9
426578103 9
426581703 9
426587103 9
342671580 9
342671850 9
426751803 9
426758103 9
342678150 9
426785103 9
342681570 9
342681750 9
426851703 9
426857103 9
342687150 9
426875103 9
271568034 9
271586034 9
716580342 7
716850342 7
271856034 9
718650342 7
751680342 9
751860342 9
275618034 7
275681034 7
758160342 9
275861034 7
342761580 9
342761850 9
427651803 9
427658103 9
342768150 9
427685103 9
278156034 9
781650342 7
785160342 9
278561034 7
342786150 9
427865103 9
281567034 9
281576034 9
816570342 7
816750342 7
281756034 9
817650342 7
851670342 9
851760342 9
285617034 7
285671034 7
857160342 9
285761034 7
342861570 9
342861750 9
428651703 9
428657103 9
342867150 9
428675103 9
287156034 9
871650342 7
875160342 9
287561034 7
342876150 9
428765103 9
126780345 9
126870345 9
127680345 9
127860345 9
128670345 9
128760345 9
451627803 9
451628703 9
451672803 9
451678203 9
451682703 9
451687203 9
172680345 9
172860345 9
451762803 9
451768203 9
178260345 9
451786203 9
182670345 9
182760345 9
451862703 9
451867203 9
187260345 9
451876203 9
167803452 7
168703452 7
176803452 7
178603452 7
186703452 7
187603452 7
803452617 9
034526187 9
180345267 9
810345267 9
034526817 9
103452687 9
716803452 7
718603452 7
618034527 9
103452768 7
781603452 7
610345278 9
816703452 7
817603452 7
034528617 0
034528671 0
871603452 7
761034528 9
561278034 9
561287034 9
561728034 9
561782034 9
561827034 9
561872034 9
621780345 7
621870345 7
627180345 7
627810345 7
628170345 7
628710345 7
567128034 9
567182034 9
672180345 7
672810345 7
567812034 9
678210345 7
568127034 9
568172034 9
682170345 7
682710345 7
568712034 9
687210345 7
712680345 9
712860345 9
457162803 9
457168203 9
718260345 9
457186203 9
216803457 7
218603457 7
034572618 5
268103457 3
281603457 7
034572861 0
576128034 9
576182034 9
762180345 7
762810345 7
576812034 9
768210345 7
781260345 9
457816203 9
821603457 7
826103457 9
578612034 9
786210345 7
812670345 9
812760345 9
458162703 9
458167203 9
817260345 9
458176203 9
216703458 7
217603458 7
034582617 0
034582671 0
271603458 7
610345827 7
586127034 9
586172034 9
862170345 7
862710345 7
586712034 9
867210345 7
871260345 9
458716203 9
721603458 7
261034587 9
587612034 9
876210345 7
803461257 9
034612587 9
580346127 9
850346127 9
034612857 9
503461287 9
346152780 9
346152870 9
346157280 9
346157820 9
346158270 9
346158720 9
258034617 9
503461728 7
346175280 9
346175820 9
250346178 9
346178520 9
034618257 0
034618275 0
346185270 9
346185720 9
725034618 9
346187520 9
462157803 7
462158703 7
462175803 7
462178503 7
462185703 7
462187503 7
346251780 9
346251870 9
346257180 9
346257810 9
346258170 9
346258710 9
462715803 7
462718503 7
346275180 9
346275810 9
462781503 7
346278510 9
462815703 7
462817503 7
346285170 9
346285710 9
462871503 7
346287510 9
465127803 9
465128703 9
465172803 9
465178203 9
465182703 9
465187203 9
652178034 9
652187034 9
652718034 9
652781034 9
652817034 9
652871034 9
465712803 9
465718203 9
657218034 9
657281034 9
465781203 9
657821034 9
465812703 9
465817203 9
658217034 9
658271034 9
465871203 9
658721034 9
034671258 5
128503467 3
346715280 9
346715820 9
034671825 0
346718520 9
467215803 7
467218503 7
346725180 9
346725810 9
467281503 7
346728510 9
467512803 9
467518203 9
675218034 9
675281034 9
467581203 9
675821034 9
812503467 9
346781520 9
467821503 7
346782510 9
467851203 9
678521034 9
034681257 0
034681275 0
346815270 9
346815720 9
250346817 7
346817520 9
468215703 7
468217503 7
346825170 9
346825710 9
468271503 7
346827510 9
468512703 9
468517203 9
685217034 9
685271034 9
468571203 9
685721034 9
125034687 9
346871520 9
468721503 7
346872510 9
468751203 9
687521034 9
680347125 9
860347125 9
803471265 9
034712685 9
603471285 9
034712865 9
268034715 9
286034715 9
347156280 9
347156820 9
826034715 9
347158620 9
034716258 7
347162850 7
803471652 9
034716582 9
347168250 7
034716852 9
603471825 9
034718265 9
260347185 9
347185620 9
347186250 7
034718652 9
721568034 9
721586034 9
216580347 7
216850347 7
721856034 9
218650347 7
516803472 9
518603472 9
725618034 7
725681034 7
581603472 9
725861034 7
347261580 9
347261850 9
472651803 9
472658103 9
347268150 9
472685103 9
728156034 9
281650347 7
851603472 9
728561034 7
347286150 9
472865103 9
126803475 9
128603475 9
475162803 9
475168203 9
182603475 9
475186203 9
168034752 7
186034752 7
526180347 5
526810347 9
816034752 7
034752861 0
756128034 9
756182034 9
562180347 7
562810347 7
756812034 9
568210347 7
812603475 9
475816203 9
216034758 7
582610347 9
758612034 9
586210347 7
612580347 5
612850347 9
347615280 9
347615820 9
034761825 0
347618520 9
476215803 7
476218503 7
347625180 9
347625810 9
476281503 7
347628510 9
476512803 9
476518203 9
765218034 9
765281034 9
476581203 9
765821034 9
681250347 9
347681520 9
476821503 7
347682510 9
476851203 9
768521034 9
603478125 9
034781265 9
260347815 9
347815620 9
347816250 7
034781652 9
782156034 9
821650347 7
516034782 9
782561034 7
347826150 9
478265103 9
126034785 9
478516203 9
160347852 7
852610347 9
785612034 9
856210347 7
861250347 9
347861520 9
478621503 7
347862510 9
478651203 9
786521034 9
670348125 9
760348125 9
703481265 9
034812675 9
603481275 9
034812765 9
267034815 9
276034815 9
348156270 9
348156720 9
726034815 9
348157620 9
034816257 7
348162750 7
703481652 9
034816572 9
348167250 7
034816752 9
603481725 9
034817265 9
260348175 9
348175620 9
348176250 7
034817652 9
821567034 9
821576034 9
216570348 7
216750348 7
821756034 9
217650348 7
516703482 9
517603482 9
825617034 7
825671034 7
571603482 9
825761034 7
348261570 9
348261750 9
482651703 9
482657103 9
348267150 9
482675103 9
827156034 9
271650348 7
751603482 9
827561034 7
348276150 9
482765103 9
126703485 9
127603485 9
485162703 9
485167203 9
172603485 9
485176203 9
167034852 7
176034852 7
034852617 9
103485267 9
716034852 7
610348527 9
856127034 9
856172034 9
562170348 7
562710348 7
856712034 9
567210348 7
712603485 9
485716203 9
216034857 7
261034857 9
857612034 9
576210348 7
034861257 9
503486127 9
348615270 9
348615720 9
250348617 9
348617520 9
486215703 7
486217503 7
348625170 9
348625710 9
486271503 7
348627510 9
486512703 9
486517203 9
865217034 9
865271034 9
486571203 9
865721034 9
125034867 9
348671520 9
486721503 7
348672510 9
486751203 9
867521034 9
603487125 9
034871265 9
260348715 9
348715620 9
348716250 7
034871652 9
872156034 9
721650348 7
516034872 9
872561034 7
348726150 9
487265103 9
126034875 9
487516203 9
160348752 7
526103487 9
875612034 9
756210348 7
612503487 9
348761520 9
487621503 7
348762510 9
487651203 9
876521034 9
124678035 9
124687035 9
124768035 9
124786035 9
124867035 9
124876035 9
264780351 7
264870351 7
267480351 7
267840351 7
268470351 7
268740351 7
127468035 9
127486035 9
276480351 7
276840351 7
127846035 9
278640351 7
128467035 9
128476035 9
286470351 7
286740351 7
128746035 9
287640351 7
426780351 9
426870351 9
427680351 9
427860351 9
428670351 9
428760351 9
146278035 9
146287035 9
146728035 9
146782035 9
146827035 9
146872035 9
472680351 9
472860351 9
147628035 9
147682035 9
478260351 9
147862035 9
482670351 9
482760351 9
148627035 9
148672035 9
487260351 9
148762035 9
351624780 9
351624870 9
351627480 9
351627840 9
351628470 9
351628740 9
516427803 9
516428703 9
516472803 9
516478203 9
516482703 9
516487203 9
351672480 9
351672840 9
516742803 9
516748203 9
351678240 9
516784203 9
351682470 9
351682740 9
516842703 9
516847203 9
351687240 9
516874203 9
172468035 9
172486035 9
726480351 7
726840351 7
172846035 9
728640351 7
742680351 9
742860351 9
174628035 9
174682035 9
748260351 9
174862035 9
351762480 9
351762840 9
517642803 9
517648203 9
351768240 9
517684203 9
178246035 9
782640351 7
784260351 9
178462035 9
351786240 9
517864203 9
182467035 9
182476035 9
826470351 7
826740351 7
182746035 9
827640351 7
842670351 9
842760351 9
184627035 9
184672035 9
847260351 9
184762035 9
351862470 9
351862740 9
518642703 9
518647203 9
351867240 9
518674203 9
187246035 9
872640351 7
874260351 9
187462035 9
351876240 9
518764203 9
678035214 9
687035214 9
768035214 9
786035214 9
867035214 9
876035214 9
780352164 7
870352164 7
480352167 7
840352167 7
470352168 7
740352168 7
680352174 9
860352174 9
803521764 7
403521768 7
603521784 9
035217864 7
670352184 9
760352184 9
703521864 7
403521867 7
603521874 9
035218764 7
167803524 9
168703524 9
176803524 9
178603524 9
186703524 9
187603524 9
352461780 9
352461870 9
352467180 9
352467810 9
352468170 9
352468710 9
716803524 9
718603524 9
352476180 9
352476810 9
781603524 9
352478610 9
816703524 9
817603524 9
352486170 9
352486710 9
871603524 9
352487610 9
478035261 9
487035261 9
748035261 9
784035261 9
847035261 9
874035261 9
780352641 9
870352641 9
803526471 9
035264781 9
703526481 9
035264871 9
480352671 9
840352671 9
803526741 9
035267481 9
403526781 9
035267841 9
470352681 9
740352681 9
703526841 9
035268471 9
403526871 9
035268741 9
680352714 9
860352714 9
803527164 7
403527168 7
603527184 9
035271864 7
168035274 9
186035274 9
352746180 9
352746810 9
816035274 9
352748610 9
480352761 9
840352761 9
803527641 9
035276481 9
403527681 9
035276841 9
603527814 9
035278164 7
160352784 9
352784610 9
403527861 9
035278641 9
670352814 9
760352814 9
703528164 7
403528167 7
603528174 9
035281764 7
167035284 9
176035284 9
352846170 9
352846710 9
716035284 9
352847610 9
470352861 9
740352861 9
703528641 9
035286471 9
403528671 9
035286741 9
603528714 9
035287164 7
160352874 9
352874610 9
403528761 9
035287641 9
267803541 7
268703541 7
276803541 7
278603541 7
286703541 7
287603541 7
035416278 9
703541628 9
035416728 0
820354167 9
035416827 7
203541687 9
726803541 7
728603541 7
628035417 3
203541768 7
782603541 7
620354178 9
826703541 7
827603541 7
627035418 3
035418672 0
872603541 7
762035418 9
216780354 9
216870354 9
217680354 9
217860354 9
218670354 9
218760354 9
542617803 7
542618703 7
542671803 7
542678103 7
542681703 7
542687103 7
271680354 9
271860354 9
542761803 7
542768103 7
278160354 9
542786103 7
281670354 9
281760354 9
542861703 7
542867103 7
287160354 9
542876103 7
612780354 9
612870354 9
617280354 9
617820354 9
618270354 9
618720354 9
462178035 9
462187035 9
462718035 9
462781035 9
462817035 9
462871035 9
671280354 9
671820354 9
467218035 9
467281035 9
678120354 9
467821035 9
681270354 9
681720354 9
468217035 9
468271035 9
687120354 9
468721035 9
126803547 7
128603547 7
035471628 5
203547168 9
182603547 7
620354718 9
721680354 9
721860354 9
547261803 7
547268103 7
728160354 9
547286103 7
761280354 9
761820354 9
476218035 9
476281035 9
768120354 9
476821035 9
812603547 7
162035478 9
782160354 9
547826103 7
786120354 9
478621035 9
126703548 7
127603548 7
162703548 9
035481672 0
172603548 7
176203548 9
821670354 9
821760354 9
548261703 7
548267103 7
827160354 9
548276103 7
861270354 9
861720354 9
486217035 9
486271035 9
867120354 9
486721035 9
712603548 7
716203548 9
872160354 9
548726103 7
876120354 9
487621035 9
561247803 7
561248703 7
561274803 7
561278403 7
561284703 7
561287403 7
356142780 9
356142870 9
356147280 9
356147820 9
356148270 9
356148720 9
561724803 7
561728403 7
356174280 9
356174820 9
561782403 7
356178420 9
561824703 7
561827403 7
356184270 9
356184720 9
561872403 7
356187420 9
803562147 9
035621487 9
480356217 9
840356217 9
035621847 9
403562187 9
624178035 7
624187035 7
624718035 7
624781035 7
624817035 7
624871035 7
148035627 9
403562718 7
627418035 7
627481035 7
140356278 9
627841035 7
035628147 0
035628174 0
628417035 7
628471035 7
714035628 9
628741035 7
127803564 7
128703564 7
172803564 7
178203564 7
182703564 7
187203564 7
564217803 9
564218703 9
564271803 9
564278103 9
564281703 9
564287103 9
712803564 7
718203564 7
564721803 9
564728103 9
781203564 7
564782103 9
812703564 7
817203564 7
564821703 9
564827103 9
871203564 7
564872103 9
567124803 7
567128403 7
356714280 9
356714820 9
567182403 7
356718420 9
035672148 5
218403567 3
672418035 7
672481035 7
035672814 0
672841035 7
412803567 7
418203567 7
567421803 9
567428103 9
481203567 7
567482103 9
567812403 7
356781420 9
821403567 9
678241035 7
841203567 7
567842103 9
568124703 7
568127403 7
356814270 9
356814720 9
568172403 7
356817420 9
035682147 0
035682174 0
682417035 7
682471035 7
140356827 7
682741035 7
412703568 7
417203568 7
568421703 9
568427103 9
471203568 7
568472103 9
568712403 7
356871420 9
214035687 9
687241035 7
741203568 7
568742103 9
712468035 9
712486035 9
126480357 7
126840357 7
712846035 9
128640357 7
426803571 9
428603571 9
714628035 9
714682035 9
482603571 9
714862035 9
357162480 9
357162840 9
571642803 9
571648203 9
357168240 9
571684203 9
718246035 9
182640357 7
842603571 9
718462035 9
357186240 9
571864203 9
680357214 9
860357214 9
803572164 7
403572168 7
603572184 9
035721864 7
168035724 9
186035724 9
357246180 9
357246810 9
816035724 9
357248610 9
480357261 9
840357261 9
803572641 9
035726481 9
403572681 9
035726841 9
603572814 9
035728164 7
160357284 9
357284610 9
403572861 9
035728641 9
268035741 7
286035741 7
035741628 9
203574168 9
826035741 7
620357418 9
216803574 9
218603574 9
574261803 7
574268103 7
281603574 9
574286103 7
612803574 9
618203574 9
746218035 9
746281035 9
681203574 9
746821035 9
126035748 7
162035748 9
821603574 9
574826103 7
861203574 9
748621035 9
576124803 7
576128403 7
357614280 9
357614820 9
576182403 7
357618420 9
621480357 5
621840357 9
762418035 7
762481035 7
035762814 0
762841035 7
128035764 7
182035764 7
576421803 9
576428103 9
812035764 7
576482103 9
576812403 7
357681420 9
682140357 9
768241035 7
412035768 7
576842103 9
781246035 9
812640357 7
426035781 9
781462035 9
357816240 9
578164203 9
603578214 9
035782164 7
160357824 9
357824610 9
403578261 9
035782641 9
260357841 7
416203578 9
216035784 9
578426103 7
612035784 9
784621035 9
578612403 7
357861420 9
862140357 9
786241035 7
120357864 7
578642103 9
812467035 9
812476035 9
126470358 7
126740358 7
812746035 9
127640358 7
426703581 9
427603581 9
814627035 9
814672035 9
472603581 9
814762035 9
358162470 9
358162740 9
581642703 9
581647203 9
358167240 9
581674203 9
817246035 9
172640358 7
742603581 9
817462035 9
358176240 9
581764203 9
670358214 9
760358214 9
703582164 7
403582167 7
603582174 9
035821764 7
167035824 9
176035824 9
358246170 9
358246710 9
716035824 9
358247610 9
470358261 9
740358261 9
703582641 9
035826471 9
403582671 9
035826741 9
603582714 9
035827164 7
160358274 9
358274610 9
403582761 9
035827641 9
267035841 7
276035841 7
416270358 9
035841672 0
726035841 7
417620358 9
216703584 9
217603584 9
584261703 7
584267103 7
271603584 9
584276103 7
612703584 9
617203584 9
846217035 9
846271035 9
671203584 9
846721035 9
126035847 7
471620358 9
721603584 9
584726103 7
761203584 9
847621035 9
586124703 7
586127403 7
358614270 9
358614720 9
586172403 7
358617420 9
035862147 9
403586217 9
862417035 7
862471035 7
140358627 9
862741035 7
127035864 7
172035864 7
586421703 9
586427103 9
712035864 7
586472103 9
586712403 7
358671420 9
214035867 9
867241035 7
412035867 7
586742103 9
871246035 9
712640358 7
426035871 9
871462035 9
358716240 9
587164203 9
603587214 9
035872164 7
160358724 9
358724610 9
403587261 9
035872641 9
260358741 7
741620358 9
216035874 9
587426103 7
612035874 9
874621035 9
587612403 7
358761420 9
621403587 9
876241035 7
120358764 7
587642103 9
457803612 9
458703612 9
475803612 9
478503612 9
485703612 9
487503612 9
254780361 9
254870361 9
257480361 9
257840361 9
258470361 9
258740361 9
745803612 9
748503612 9
275480361 9
275840361 9
784503612 9
278540361 9
845703612 9
847503612 9
285470361 9
285740361 9
874503612 9
287540361 9
578036142 7
587036142 7
758036142 7
785036142 7
857036142 7
875036142 7
527803614 9
528703614 9
572803614 9
578203614 9
582703614 9
587203614 9
258036147 7
285036147 7
752803614 9
758203614 9
825036147 7
785203614 9
257036148 7
275036148 7
852703614 9
857203614 9
725036148 7
875203614 9
780361524 9
870361524 9
803615274 9
036152784 9
703615284 9
036152874 9
278036154 9
287036154 9
728036154 9
782036154 9
827036154 9
872036154 9
803615724 9
036157284 9
280361574 9
820361574 9
036157824 9
203615784 9
703615824 9
036158274 9
270361584 9
720361584 9
036158724 9
203615874 9
458036172 9
485036172 9
725480361 9
725840361 9
845036172 9
728540361 9
580361742 7
850361742 7
528036174 9
582036174 9
250361748 7
852036174 9
803617524 9
036175284 9
280361754 9
820361754 9
036175824 9
203617584 9
450361782 9
782540361 9
503617842 7
520361784 9
036178524 9
203617854 9
457036182 9
475036182 9
825470361 9
825740361 9
745036182 9
827540361 9
570361842 7
750361842 7
527036184 9
572036184 9
250361847 7
752036184 9
703618524 9
036185274 9
270361854 9
720361854 9
036185724 9
203618574 9
450361872 9
872540361 9
503618742 7
520361874 9
036187524 9
203618754 9
145780362 9
145870362 9
147580362 9
147850362 9
148570362 9
148750362 9
547803621 9
548703621 9
574803621 9
578403621 9
584703621 9
587403621 9
174580362 9
174850362 9
754803621 9
758403621 9
178450362 9
785403621 9
184570362 9
184750362 9
854703621 9
857403621 9
187450362 9
875403621 9
780362415 9
870362415 9
803624175 9
036241785 9
703624185 9
036241875 9
178036245 9
187036245 9
718036245 9
781036245 9
817036245 9
871036245 9
803624715 9
036247185 9
180362475 9
810362475 9
036247815 9
103624785 9
703624815 9
036248175 9
170362485 9
710362485 9
036248715 9
103624875 9
478036251 7
487036251 7
748036251 7
784036251 7
847036251 7
874036251 7
417803625 9
418703625 9
471803625 9
478103625 9
481703625 9
487103625 9
148036257 7
184036257 7
741803625 9
748103625 9
814036257 7
784103625 9
147036258 7
174036258 7
841703625 9
847103625 9
714036258 7
874103625 9
714580362 9
714850362 9
548036271 9
584036271 9
718450362 9
854036271 9
803627415 9
036274185 9
180362745 9
810362745 9
036274815 9
103627485 9
480362751 7
840362751 7
418036275 9
481036275 9
140362758 7
841036275 9
781450362 9
540362781 9
036278415 9
103627845 9
403627851 7
410362785 9
814570362 9
814750362 9
547036281 9
574036281 9
817450362 9
754036281 9
703628415 9
036284175 9
170362845 9
710362845 9
036284715 9
103628475 9
470362851 7
740362851 7
417036285 9
471036285 9
140362857 7
741036285 9
871450362 9
540362871 9
036287415 9
103628745 9
403628751 7
410362875 9
257803641 9
258703641 9
275803641 9
278503641 9
285703641 9
287503641 9
278036415 7
287036415 7
728036415 7
782036415 7
827036415 7
872036415 7
725803641 9
728503641 9
528036417 7
582036417 7
782503641 9
852036417 7
825703641 9
827503641 9
527036418 7
572036418 7
872503641 9
752036418 7
578036421 9
587036421 9
758036421 9
785036421 9
857036421 9
875036421 9
780364251 9
870364251 9
803642571 9
036425781 9
703642581 9
036425871 9
580364271 9
850364271 9
803642751 9
036427581 9
503642781 9
036427851 9
570364281 9
750364281 9
703642851 9
036428571 9
503642871 9
036428751 9
127803645 9
128703645 9
172803645 9
178203645 9
182703645 9
187203645 9
521780364 9
521870364 9
527180364 9
527810364 9
528170364 9
528710364 9
712803645 9
718203645 9
572180364 9
572810364 9
781203645 9
578210364 9
812703645 9
817203645 9
582170364 9
582710364 9
871203645 9
587210364 9
258036471 9
285036471 9
280364715 7
820364715 7
825036471 9
520364718 7
580364721 9
850364721 9
803647251 9
036472581 9
503647281 9
036472851 9
128036475 9
182036475 9
752180364 9
752810364 9
812036475 9
758210364 9
250364781 9
203647815 7
503647821 9
036478251 9
120364785 9
785210364 9
257036481 9
275036481 9
270364815 7
720364815 7
725036481 9
520364817 7
570364821 9
750364821 9
703648251 9
036482571 9
503648271 9
036482751 9
127036485 9
172036485 9
852170364 9
852710364 9
712036485 9
857210364 9
250364871 9
203648715 7
503648721 9
036487251 9
120364875 9
875210364 9
478036512 9
487036512 9
748036512 9
784036512 9
847036512 9
874036512 9
780365142 9
870365142 9
803651472 9
036514782 9
703651482 9
036514872 9
480365172 9
840365172 9
803651742 9
036517482 9
403651782 9
036517842 9
470365182 9
740365182 9
703651842 9
036518472 9
403651872 9
036518742 9
147803652 9
148703652 9
174803652 9
178403652 9
184703652 9
187403652 9
178036524 7
187036524 7
718036524 7
781036524 7
817036524 7
871036524 7
714803652 9
718403652 9
418036527 7
481036527 7
781403652 9
841036527 7
814703652 9
817403652 9
417036528 7
471036528 7
871403652 9
741036528 7
412780365 9
412870365 9
417280365 9
417820365 9
418270365 9
418720365 9
217803654 9
218703654 9
271803654 9
278103654 9
281703654 9
287103654 9
471280365 9
471820365 9
721803654 9
728103654 9
478120365 9
782103654 9
481270365 9
481720365 9
821703654 9
827103654 9
487120365 9
872103654 9
480365712 9
840365712 9
803657142 9
036571482 9
403657182 9
036571842 9
148036572 9
184036572 9
180365724 7
810365724 7
814036572 9
410365728 7
741280365 9
741820365 9
218036574 9
281036574 9
748120365 9
821036574 9
403657812 9
036578142 9
140365782 9
103657824 7
784120365 9
210365784 9
470365812 9
740365812 9
703658142 9
036581472 9
403658172 9
036581742 9
147036582 9
174036582 9
170365824 7
710365824 7
714036582 9
410365827 7
841270365 9
841720365 9
217036584 9
271036584 9
847120365 9
721036584 9
403658712 9
036587142 9
140365872 9
103658724 7
874120365 9
210365874 9
458036712 9
485036712 9
254803671 9
258403671 9
845036712 9
285403671 9
580367142 7
850367142 7
528036714 9
582036714 9
250367148 7
852036714 9
803671524 9
036715284 9
280367154 9
820367154 9
036715824 9
203671584 9
450367182 9
825403671 9
503671842 7
520367184 9
036718524 9
203671854 9
145803672 9
148503672 9
548036721 9
584036721 9
184503672 9
854036721 9
803672415 9
036724185 9
180367245 9
810367245 9
036724815 9
103672485 9
480367251 7
840367251 7
418036725 9
481036725 9
140367258 7
841036725 9
814503672 9
540367281 9
036728415 9
103672845 9
403672851 7
410367285 9
258036741 9
285036741 9
280367415 7
820367415 7
825036741 9
520367418 7
580367421 9
850367421 9
803674251 9
036742581 9
503674281 9
036742851 9
128036745 9
182036745 9
521803674 9
528103674 9
812036745 9
582103674 9
250367481 9
203674815 7
503674821 9
036748251 9
120367485 9
852103674 9
480367512 9
840367512 9
803675142 9
036751482 9
403675182 9
036751842 9
148036752 9
184036752 9
180367524 7
810367524 7
814036752 9
410367528 7
412803675 9
418203675 9
218036754 9
281036754 9
481203675 9
821036754 9
403675812 9
036758142 9
140367582 9
103675824 7
841203675 9
210367584 9
450367812 9
254036781 9
503678142 7
520367814 9
036781524 9
203678154 9
145036782 9
540367821 9
036782415 9
103678245 9
403678251 7
410367825 9
250367841 9
203678415 7
503678421 9
036784251 9
120367845 9
521036784 9
403678512 9
036785142 9
140367852 9
103678524 7
412036785 9
210367854 9
457036812 9
475036812 9
254703681 9
257403681 9
745036812 9
275403681 9
570368142 7
750368142 7
527036814 9
572036814 9
250368147 7
752036814 9
703681524 9
036815274 9
270368154 9
720368154 9
036815724 9
203681574 9
450368172 9
725403681 9
503681742 7
520368174 9
036817524 9
203681754 9
145703682 9
147503682 9
547036821 9
574036821 9
174503682 9
754036821 9
703682415 9
036824175 9
170368245 9
710368245 9
036824715 9
103682475 9
470368251 7
740368251 7
417036825 9
471036825 9
140368257 7
741036825 9
714503682 9
540368271 9
036827415 9
103682745 9
403682751 7
410368275 9
257036841 9
275036841 9
270368415 7
720368415 7
725036841 9
520368417 7
570368421 9
750368421 9
703684251 9
036842571 9
503684271 9
036842751 9
127036845 9
172036845 9
521703684 9
527103684 9
712036845 9
572103684 9
250368471 9
203684715 7
503684721 9
036847251 9
120368475 9
752103684 9
470368512 9
740368512 9
703685142 9
036851472 9
403685172 9
036851742 9
147036852 9
174036852 9
170368524 7
710368524 7
714036852 9
410368527 7
412703685 9
417203685 9
217036854 9
271036854 9
471203685 9
721036854 9
403685712 9
036857142 9
140368572 9
103685724 7
741203685 9
210368574 9
450368712 9
254036871 9
503687142 7
520368714 9
036871524 9
203687154 9
145036872 9
540368721 9
036872415 9
103687245 9
403687251 7
410368725 9
250368741 9
203687415 7
503687421 9
036874251 9
120368745 9
521036874 9
403687512 9
036875142 9
140368752 9
103687524 7
412036875 9
210368754 9
680371245 7
860371245 7
712465803 9
712468503 9
560371248 7
712486503 9
468037125 9
486037125 9
125648037 9
125684037 9
846037125 9
037125864 0
264580371 9
264850371 9
654803712 9
658403712 9
268450371 9
685403712 9
603712845 7
712846503 9
460371285 9
128564037 9
286450371 9
865403712 9
568037142 9
586037142 9
371426580 9
371426850 9
856037142 9
371428650 9
680371452 9
860371452 9
803714562 9
037145682 9
603714582 9
037145862 9
803714625 9
037146285 9
037146528 7
371465820 7
037146825 9
371468520 7
560371482 9
371482650 9
603714852 9
037148562 9
037148625 9
371486520 7
246803715 9
248603715 9
526480371 9
526840371 9
284603715 9
528640371 9
542680371 9
542860371 9
462803715 7
468203715 7
548260371 9
486203715 7
715624803 9
715628403 9
371564280 9
371564820 9
715682403 9
371568420 9
824603715 9
582640371 9
584260371 9
846203715 7
715862403 9
371586420 9
716245803 9
716248503 9
548037162 7
584037162 7
716284503 9
854037162 7
164258037 7
164285037 7
164528037 9
164582037 9
164825037 7
037164852 0
371652480 9
371652840 9
716542803 7
716548203 7
371658240 9
716584203 7
716824503 9
254037168 7
168425037 7
168452037 9
371685240 9
716854203 7
603718245 7
718246503 9
460371825 9
256403718 7
826450371 9
654037182 9
560371842 9
371842650 9
603718452 9
037184562 9
037184625 9
371846520 7
246037185 9
852640371 9
854260371 9
546203718 7
718562403 9
371856420 9
718624503 9
540371862 7
186425037 7
645203718 7
371865240 9
718654203 7
568037214 9
586037214 9
214658037 9
214685037 9
856037214 9
037214865 0
680372154 7
860372154 7
721564803 7
721568403 7
460372158 7
721586403 7
645803721 7
648503721 7
165480372 9
165840372 9
684503721 7
168540372 9
560372184 9
218465037 9
603721854 7
721856403 7
864503721 7
186540372 9
156803724 9
158603724 9
416580372 9
416850372 9
185603724 9
418650372 9
451680372 9
451860372 9
724561803 9
724568103 9
458160372 9
724586103 9
724615803 9
724618503 9
372465180 9
372465810 9
724681503 9
372468510 9
815603724 9
481650372 9
485160372 9
724856103 9
724861503 9
372486510 9
468037251 9
486037251 9
372516480 9
372516840 9
846037251 9
372518640 9
680372541 9
860372541 9
803725461 9
037254681 9
603725481 9
037254861 9
803725614 9
037256184 9
037256418 7
372564810 7
037256814 9
372568410 7
460372581 9
372581640 9
603725841 9
037258461 7
037258614 9
103725864 9
614580372 9
614850372 9
726154803 9
726158403 9
618450372 9
726185403 9
037264158 7
372641850 7
803726451 9
037264581 9
372648150 7
037264851 9
265148037 7
265184037 7
265418037 9
265481037 9
265814037 7
037265841 0
681450372 9
726815403 9
372684150 7
037268451 9
268514037 7
268541037 9
560372814 9
146503728 7
603728154 7
728156403 7
164503728 7
816540372 9
156037284 9
841650372 9
845160372 9
728456103 9
728461503 9
372846510 9
460372851 9
372851640 9
603728541 9
037285461 9
037285614 9
372856410 7
861450372 9
728615403 9
372864150 7
037286451 9
286514037 7
654103728 7
680374125 9
860374125 9
803741265 9
037412685 9
603741285 9
037412865 9
268037415 9
286037415 9
374156280 9
374156820 9
826037415 9
374158620 9
037416258 7
374162850 7
803741652 9
037416582 9
374168250 7
037416852 9
603741825 9
037418265 9
260374185 9
374185620 9
374186250 7
037418652 9
215680374 9
215860374 9
165803742 7
168503742 7
218560374 9
186503742 7
516803742 9
518603742 9
425618037 7
425681037 7
581603742 9
425861037 7
374261580 9
374261850 9
742651803 9
742658103 9
374268150 9
742685103 9
281560374 9
816503742 7
851603742 9
428561037 7
374286150 9
742865103 9
126803745 9
128603745 9
745162803 9
745168203 9
182603745 9
745186203 9
168037452 7
186037452 7
452618037 9
452681037 9
816037452 7
037452861 0
561280374 9
561820374 9
621803745 7
628103745 7
568120374 9
682103745 7
812603745 9
745816203 2
216037458 7
458261037 9
586120374 9
862103745 7
461258037 9
461285037 9
374615280 9
374615820 9
037461825 0
374618520 9
746215803 7
746218503 7
374625180 9
374625810 9
746281503 7
374628510 9
746512803 9
746518203 9
652180374 9
652810374 9
746581203 9
658210374 9
468125037 9
374681520 9
746821503 7
374682510 9
746851203 9
685210374 9
603748125 9
037481265 9
260374815 9
374815620 9
374816250 7
037481652 9
821560374 9
216503748 7
516037482 9
482561037 7
374826150 9
748265103 9
126037485 9
748516203 9
160374852 7
526103748 7
856120374 9
562103748 7
612503748 7
374861520 9
748621503 7
374862510 9
748651203 9
865210374 9
124680375 9
124860375 9
264803751 7
268403751 7
128460375 9
286403751 7
426803751 9
428603751 9
146280375 9
146820375 9
482603751 9
148620375 9
375162480 9
375162840 9
751642803 9
751648203 9
375168240 9
751684203 9
182460375 9
826403751 7
842603751 9
184620375 9
375186240 9
751864203 9
680375214 9
860375214 9
803752164 7
403752168 7
603752184 9
037521864 7
168037524 9
186037524 9
375246180 9
375246810 9
816037524 9
375248610 9
480375261 9
840375261 9
803752641 9
037526481 9
403752681 9
037526841 9
603752814 9
037528164 7
160375284 9
375284610 9
403752861 9
037528641 9
268037541 7
286037541 7
037541628 0
037541682 0
826037541 7
037541862 0
216803754 9
218603754 9
754261803 7
754268103 7
281603754 9
754286103 7
612803754 9
618203754 9
462180375 9
462810375 9
681203754 9
468210375 9
126037548 7
816203754 9
821603754 9
754826103 7
861203754 9
486210375 9
756124803 7
756128403 7
375614280 9
375614820 9
756182403 7
375618420 9
562148037 9
562184037 9
562418037 7
562481037 7
037562814 0
562841037 7
128037564 7
182037564 7
756421803 9
756428103 9
812037564 7
756482103 9
756812403 7
375681420 9
568214037 9
568241037 7
412037568 7
756842103 9
812460375 9
126403758 7
426037581 9
814620375 9
375816240 9
758164203 9
603758214 9
037582164 7
160375824 9
375824610 9
403758261 9
037582641 9
260375841 7
162037584 7
216037584 9
758426103 7
612037584 9
846210375 9
758612403 7
375861420 9
621403758 7
586241037 7
120375864 7
758642103 9
458037612 9
485037612 9
254803761 9
258403761 9
845037612 9
285403761 9
580376142 7
850376142 7
528037614 9
582037614 9
250376148 7
852037614 9
803761524 9
037615284 9
280376154 9
820376154 9
037615824 9
203761584 9
450376182 9
825403761 9
503761842 7
520376184 9
037618524 9
203761854 9
145803762 9
148503762 9
548037621 9
584037621 9
184503762 9
854037621 9
803762415 9
037624185 9
180376245 9
810376245 9
037624815 9
103762485 9
480376251 7
840376251 7
418037625 9
481037625 9
140376258 7
841037625 9
814503762 9
540376281 9
037628415 9
103762845 9
403762851 7
410376285 9
258037641 9
285037641 9
280376415 7
820376415 7
825037641 9
520376418 7
580376421 9
850376421 9
803764251 9
037642581 9
503764281 9
037642851 9
128037645 9
182037645 9
521803764 9
528103764 9
812037645 9
582103764 9
250376481 9
203764815 7
503764821 9
037648251 9
120376485 9
852103764 9
480376512 9
840376512 9
803765142 9
037651482 9
403765182 9
037651842 9
148037652 9
184037652 9
180376524 7
810376524 7
814037652 9
410376528 7
412803765 9
418203765 9
218037654 9
281037654 9
481203765 9
821037654 9
403765812 9
037658142 9
140376582 9
103765824 7
841203765 9
210376584 9
450376812 9
254037681 9
503768142 7
520376814 9
037681524 9
203768154 9
145037682 9
540376821 9
037682415 9
103768245 9
403768251 7
410376825 9
250376841 9
203768415 7
503768421 9
037684251 9
120376845 9
521037684 9
403768512 9
037685142 9
140376852 9
103768524 7
412037685 9
210376854 9
603781245 7
781246503 9
460378125 9
125640378 9
264503781 9
654037812 9
560378142 9
378142650 9
603781452 9
037814562 9
037814625 9
378146520 7
246037815 9
526403781 9
542603781 9
462037815 7
781562403 9
378156420 9
781624503 9
540378162 7
816425037 7
164520378 9
378165240 9
781654203 7
560378214 9
214650378 9
603782154 7
782156403 7
645037821 7
165403782 9
156037824 9
416503782 9
451603782 9
782456103 9
782461503 9
378246510 9
460378251 9
378251640 9
603782541 9
037825461 9
037825614 9
378256410 7
614503782 9
782615403 9
378264150 7
037826451 9
826514037 7
265410378 9
603784125 9
037841265 9
260378415 9
378415620 9
378416250 7
037841652 9
215603784 9
165037842 7
516037842 9
842561037 7
378426150 9
784265103 9
126037845 9
784516203 9
160378452 7
452610378 9
561203784 9
621037845 7
461250378 9
378461520 9
784621503 7
378462510 9
784651203 9
652103784 9
124603785 9
264037851 7
426037851 9
146203785 9
378516240 9
785164203 9
603785214 9
037852164 7
160378524 9
378524610 9
403785261 9
037852641 9
260378541 7
416203785 7
216037854 9
785426103 7
612037854 9
462103785 9
785612403 7
378561420 9
562140378 9
856241037 7
120378564 7
785642103 9
450378612 9
254037861 9
503786142 7
520378614 9
037861524 9
203786154 9
145037862 9
540378621 9
037862415 9
103786245 9
403786251 7
410378625 9
250378641 9
203786415 7
503786421 9
037864251 9
120378645 9
521037864 9
403786512 9
037865142 9
140378652 9
103786524 7
412037865 9
210378654 9
670381245 7
760381245 7
812465703 9
812467503 9
560381247 7
812476503 9
467038125 9
476038125 9
038125647 0
038125674 0
746038125 9
038125764 0
264570381 9
264750381 9
654703812 9
657403812 9
267450381 9
675403812 9
603812745 7
812746503 9
460381275 9
038127564 0
276450381 9
765403812 9
567038142 9
576038142 9
381426570 9
381426750 9
756038142 9
381427650 9
670381452 9
760381452 9
703814562 9
038145672 9
603814572 9
038145762 9
703814625 9
038146275 9
038146527 7
381465720 7
038146725 9
381467520 7
560381472 9
381472650 9
603814752 9
038147562 9
038147625 9
381476520 7
246703815 9
247603815 9
526470381 9
526740381 9
274603815 9
527640381 9
542670381 9
542760381 9
462703815 7
467203815 7
547260381 9
476203815 7
815624703 9
815627403 9
381564270 9
381564720 9
815672403 9
381567420 9
724603815 9
572640381 9
574260381 9
746203815 7
815762403 9
381576420 9
816245703 9
816247503 9
547038162 7
574038162 7
816274503 9
754038162 7
164257038 7
164275038 7
038164527 0
038164572 0
164725038 7
038164752 0
381652470 9
381652740 9
816542703 7
816547203 7
381657240 9
816574203 7
816724503 9
254038167 7
167425038 7
038167452 0
381675240 9
816754203 7
603817245 7
817246503 9
460381725 9
038172564 0
726450381 9
654038172 9
560381742 9
381742650 9
603817452 9
038174562 9
038174625 9
381746520 7
246038175 9
752640381 9
754260381 9
546203817 7
817562403 9
381756420 9
817624503 9
540381762 7
176425038 7
038176452 0
381765240 9
817654203 7
567038214 9
576038214 9
038214657 0
038214675 0
756038214 9
038214765 0
670382154 7
760382154 7
821564703 7
821567403 7
460382157 7
821576403 7
645703821 7
647503821 7
165470382 9
165740382 9
674503821 7
167540382 9
560382174 9
038217465 0
603821754 7
821756403 7
764503821 7
176540382 9
156703824 9
157603824 9
416570382 9
416750382 9
175603824 9
417650382 9
451670382 9
451760382 9
824561703 9
824567103 7
457160382 9
824576103 9
824615703 9
824617503 9
382465170 9
382465710 9
824671503 9
382467510 9
715603824 9
471650382 9
475160382 9
824756103 9
824761503 9
382476510 9
467038251 9
476038251 9
382516470 9
382516740 9
746038251 9
382517640 9
670382541 9
760382541 9
703825461 9
038254671 9
603825471 9
038254761 9
703825614 9
038256174 9
038256417 7
382564710 7
038256714 9
382567410 7
460382571 9
382571640 9
603825741 9
038257461 7
038257614 9
103825764 9
614570382 9
614750382 9
826154703 9
826157403 9
617450382 9
826175403 9
038264157 7
382641750 7
703826451 9
038264571 9
382647150 7
038264751 9
265147038 7
265174038 7
038265417 0
038265471 0
265714038 7
038265741 0
671450382 9
826715403 9
382674150 7
038267451 9
267514038 7
038267541 0
560382714 9
038271465 0
603827154 7
827156403 7
164503827 7
716540382 9
156038274 9
741650382 9
745160382 9
827456103 9
827461503 9
382746510 9
460382751 9
382751640 9
603827541 9
038275461 9
038275614 9
382756410 7
761450382 9
827615403 9
382764150 7
038276451 9
276514038 7
038276541 0
670384125 9
760384125 9
703841265 9
038412675 9
603841275 9
038412765 9
267038415 9
276038415 9
384156270 9
384156720 9
726038415 9
384157620 9
038416257 7
384162750 7
703841652 9
038416572 9
384167250 7
038416752 9
603841725 9
038417265 9
260384175 9
384175620 9
384176250 7
038417652 9
215670384 9
215760384 9
165703842 7
167503842 7
217560384 9
176503842 7
516703842 9
517603842 9
425617038 7
425671038 7
571603842 9
425761038 7
384261570 9
384261750 9
842651703 9
842657103 9
384267150 9
842675103 9
271560384 9
716503842 7
751603842 9
427561038 7
384276150 9
842765103 9
126703845 9
127603845 9
845162703 9
845167203 9
172603845 9
845176203 9
167038452 7
176038452 7
038452617 0
038452671 0
716038452 7
038452761 0
561270384 9
561720384 9
621703845 7
627103845 7
567120384 9
672103845 7
712603845 9
845716203 9
216038457 7
038457261 0
576120384 9
762103845 7
038461257 0
038461275 0
384615270 9
384615720 9
038461725 0
384617520 9
846215703 7
846217503 7
384625170 9
384625710 9
846271503 7
384627510 9
846512703 9
846517203 9
652170384 9
652710384 9
846571203 9
657210384 9
038467125 0
384671520 9
846721503 7
384672510 9
846751203 9
675210384 9
603847125 9
038471265 9
260384715 9
384715620 9
384716250 7
038471652 9
721560384 9
216503847 7
516038472 9
472561038 7
384726150 9
847265103 9
126038475 9
847516203 9
160384752 7
038475261 0
756120384 9
562103847 7
038476125 0
384761520 9
847621503 7
384762510 9
847651203 9
765210384 9
124670385 9
124760385 9
264703851 7
267403851 7
127460385 9
276403851 7
426703851 9
427603851 9
146270385 9
146720385 9
472603851 9
147620385 9
385162470 9
385162740 9
851642703 9
851647203 9
385167240 9
851674203 9
172460385 9
726403851 7
742603851 9
174620385 9
385176240 9
851764203 9
670385214 9
760385214 9
703852164 7
403852167 7
603852174 9
038521764 7
167038524 9
176038524 9
385246170 9
385246710 9
716038524 9
385247610 9
470385261 9
740385261 9
703852641 9
038526471 9
403852671 9
038526741 9
603852714 9
038527164 7
160385274 9
385274610 9
403852761 9
038527641 9
267038541 7
276038541 7
541627038 9
038541672 0
726038541 7
541762038 9
216703854 9
217603854 9
854261703 7
854267103 7
271603854 9
854276103 7
612703854 9
617203854 9
462170385 9
462710385 9
671203854 9
467210385 9
126038547 7
547162038 9
721603854 9
854726103 7
761203854 9
476210385 9
856124703 7
856127403 7
385614270 9
385614720 9
856172403 7
385617420 9
038562147 0
038562174 0
562417038 7
562471038 7
038562714 0
562741038 7
127038564 7
172038564 7
856421703 9
856427103 9
712038564 7
856472103 9
856712403 7
385671420 9
038567214 0
567241038 7
412038567 7
856742103 9
712460385 9
126403857 7
426038571 9
714620385 9
385716240 9
857164203 9
603857214 9
038572164 7
160385724 9
385724610 9
403857261 9
038572641 9
260385741 7
416203857 7
216038574 9
857426103 7
612038574 9
746210385 9
857612403 7
385761420 9
038576214 0
576241038 7
120385764 7
857642103 9
457038612 9
475038612 9
254703861 9
257403861 9
745038612 9
275403861 9
570386142 7
750386142 7
527038614 9
572038614 9
250386147 7
752038614 9
703861524 9
038615274 9
270386154 9
720386154 9
038615724 9
203861574 9
450386172 9
725403861 9
503861742 7
520386174 9
038617524 9
203861754 9
145703862 9
147503862 9
547038621 9
574038621 9
174503862 9
754038621 9
703862415 9
038624175 9
170386245 9
710386245 9
038624715 9
103862475 9
470386251 7
740386251 7
417038625 9
471038625 9
140386257 7
741038625 9
714503862 9
540386271 9
038627415 9
103862745 9
403862751 7
410386275 9
257038641 9
275038641 9
270386415 7
720386415 7
725038641 9
520386417 7
570386421 9
750386421 9
703864251 9
038642571 9
503864271 9
038642751 9
127038645 9
172038645 9
521703864 9
527103864 9
712038645 9
572103864 9
250386471 9
203864715 7
503864721 9
038647251 9
120386475 9
752103864 9
470386512 9
740386512 9
703865142 9
038651472 9
403865172 9
038651742 9
147038652 9
174038652 9
170386524 7
710386524 7
714038652 9
410386527 7
412703865 9
417203865 9
217038654 9
271038654 9
471203865 9
721038654 9
403865712 9
038657142 9
140386572 9
103865724 7
741203865 9
210386574 9
450386712 9
254038671 9
503867142 7
520386714 9
038671524 9
203867154 9
145038672 9
540386721 9
038672415 9
103867245 9
403867251 7
410386725 9
250386741 9
203867415 7
503867421 9
038674251 9
120386745 9
521038674 9
403867512 9
038675142 9
140386752 9
103867524 7
412038675 9
210386754 9
603871245 7
871246503 9
460387125 9
712564038 9
264503871 9
654038712 9
560387142 9
387142650 9
603871452 9
038714562 9
038714625 9
387146520 7
246038715 9
526403871 9
542603871 9
462038715 7
871562403 9
387156420 9
871624503 9
540387162 7
716425038 7
716452038 9
387165240 9
871654203 7
560387214 9
721465038 9
603872154 7
872156403 7
645038721 7
165403872 9
156038724 9
416503872 9
451603872 9
872456103 9
872461503 9
387246510 9
460387251 9
387251640 9
603872541 9
038725461 9
038725614 9
387256410 7
614503872 9
872615403 9
387264150 7
038726451 9
726514038 7
726541038 9
603874125 9
038741265 9
260387415 9
387415620 9
387416250 7
038741652 9
215603874 9
165038742 7
516038742 9
742561038 7
387426150 9
874265103 9
126038745 9
874516203 9
160387452 7
745261038 9
561203874 9
621038745 7
746125038 9
387461520 9
874621503 7
387462510 9
874651203 9
652103874 9
124603875 9
264038751 7
426038751 9
146203875 9
387516240 9
875164203 9
603875214 9
038752164 7
160387524 9
387524610 9
403875261 9
038752641 9
260387541 7
541620387 9
216038754 9
875426103 7
612038754 9
462103875 9
875612403 7
387561420 9
756214038 9
756241038 7
120387564 7
875642103 9
450387612 9
254038761 9
503876142 7
520387614 9
038761524 9
203876154 9
145038762 9
540387621 9
038762415 9
103876245 9
403876251 7
410387625 9
250387641 9
203876415 7
503876421 9
038764251 9
120387645 9
521038764 9
403876512 9
038765142 9
140387652 9
103876524 7
412038765 9
210387654 9
123567804 7
123568704 7
123576804 7
123578604 7
123586704 7
123587604 7
365780412 9
365870412 9
367580412 9
367850412 9
368570412 9
368750412 9
123756804 7
123758604 7
376580412 9
376850412 9
123785604 7
378650412 9
123856704 7
123857604 7
386570412 9
386750412 9
123875604 7
387650412 9
253678041 9
253687041 9
253768041 9
253786041 9
253867041 9
253876041 9
563780412 9
563870412 9
567380412 9
567830412 9
568370412 9
568730412 9
257368041 9
257386041 9
576380412 9
576830412 9
257836041 9
578630412 9
258367041 9
258376041 9
586370412 9
586730412 9
258736041 9
587630412 9
357804126 7
358704126 7
375804126 7
378504126 7
385704126 7
387504126 7
804126537 9
041265387 9
380412657 9
830412657 9
041265837 9
304126587 9
735804126 7
738504126 7
538041267 9
304126758 7
783504126 7
530412678 9
835704126 7
837504126 7
041268537 0
041268573 0
873504126 7
753041268 9
127356804 7
127358604 7
736580412 9
736850412 9
127385604 7
738650412 9
275368041 9
275386041 9
756380412 9
756830412 9
275836041 9
758630412 9
635804127 7
638504127 7
041276538 5
658304127 3
683504127 7
041276853 0
127835604 7
783650412 9
278536041 9
785630412 9
863504127 7
865304127 9
128356704 7
128357604 7
836570412 9
836750412 9
128375604 7
837650412 9
285367041 9
285376041 9
856370412 9
856730412 9
285736041 9
857630412 9
635704128 7
637504128 7
041286537 0
041286573 0
673504128 7
530412867 7
128735604 7
873650412 9
287536041 9
875630412 9
763504128 7
653041287 9
413256780 9
413256870 9
413257680 9
413257860 9
413258670 9
413258760 9
657804132 9
658704132 9
675804132 9
678504132 9
685704132 9
687504132 9
413275680 9
413275860 9
765804132 9
768504132 9
413278560 9
786504132 9
413285670 9
413285760 9
865704132 9
867504132 9
413287560 9
876504132 9
780413526 9
870413526 9
804135276 9
041352786 9
704135286 9
041352876 9
278041356 9
287041356 9
728041356 9
782041356 9
827041356 9
872041356 9
804135726 9
041357286 9
280413576 9
820413576 9
041357826 9
204135786 9
704135826 9
041358276 9
270413586 9
720413586 9
041358726 9
204135876 9
578041362 9
587041362 9
758041362 9
785041362 9
857041362 9
875041362 9
780413652 7
870413652 7
280413657 7
820413657 7
270413658 7
720413658 7
580413672 9
850413672 9
804136752 7
204136758 7
504136782 9
041367852 7
570413682 9
750413682 9
704136852 7
204136857 7
504136872 9
041368752 7
413725680 9
413725860 9
658041372 9
685041372 9
413728560 9
865041372 9
804137526 9
041375286 9
280413756 9
820413756 9
041375826 9
204137586 9
580413762 9
850413762 9
804137652 7
204137658 7
504137682 9
041376852 7
413782560 9
650413782 9
041378526 9
204137856 9
504137862 9
041378652 7
413825670 9
413825760 9
657041382 9
675041382 9
413827560 9
765041382 9
704138526 9
041385276 9
270413856 9
720413856 9
041385726 9
204138576 9
570413862 9
750413862 9
704138652 7
204138657 7
504138672 9
041386752 7
413872560 9
650413872 9
041387526 9
204138756 9
504138762 9
041387652 7
152367804 9
152368704 9
152376804 9
152378604 9
152386704 9
152387604 9
637804152 7
638704152 7
673804152 7
678304152 7
683704152 7
687304152 7
152736804 9
152738604 9
763804152 7
768304152 7
152783604 9
786304152 7
152836704 9
152837604 9
863704152 7
867304152 7
152873604 9
876304152 7
532678041 7
532687041 7
532768041 7
532786041 7
532867041 7
532876041 7
804153627 9
041536287 9
280415367 9
820415367 9
041536827 9
204153687 9
537268041 7
537286041 7
628041537 9
204153768 7
537826041 7
620415378 9
538267041 7
538276041 7
041538627 0
041538672 0
538726041 7
762041538 9
804156237 7
704156238 7
041562738 7
415627830 7
041562837 7
415628730 7
780415632 9
870415632 9
804156372 9
041563782 9
704156382 9
041563872 9
041567238 7
415672830 7
804156732 9
041567382 9
415678230 7
041567832 9
041568237 7
415682730 7
704156832 9
041568372 9
415687230 7
041568732 9
157236804 9
157238604 9
263804157 7
268304157 7
157283604 9
286304157 7
573268041 7
573286041 7
041573628 5
368204157 3
573826041 7
041573862 0
041576238 7
415762830 7
804157632 9
041576382 9
415768230 7
041576832 9
157823604 9
826304157 7
578326041 7
836204157 9
415786230 7
041578632 9
158236704 9
158237604 9
263704158 7
267304158 7
158273604 9
276304158 7
583267041 7
583276041 7
041583627 0
041583672 0
583726041 7
620415837 7
041586237 7
415862730 7
704158632 9
041586372 9
415867230 7
041586732 9
158723604 9
726304158 7
587326041 7
362041587 9
415876230 7
041587632 9
235780416 9
235870416 9
237580416 9
237850416 9
238570416 9
238750416 9
625378041 9
625387041 9
625738041 9
625783041 9
625837041 9
625873041 9
273580416 9
273850416 9
627538041 9
627583041 9
278350416 9
627853041 9
283570416 9
283750416 9
628537041 9
628573041 9
287350416 9
628753041 9
632578041 9
632587041 9
632758041 9
632785041 9
632857041 9
632875041 9
352780416 7
352870416 7
357280416 7
357820416 7
358270416 7
358720416 7
637258041 9
637285041 9
375280416 7
375820416 7
637825041 9
378520416 7
638257041 9
638275041 9
385270416 7
385720416 7
638725041 9
387520416 7
165237804 9
165238704 9
165273804 9
165278304 9
165283704 9
165287304 9
416532780 9
416532870 9
416537280 9
416537820 9
416538270 9
416538720 9
165723804 9
165728304 9
416573280 9
416573820 9
165782304 9
416578320 9
165823704 9
165827304 9
416583270 9
416583720 9
165872304 9
416587320 9
723580416 9
723850416 9
672538041 9
672583041 9
728350416 9
672853041 9
673258041 9
673285041 9
735280416 7
735820416 7
673825041 9
738520416 7
167523804 9
167528304 9
416753280 9
416753820 9
167582304 9
416758320 9
782350416 9
678253041 9
678325041 9
783520416 7
167852304 9
416785320 9
823570416 9
823750416 9
682537041 9
682573041 9
827350416 9
682753041 9
683257041 9
683275041 9
835270416 7
835720416 7
683725041 9
837520416 7
168523704 9
168527304 9
416853270 9
416853720 9
168572304 9
416857320 9
872350416 9
687253041 9
687325041 9
873520416 7
168752304 9
416875320 9
172356804 7
172358604 7
365804172 9
368504172 9
172385604 7
386504172 9
725368041 9
725386041 9
563804172 9
568304172 9
725836041 9
586304172 9
358041726 7
385041726 7
265380417 5
265830417 9
835041726 7
041726853 0
172835604 7
836504172 9
728536041 9
856304172 9
635041728 7
286530417 9
417325680 9
417325860 9
658041732 9
685041732 9
417328560 9
865041732 9
804173526 9
041735286 9
280417356 9
820417356 9
041735826 9
204173586 9
580417362 9
850417362 9
804173652 7
204173658 7
504173682 9
041736852 7
417382560 9
650417382 9
041738526 9
204173856 9
504173862 9
041738652 7
175236804 9
175238604 9
638041752 7
683041752 7
175283604 9
863041752 7
753268041 7
753286041 7
536280417 5
536820417 9
753826041 7
041753862 0
041756238 7
417562830 7
804175632 9
041756382 9
417568230 7
041756832 9
175823604 9
263041758 7
758326041 7
583620417 9
417586230 7
041758632 9
235804176 9
238504176 9
762538041 9
762583041 9
283504176 9
762853041 9
763258041 9
763285041 9
635280417 7
635820417 7
763825041 9
638520417 7
176523804 9
176528304 9
417653280 9
417653820 9
176582304 9
417658320 9
823504176 9
768253041 9
768325041 9
683520417 7
176852304 9
417685320 9
178235604 7
365041782 9
782536041 9
563041782 9
350417826 7
826530417 9
417832560 9
650417832 9
041783526 9
204178356 9
504178362 9
041783652 7
178523604 9
630417852 7
785326041 7
853620417 9
417856230 7
041785632 9
235041786 9
786253041 9
786325041 9
863520417 7
178652304 9
417865320 9
182356704 7
182357604 7
365704182 9
367504182 9
182375604 7
376504182 9
825367041 9
825376041 9
563704182 9
567304182 9
825736041 9
576304182 9
357041826 7
375041826 7
041826537 9
304182657 9
735041826 7
530418267 9
182735604 7
736504182 9
827536041 9
756304182 9
635041827 7
653041827 9
418325670 9
418325760 9
657041832 9
675041832 9
418327560 9
765041832 9
704183526 9
041835276 9
270418356 9
720418356 9
041835726 9
204183576 9
570418362 9
750418362 9
704183652 7
204183657 7
504183672 9
041836752 7
418372560 9
650418372 9
041837526 9
204183756 9
504183762 9
041837652 7
185236704 9
185237604 9
637041852 7
673041852 7
185273604 9
763041852 7
853267041 7
853276041 7
041853627 9
204185367 9
853726041 7
620418537 9
041856237 7
418562730 7
704185632 9
041856372 9
418567230 7
041856732 9
185723604 9
263041857 7
857326041 7
362041857 9
418576230 7
041857632 9
235704186 9
237504186 9
862537041 9
862573041 9
273504186 9
862753041 9
863257041 9
863275041 9
635270418 7
635720418 7
863725041 9
637520418 7
186523704 9
186527304 9
418653270 9
418653720 9
186572304 9
418657320 9
723504186 9
867253041 9
867325041 9
673520418 7
186752304 9
418675320 9
187235604 7
365041872 9
872536041 9
563041872 9
350418726 7
265304187 9
418732560 9
650418732 9
041873526 9
204187356 9
504187362 9
041873652 7
187523604 9
630418752 7
875326041 7
536204187 9
418756230 7
041875632 9
235041876 9
876253041 9
876325041 9
763520418 7
187652304 9
418765320 9
804213567 9
042135687 9
680421357 9
860421357 9
042135867 9
604213587 9
657804213 7
658704213 7
675804213 7
678504213 7
685704213 7
687504213 7
568042137 9
604213758 7
765804213 7
768504213 7
560421378 9
786504213 7
042138567 0
042138576 0
865704213 7
867504213 7
756042138 9
876504213 7
536780421 9
536870421 9
537680421 9
537860421 9
538670421 9
538760421 9
156378042 9
156387042 9
156738042 9
156783042 9
156837042 9
156873042 9
573680421 9
573860421 9
157638042 9
157683042 9
578360421 9
157863042 9
583670421 9
583760421 9
158637042 9
158673042 9
587360421 9
158763042 9
635780421 9
635870421 9
637580421 9
637850421 9
638570421 9
638750421 9
216537804 9
216538704 9
216573804 9
216578304 9
216583704 9
216587304 9
673580421 9
673850421 9
216753804 9
216758304 9
678350421 9
216785304 9
683570421 9
683750421 9
216853704 9
216857304 9
687350421 9
216875304 9
042173568 5
358604217 3
365804217 7
368504217 7
042173856 0
386504217 7
753680421 9
753860421 9
175638042 9
175683042 9
758360421 9
175863042 9
763580421 9
763850421 9
217653804 9
217658304 9
768350421 9
217685304 9
835604217 9
836504217 7
785360421 9
178563042 9
786350421 9
217865304 9
042183567 0
042183576 0
365704218 7
367504218 7
560421837 7
376504218 7
853670421 9
853760421 9
185637042 9
185673042 9
857360421 9
185763042 9
863570421 9
863750421 9
218653704 9
218657304 9
867350421 9
218675304 9
356042187 9
736504218 7
875360421 9
187563042 9
876350421 9
218765304 9
315678042 7
315687042 7
315768042 7
315786042 7
315867042 7
315876042 7
165780423 9
165870423 9
167580423 9
167850423 9
168570423 9
168750423 9
317568042 7
317586042 7
176580423 9
176850423 9
317856042 7
178650423 9
318567042 7
318576042 7
186570423 9
186750423 9
318756042 7
187650423 9
235167804 9
235168704 9
235176804 9
235178604 9
235186704 9
235187604 9
423561780 9
423561870 9
423567180 9
423567810 9
423568170 9
423568710 9
235716804 9
235718604 9
423576180 9
423576810 9
235781604 9
423578610 9
235816704 9
235817604 9
423586170 9
423586710 9
235871604 9
423587610 9
361578042 9
361587042 9
361758042 9
361785042 9
361857042 9
361875042 9
651780423 7
651870423 7
657180423 7
657810423 7
658170423 7
658710423 7
367158042 9
367185042 9
675180423 7
675810423 7
367815042 9
678510423 7
368157042 9
368175042 9
685170423 7
685710423 7
368715042 9
687510423 7
371568042 7
371586042 7
716580423 9
716850423 9
371856042 7
718650423 9
237516804 9
237518604 9
423756180 9
423756810 9
237581604 9
423758610 9
376158042 9
376185042 9
765180423 7
765810423 7
376815042 9
768510423 7
378156042 7
781650423 9
237851604 9
423785610 9
378615042 9
786510423 7
381567042 7
381576042 7
816570423 9
816750423 9
381756042 7
817650423 9
238516704 9
238517604 9
423856170 9
423856710 9
238571604 9
423857610 9
386157042 9
386175042 9
865170423 7
865710423 7
386715042 9
867510423 7
387156042 7
871650423 9
238751604 9
423875610 9
387615042 9
876510423 7
367804251 7
368704251 7
376804251 7
378604251 7
386704251 7
387604251 7
251637804 9
251638704 9
251673804 9
251678304 9
251683704 9
251687304 9
736804251 7
738604251 7
251763804 9
251768304 9
783604251 7
251786304 9
836704251 7
837604251 7
251863704 9
251867304 9
873604251 7
251876304 9
425316780 9
425316870 9
425317680 9
425317860 9
425318670 9
425318760 9
253617804 7
253618704 7
253671804 7
253678104 7
253681704 7
253687104 7
425371680 9
425371860 9
253761804 7
253768104 7
425378160 9
253786104 7
425381670 9
425381760 9
253861704 7
253867104 7
425387160 9
253876104 7
425613780 9
425613870 9
425617380 9
425617830 9
425618370 9
425618730 9
804256317 9
042563187 9
180425637 9
810425637 9
042563817 9
104256387 9
425671380 9
425671830 9
318042567 9
104256738 7
425678130 9
310425678 9
425681370 9
425681730 9
042568317 0
042568371 0
425687130 9
731042568 9
136804257 7
138604257 7
257163804 9
257168304 9
183604257 7
257186304 9
425731680 9
425731860 9
257361804 7
257368104 7
425738160 9
257386104 7
425761380 9
425761830 9
042576318 5
638104257 3
425768130 9
042576831 0
813604257 7
257816304 9
425783160 9
257836104 7
425786130 9
863104257 9
136704258 7
137604258 7
258163704 9
258167304 9
173604258 7
258176304 9
425831670 9
425831760 9
258361704 7
258367104 7
425837160 9
258376104 7
425861370 9
425861730 9
042586317 0
042586371 0
425867130 9
310425867 7
713604258 7
258716304 9
425873160 9
258736104 7
425876130 9
631042587 9
357804261 9
358704261 9
375804261 9
378504261 9
385704261 9
387504261 9
426153780 9
426153870 9
426157380 9
426157830 9
426158370 9
426158730 9
735804261 9
738504261 9
426175380 9
426175830 9
783504261 9
426178530 9
835704261 9
837504261 9
426185370 9
426185730 9
873504261 9
426187530 9
578042631 9
587042631 9
758042631 9
785042631 9
857042631 9
875042631 9
780426351 9
870426351 9
804263571 9
042635781 9
704263581 9
042635871 9
580426371 9
850426371 9
804263751 9
042637581 9
504263781 9
042637851 9
570426381 9
750426381 9
704263851 9
042638571 9
504263871 9
042638751 9
780426513 9
870426513 9
804265173 9
042651783 9
704265183 9
042651873 9
804265317 7
704265318 7
042653718 7
426537810 7
042653817 7
426538710 7
804265713 9
042657183 9
042657318 7
426573810 7
042657813 9
426578310 7
704265813 9
042658173 9
042658317 7
426583710 7
042658713 9
426587310 7
358042671 9
385042671 9
426715380 9
426715830 9
835042671 9
426718530 9
580426731 9
850426731 9
804267351 9
042673581 9
504267381 9
042673851 9
804267513 9
042675183 9
042675318 7
426753810 7
042675813 9
426758310 7
350426781 9
426781530 9
504267831 9
042678351 9
042678513 9
426785310 7
357042681 9
375042681 9
426815370 9
426815730 9
735042681 9
426817530 9
570426831 9
750426831 9
704268351 9
042683571 9
504268371 9
042683751 9
704268513 9
042685173 9
042685317 7
426853710 7
042685713 9
426857310 7
350426871 9
426871530 9
504268731 9
042687351 9
042687513 9
426875310 7
135680427 5
135860427 9
658042713 7
685042713 7
042713856 0
865042713 7
536804271 9
538604271 9
715638042 9
715683042 9
583604271 9
715863042 9
635804271 9
638504271 9
271653804 9
271658304 9
683504271 9
271685304 9
183560427 9
365042718 7
853604271 9
718563042 9
863504271 9
271865304 9
731568042 7
731586042 7
165804273 9
168504273 9
731856042 7
186504273 9
273516804 9
273518604 9
427356180 9
427356810 9
273581604 9
427358610 9
736158042 9
736185042 9
365180427 7
365810427 7
736815042 9
368510427 7
738156042 7
816504273 9
273851604 9
427385610 9
738615042 9
386510427 7
368042751 7
386042751 7
275163804 9
275168304 9
836042751 7
275186304 9
427531680 9
427531860 9
275361804 7
275368104 7
427538160 9
275386104 7
427561380 9
427561830 9
563180427 5
563810427 9
427568130 9
042756831 0
136042758 7
275816304 9
427583160 9
275836104 7
427586130 9
586310427 9
358042761 9
385042761 9
427615380 9
427615830 9
835042761 9
427618530 9
580427631 9
850427631 9
804276351 9
042763581 9
504276381 9
042763851 9
804276513 9
042765183 9
042765318 7
427653810 7
042765813 9
427658310 7
350427681 9
427681530 9
504276831 9
042768351 9
042768513 9
427685310 7
813560427 9
650427813 7
536042781 9
781563042 9
635042781 9
278165304 9
783156042 7
165042783 9
278351604 9
427835610 9
783615042 9
836510427 7
360427851 7
278516304 9
427853160 9
278536104 7
427856130 9
856310427 9
350427861 9
427861530 9
504278631 9
042786351 9
042786513 9
427865310 7
042813567 9
604281357 9
657042813 7
675042813 7
560428137 9
765042813 7
536704281 9
537604281 9
815637042 9
815673042 9
573604281 9
815763042 9
635704281 9
637504281 9
281653704 9
281657304 9
673504281 9
281675304 9
356042817 9
365042817 7
753604281 9
817563042 9
763504281 9
281765304 9
831567042 7
831576042 7
165704283 9
167504283 9
831756042 7
176504283 9
283516704 9
283517604 9
428356170 9
428356710 9
283571604 9
428357610 9
836157042 9
836175042 9
365170428 7
365710428 7
836715042 9
367510428 7
837156042 7
716504283 9
283751604 9
428375610 9
837615042 9
376510428 7
367042851 7
376042851 7
285163704 9
285167304 9
736042851 7
285176304 9
428531670 9
428531760 9
285361704 7
285367104 7
428537160 9
285376104 7
428561370 9
428561730 9
042856317 9
104285637 9
428567130 9
310428567 9
136042857 7
285716304 9
428573160 9
285736104 7
428576130 9
631042857 9
357042861 9
375042861 9
428615370 9
428615730 9
735042861 9
428617530 9
570428631 9
750428631 9
704286351 9
042863571 9
504286371 9
042863751 9
704286513 9
042865173 9
042865317 7
428653710 7
042865713 9
428657310 7
350428671 9
428671530 9
504286731 9
042867351 9
042867513 9
428675310 7
135604287 9
650428713 7
536042871 9
871563042 9
635042871 9
287165304 9
873156042 7
165042873 9
287351604 9
428735610 9
873615042 9
736510428 7
360428751 7
287516304 9
428753160 9
287536104 7
428756130 9
563104287 9
350428761 9
428761530 9
504287631 9
042876351 9
042876513 9
428765310 7
780431256 9
870431256 9
804312576 9
043125786 9
704312586 9
043125876 9
578043126 9
587043126 9
758043126 9
785043126 9
857043126 9
875043126 9
804312756 9
043127586 9
580431276 9
850431276 9
043127856 9
504312786 9
704312856 9
043128576 9
570431286 9
750431286 9
043128756 9
504312876 9
804315267 7
704315268 7
043152768 7
431527860 7
043152867 7
431528760 7
780431562 9
870431562 9
804315672 9
043156782 9
704315682 9
043156872 9
043157268 7
431572860 7
804315762 9
043157682 9
431578260 7
043157862 9
043158267 7
431582760 7
704315862 9
043158672 9
431587260 7
043158762 9
257804316 9
258704316 9
275804316 9
278504316 9
285704316 9
287504316 9
431652780 9
431652870 9
431657280 9
431657820 9
431658270 9
431658720 9
725804316 9
728504316 9
431675280 9
431675820 9
782504316 9
431678520 9
825704316 9
827504316 9
431685270 9
431685720 9
872504316 9
431687520 9
804317256 9
043172586 9
580431726 9
850431726 9
043172856 9
504317286 9
043175268 7
431752860 7
804317562 9
043175682 9
431758260 7
043175862 9
258043176 9
285043176 9
431765280 9
431765820 9
825043176 9
431768520 9
043178256 9
504317826 9
431785260 7
043178562 9
250431786 9
431786520 9
704318256 9
043182576 9
570431826 9
750431826 9
043182756 9
504318276 9
043185267 7
431852760 7
704318562 9
043185672 9
431857260 7
043185762 9
257043186 9
275043186 9
431865270 9
431865720 9
725043186 9
431867520 9
043187256 9
504318726 9
431875260 7
043187562 9
250431876 9
431876520 9
321567804 9
321568704 9
321576804 9
321578604 9
321586704 9
321587604 9
216578043 9
216587043 9
216758043 9
216785043 9
216857043 9
216875043 9
321756804 9
321758604 9
217658043 9
217685043 9
321785604 9
217865043 9
321856704 9
321857604 9
218657043 9
218675043 9
321875604 9
218765043 9
432516780 9
432516870 9
432517680 9
432517860 9
432518670 9
432518760 9
325617804 9
325618704 9
325671804 9
325678104 9
325681704 9
325687104 9
432571680 9
432571860 9
325761804 9
325768104 9
432578160 9
325786104 9
432581670 9
432581760 9
325861704 9
325867104 9
432587160 9
325876104 9
615780432 9
615870432 9
617580432 9
617850432 9
618570432 9
618750432 9
265178043 9
265187043 9
265718043 9
265781043 9
265817043 9
265871043 9
671580432 9
671850432 9
267518043 9
267581043 9
678150432 9
267851043 9
681570432 9
681750432 9
268517043 9
268571043 9
687150432 9
268751043 9
327156804 9
327158604 9
271658043 9
271685043 9
327185604 9
271865043 9
432751680 9
432751860 9
327561804 9
327568104 9
432758160 9
327586104 9
761580432 9
761850432 9
276518043 9
276581043 9
768150432 9
276851043 9
327815604 9
278165043 9
432785160 9
327856104 9
786150432 9
278651043 9
328156704 9
328157604 9
281657043 9
281675043 9
328175604 9
281765043 9
432851670 9
432851760 9
328561704 9
328567104 9
432857160 9
328576104 9
861570432 9
861750432 9
286517043 9
286571043 9
867150432 9
286751043 9
328715604 9
287165043 9
432875160 9
328756104 9
876150432 9
287651043 9
804351267 9
043512687 9
680435127 9
860435127 9
043512867 9
604351287 9
516278043 7
516287043 7
516728043 7
516782043 7
516827043 7
516872043 7
268043517 9
604351728 7
517628043 7
517682043 7
260435178 9
517862043 7
043518267 0
043518276 0
518627043 7
518672043 7
726043518 9
518762043 7
780435216 9
870435216 9
804352176 9
043521786 9
704352186 9
043521876 9
804352617 7
704352618 7
043526718 7
435267810 7
043526817 7
435268710 7
804352716 9
043527186 9
043527618 7
435276810 7
043527816 9
435278610 7
704352816 9
043528176 9
043528617 7
435286710 7
043528716 9
435287610 7
356127804 9
356128704 9
356172804 9
356178204 9
356182704 9
356187204 9
562178043 9
562187043 9
562718043 9
562781043 9
562817043 9
562871043 9
356712804 9
356718204 9
567218043 9
567281043 9
356781204 9
567821043 9
356812704 9
356817204 9
568217043 9
568271043 9
356871204 9
568721043 9
043571268 5
128604357 3
571628043 7
571682043 7
043571826 0
571862043 7
804357216 9
043572186 9
043572618 7
435726810 7
043572816 9
435728610 7
357612804 9
357618204 9
576218043 9
576281043 9
357681204 9
576821043 9
812604357 9
578162043 7
043578216 9
435782610 7
357861204 9
578621043 9
043581267 0
043581276 0
581627043 7
581672043 7
260435817 7
581762043 7
704358216 9
043582176 9
043582617 7
435826710 7
043582716 9
435827610 7
358612704 9
358617204 9
586217043 9
586271043 9
358671204 9
586721043 9
126043587 9
587162043 7
043587216 9
435872610 7
358761204 9
587621043 9
578043612 7
587043612 7
758043612 7
785043612 7
857043612 7
875043612 7
361527804 7
361528704 7
361572804 7
361578204 7
361582704 7
361587204 7
258043617 7
285043617 7
361752804 7
361758204 7
825043617 7
361785204 7
257043618 7
275043618 7
361852704 7
361857204 7
725043618 7
361875204 7
157804362 9
158704362 9
175804362 9
178504362 9
185704362 9
187504362 9
804362517 9
043625187 9
180436257 9
810436257 9
043625817 9
104362587 9
715804362 9
718504362 9
518043627 9
104362758 7
781504362 9
510436278 9
815704362 9
817504362 9
043628517 0
043628571 0
871504362 9
751043628 9
651278043 9
651287043 9
651728043 9
651782043 9
651827043 9
651872043 9
521780436 7
521870436 7
527180436 7
527810436 7
528170436 7
528710436 7
657128043 9
657182043 9
572180436 7
572810436 7
657812043 9
578210436 7
658127043 9
658172043 9
582170436 7
582710436 7
658712043 9
587210436 7
580436712 7
850436712 7
367152804 7
367158204 7
250436718 7
367185204 7
158043672 9
185043672 9
043672518 5
258104367 3
815043672 9
043672851 0
675128043 9
675182043 9
752180436 7
752810436 7
675812043 9
758210436 7
504367812 7
367815204 7
150436782 9
825104367 9
678512043 9
785210436 7
570436812 7
750436812 7
368152704 7
368157204 7
250436817 7
368175204 7
157043682 9
175043682 9
043682517 0
043682571 0
715043682 9
510436827 7
685127043 9
685172043 9
852170436 7
852710436 7
685712043 9
857210436 7
504368712 7
368715204 7
150436872 9
251043687 9
687512043 9
875210436 7
804371256 9
043712586 9
580437126 9
850437126 9
043712856 9
504371286 9
043715268 7
437152860 7
804371562 9
043715682 9
437158260 7
043715862 9
258043716 9
285043716 9
437165280 9
437165820 9
825043716 9
437168520 9
043718256 9
504371826 9
437185260 7
043718562 9
250437186 9
437186520 9
372156804 9
372158604 9
721658043 9
721685043 9
372185604 9
721865043 9
437251680 9
437251860 9
372561804 9
372568104 9
437258160 9
372586104 9
615804372 9
618504372 9
726518043 9
726581043 9
681504372 9
726851043 9
372815604 9
728165043 9
437285160 9
372856104 9
861504372 9
728651043 9
512680437 5
512860437 9
751628043 7
751682043 7
043751826 0
751862043 7
804375216 9
043752186 9
043752618 7
437526810 7
043752816 9
437528610 7
375612804 9
375618204 9
756218043 9
756281043 9
375681204 9
756821043 9
581260437 9
758162043 7
043758216 9
437582610 7
375861204 9
758621043 9
580437612 7
850437612 7
376152804 7
376158204 7
250437618 7
376185204 7
158043762 9
185043762 9
625180437 5
625810437 9
815043762 9
043762851 0
765128043 9
765182043 9
652180437 7
652810437 7
765812043 9
658210437 7
504376812 7
376815204 7
150437682 9
682510437 9
768512043 9
685210437 7
043781256 9
504378126 9
437815260 7
043781562 9
250437816 9
437816520 9
378215604 9
782165043 9
437825160 9
378256104 9
615043782 9
782651043 9
851260437 9
785162043 7
043785216 9
437852610 7
378561204 9
785621043 9
504378612 7
378615204 7
150437862 9
862510437 9
786512043 9
865210437 7
704381256 9
043812576 9
570438126 9
750438126 9
043812756 9
504381276 9
043815267 7
438152760 7
704381562 9
043815672 9
438157260 7
043815762 9
257043816 9
275043816 9
438165270 9
438165720 9
725043816 9
438167520 9
043817256 9
504381726 9
438175260 7
043817562 9
250438176 9
438176520 9
382156704 9
382157604 9
821657043 9
821675043 9
382175604 9
821765043 9
438251670 9
438251760 9
382561704 9
382567104 9
438257160 9
382576104 9
615704382 9
617504382 9
826517043 9
826571043 9
671504382 9
826751043 9
382715604 9
827165043 9
438275160 9
382756104 9
761504382 9
827651043 9
043851267 9
604385127 9
851627043 7
851672043 7
260438517 9
851762043 7
704385216 9
043852176 9
043852617 7
438526710 7
043852716 9
438527610 7
385612704 9
385617204 9
856217043 9
856271043 9
385671204 9
856721043 9
126043857 9
857162043 7
043857216 9
438572610 7
385761204 9
857621043 9
570438612 7
750438612 7
386152704 7
386157204 7
250438617 7
386175204 7
157043862 9
175043862 9
043862517 9
104386257 9
715043862 9
510438627 9
865127043 9
865172043 9
652170438 7
652710438 7
865712043 9
657210438 7
504386712 7
386715204 7
150438672 9
251043867 9
867512043 9
675210438 7
043871256 9
504387126 9
438715260 7
043871562 9
250438716 9
438716520 9
387215604 9
872165043 9
438725160 9
387256104 9
615043872 9
872651043 9
512604387 9
875162043 7
043875216 9
438752610 7
387561204 9
875621043 9
504387612 7
387615204 7
150438762 9
625104387 9
876512043 9
765210438 7
367804512 9
368704512 9
376804512 9
378604512 9
386704512 9
387604512 9
263780451 9
263870451 9
267380451 9
267830451 9
268370451 9
268730451 9
736804512 9
738604512 9
276380451 9
276830451 9
783604512 9
278630451 9
836704512 9
837604512 9
286370451 9
286730451 9
873604512 9
287630451 9
678045132 9
687045132 9
768045132 9
786045132 9
867045132 9
876045132 9
780451362 7
870451362 7
280451367 7
820451367 7
270451368 7
720451368 7
680451372 9
860451372 9
804513762 7
204513768 7
604513782 9
045137862 7
670451382 9
760451382 9
704513862 7
204513867 7
604513872 9
045138762 7
780451623 9
870451623 9
804516273 9
045162783 9
704516283 9
045162873 9
278045163 9
287045163 9
728045163 9
782045163 9
827045163 9
872045163 9
804516723 9
045167283 9
280451673 9
820451673 9
045167823 9
204516783 9
704516823 9
045168273 9
270451683 9
720451683 9
045168723 9
204516873 9
368045172 9
386045172 9
726380451 9
726830451 9
836045172 9
728630451 9
680451732 9
860451732 9
804517362 7
204517368 7
604517382 9
045173862 7
804517623 9
045176283 9
280451763 9
820451763 9
045176823 9
204517683 9
360451782 9
782630451 9
604517832 9
045178362 7
045178623 9
204517863 9
367045182 9
376045182 9
826370451 9
826730451 9
736045182 9
827630451 9
670451832 9
760451832 9
704518362 7
204518367 7
604518372 9
045183762 7
704518623 9
045186273 9
270451863 9
720451863 9
045186723 9
204518673 9
360451872 9
872630451 9
604518732 9
045187362 7
045187623 9
204518763 9
136780452 9
136870452 9
137680452 9
137860452 9
138670452 9
138760452 9
637804521 9
638704521 9
673804521 9
678304521 9
683704521 9
687304521 9
173680452 9
173860452 9
763804521 9
768304521 9
178360452 9
786304521 9
183670452 9
183760452 9
863704521 9
867304521 9
187360452 9
876304521 9
780452316 9
870452316 9
804523176 9
045231786 9
704523186 9
045231876 9
178045236 9
187045236 9
718045236 9
781045236 9
817045236 9
871045236 9
804523716 9
045237186 9
180452376 9
810452376 9
045237816 9
104523786 9
704523816 9
045238176 9
170452386 9
710452386 9
045238716 9
104523876 9
378045261 7
387045261 7
738045261 7
783045261 7
837045261 7
873045261 7
317804526 9
318704526 9
371804526 9
378104526 9
381704526 9
387104526 9
138045267 7
183045267 7
731804526 9
738104526 9
813045267 7
783104526 9
137045268 7
173045268 7
831704526 9
837104526 9
713045268 7
873104526 9
713680452 9
713860452 9
638045271 9
683045271 9
718360452 9
863045271 9
804527316 9
045273186 9
180452736 9
810452736 9
045273816 9
104527386 9
380452761 7
830452761 7
318045276 9
381045276 9
130452768 7
831045276 9
781360452 9
630452781 9
045278316 9
104527836 9
304527861 7
310452786 9
813670452 9
813760452 9
637045281 9
673045281 9
817360452 9
763045281 9
704528316 9
045283176 9
170452836 9
710452836 9
045283716 9
104528376 9
370452861 7
730452861 7
317045286 9
371045286 9
130452867 7
731045286 9
871360452 9
630452871 9
045287316 9
104528736 9
304528761 7
310452876 9
780453126 7
870453126 7
680453127 7
860453127 7
670453128 7
760453128 7
278045316 9
287045316 9
728045316 9
782045316 9
827045316 9
872045316 9
804531726 7
604531728 7
280453176 9
820453176 9
045317826 7
204531786 9
704531826 7
604531827 7
270453186 9
720453186 9
045318726 7
204531876 9
678045321 9
687045321 9
768045321 9
786045321 9
867045321 9
876045321 9
780453261 9
870453261 9
804532671 9
045326781 9
704532681 9
045326871 9
680453271 9
860453271 9
804532761 9
045327681 9
604532781 9
045327861 9
670453281 9
760453281 9
704532861 9
045328671 9
604532871 9
045328761 9
127804536 9
128704536 9
172804536 9
178204536 9
182704536 9
187204536 9
621780453 9
621870453 9
627180453 9
627810453 9
628170453 9
628710453 9
712804536 9
718204536 9
672180453 9
672810453 9
781204536 9
678210453 9
812704536 9
817204536 9
682170453 9
682710453 9
871204536 9
687210453 9
804537126 7
604537128 7
280453716 9
820453716 9
045371826 7
204537186 9
680453721 9
860453721 9
804537261 9
045372681 9
604537281 9
045372861 9
128045376 9
182045376 9
762180453 9
762810453 9
812045376 9
768210453 9
045378126 7
204537816 9
604537821 9
045378261 9
120453786 9
786210453 9
704538126 7
604538127 7
270453816 9
720453816 9
045381726 7
204538176 9
670453821 9
760453821 9
704538261 9
045382671 9
604538271 9
045382761 9
127045386 9
172045386 9
862170453 9
862710453 9
712045386 9
867210453 9
045387126 7
204538716 9
604538721 9
045387261 9
120453876 9
876210453 9
378045612 9
387045612 9
738045612 9
783045612 9
837045612 9
873045612 9
780456132 9
870456132 9
804561372 9
045613782 9
704561382 9
045613872 9
380456172 9
830456172 9
804561732 9
045617382 9
304561782 9
045617832 9
370456182 9
730456182 9
704561832 9
045618372 9
304561872 9
045618732 9
137804562 9
138704562 9
173804562 9
178304562 9
183704562 9
187304562 9
178045623 7
187045623 7
718045623 7
781045623 7
817045623 7
871045623 7
713804562 9
718304562 9
318045627 7
381045627 7
781304562 9
831045627 7
813704562 9
817304562 9
317045628 7
371045628 7
871304562 9
731045628 7
312780456 9
312870456 9
317280456 9
317820456 9
318270456 9
318720456 9
217804563 9
218704563 9
271804563 9
278104563 9
281704563 9
287104563 9
371280456 9
371820456 9
721804563 9
728104563 9
378120456 9
782104563 9
381270456 9
381720456 9
821704563 9
827104563 9
387120456 9
872104563 9
380456712 9
830456712 9
804567132 9
045671382 9
304567182 9
045671832 9
138045672 9
183045672 9
180456723 7
810456723 7
813045672 9
310456728 7
731280456 9
731820456 9
218045673 9
281045673 9
738120456 9
821045673 9
304567812 9
045678132 9
130456782 9
104567823 7
783120456 9
210456783 9
370456812 9
730456812 9
704568132 9
045681372 9
304568172 9
045681732 9
137045682 9
173045682 9
170456823 7
710456823 7
713045682 9
310456827 7
831270456 9
831720456 9
217045683 9
271045683 9
837120456 9
721045683 9
304568712 9
045687132 9
130456872 9
104568723 7
873120456 9
210456873 9
368045712 9
386045712 9
263804571 9
268304571 9
836045712 9
286304571 9
680457132 9
860457132 9
804571362 7
204571368 7
604571382 9
045713862 7
804571623 9
045716283 9
280457163 9
820457163 9
045716823 9
204571683 9
360457182 9
826304571 9
604571832 9
045718362 7
045718623 9
204571863 9
136804572 9
138604572 9
638045721 9
683045721 9
183604572 9
863045721 9
804572316 9
045723186 9
180457236 9
810457236 9
045723816 9
104572386 9
380457261 7
830457261 7
318045726 9
381045726 9
130457268 7
831045726 9
813604572 9
630457281 9
045728316 9
104572836 9
304572861 7
310457286 9
804573126 7
604573128 7
280457316 9
820457316 9
045731826 7
204573186 9
680457321 9
860457321 9
804573261 9
045732681 9
604573281 9
045732861 9
128045736 9
182045736 9
621804573 9
628104573 9
812045736 9
682104573 9
045738126 7
204573816 9
604573821 9
045738261 9
120457386 9
862104573 9
380457612 9
830457612 9
804576132 9
045761382 9
304576182 9
045761832 9
138045762 9
183045762 9
180457623 7
810457623 7
813045762 9
310457628 7
312804576 9
318204576 9
218045763 9
281045763 9
381204576 9
821045763 9
304576812 9
045768132 9
130457682 9
104576823 7
831204576 9
210457683 9
360457812 9
263045781 9
604578132 9
045781362 7
045781623 9
204578163 9
136045782 9
630457821 9
045782316 9
104578236 9
304578261 7
310457826 9
045783126 7
204578316 9
604578321 9
045783261 9
120457836 9
621045783 9
304578612 9
045786132 9
130457862 9
104578623 7
312045786 9
210457863 9
367045812 9
376045812 9
263704581 9
267304581 9
736045812 9
276304581 9
670458132 9
760458132 9
704581362 7
204581367 7
604581372 9
045813762 7
704581623 9
045816273 9
270458163 9
720458163 9
045816723 9
204581673 9
360458172 9
726304581 9
604581732 9
045817362 7
045817623 9
204581763 9
136704582 9
137604582 9
637045821 9
673045821 9
173604582 9
763045821 9
704582316 9
045823176 9
170458236 9
710458236 9
045823716 9
104582376 9
370458261 7
730458261 7
317045826 9
371045826 9
130458267 7
731045826 9
713604582 9
630458271 9
045827316 9
104582736 9
304582761 7
310458276 9
704583126 7
604583127 7
270458316 9
720458316 9
045831726 7
204583176 9
670458321 9
760458321 9
704583261 9
045832671 9
604583271 9
045832761 9
127045836 9
172045836 9
621704583 9
627104583 9
712045836 9
672104583 9
045837126 7
204583716 9
604583721 9
045837261 9
120458376 9
762104583 9
370458612 9
730458612 9
704586132 9
045861372 9
304586172 9
045861732 9
137045862 9
173045862 9
170458623 7
710458623 7
713045862 9
310458627 7
312704586 9
317204586 9
217045863 9
271045863 9
371204586 9
721045863 9
304586712 9
045867132 9
130458672 9
104586723 7
731204586 9
210458673 9
360458712 9
263045871 9
604587132 9
045871362 7
045871623 9
204587163 9
136045872 9
630458721 9
045872316 9
104587236 9
304587261 7
310458726 9
045873126 7
204587316 9
604587321 9
045873261 9
120458736 9
621045873 9
304587612 9
045876132 9
130458762 9
104587623 7
312045876 9
210458763 9
123578046 9
123587046 9
123758046 9
123785046 9
123857046 9
123875046 9
253780461 7
253870461 7
257380461 7
257830461 7
258370461 7
258730461 7
127358046 9
127385046 9
275380461 7
275830461 7
127835046 9
278530461 7
128357046 9
128375046 9
285370461 7
285730461 7
128735046 9
287530461 7
325780461 9
325870461 9
327580461 9
327850461 9
328570461 9
328750461 9
135278046 9
135287046 9
135728046 9
135782046 9
135827046 9
135872046 9
372580461 9
372850461 9
137528046 9
137582046 9
378250461 9
137852046 9
382570461 9
382750461 9
138527046 9
138572046 9
387250461 9
138752046 9
461523780 9
461523870 9
461527380 9
461527830 9
461528370 9
461528730 9
615327804 9
615328704 9
615372804 9
615378204 9
615382704 9
615387204 9
461572380 9
461572830 9
615732804 9
615738204 9
461578230 9
615783204 9
461582370 9
461582730 9
615832704 9
615837204 9
461587230 9
615873204 9
172358046 9
172385046 9
725380461 7
725830461 7
172835046 9
728530461 7
732580461 9
732850461 9
173528046 9
173582046 9
738250461 9
173852046 9
461752380 9
461752830 9
617532804 9
617538204 9
461758230 9
617583204 9
178235046 9
782530461 7
783250461 9
178352046 9
461785230 9
617853204 9
182357046 9
182375046 9
825370461 7
825730461 7
182735046 9
827530461 7
832570461 9
832750461 9
183527046 9
183572046 9
837250461 9
183752046 9
461852370 9
461852730 9
618532704 9
618537204 9
461857230 9
618573204 9
187235046 9
872530461 7
873250461 9
187352046 9
461875230 9
618753204 9
578046213 9
587046213 9
758046213 9
785046213 9
857046213 9
875046213 9
780462153 9
870462153 9
804621573 9
046215783 9
704621583 9
046215873 9
580462173 9
850462173 9
804621753 9
046217583 9
504621783 9
046217853 9
570462183 9
750462183 9
704621853 9
046218573 9
504621873 9
046218753 9
157804623 9
158704623 9
175804623 9
178504623 9
185704623 9
187504623 9
462351780 9
462351870 9
462357180 9
462357810 9
462358170 9
462358710 9
715804623 9
718504623 9
462375180 9
462375810 9
781504623 9
462378510 9
815704623 9
817504623 9
462385170 9
462385710 9
871504623 9
462387510 9
804625137 7
704625138 7
046251738 7
462517830 7
046251837 7
462518730 7
780462531 9
870462531 9
804625371 9
046253781 9
704625381 9
046253871 9
046257138 7
462571830 7
804625731 9
046257381 9
462578130 7
046257831 9
046258137 7
462581730 7
704625831 9
046258371 9
462587130 7
046258731 9
580462713 9
850462713 9
804627153 9
046271583 9
504627183 9
046271853 9
158046273 9
185046273 9
462735180 9
462735810 9
815046273 9
462738510 9
046275138 7
462751830 7
804627531 9
046275381 9
462758130 7
046275831 9
504627813 9
046278153 9
150462783 9
462783510 9
462785130 7
046278531 9
570462813 9
750462813 9
704628153 9
046281573 9
504628173 9
046281753 9
157046283 9
175046283 9
462835170 9
462835710 9
715046283 9
462837510 9
046285137 7
462851730 7
704628531 9
046285371 9
462857130 7
046285731 9
504628713 9
046287153 9
150462873 9
462873510 9
462875130 7
046287531 9
257804631 9
258704631 9
275804631 9
278504631 9
285704631 9
287504631 9
046315278 9
704631528 9
046315728 9
463157820 7
270463158 9
046315872 0
725804631 9
728504631 9
463175280 7
046317582 9
782504631 9
852046317 9
825704631 9
827504631 9
046318527 6
204631857 9
872504631 9
520463187 9
578046321 7
587046321 7
758046321 7
785046321 7
857046321 7
875046321 7
632517804 9
632518704 9
632571804 9
632578104 9
632581704 9
632587104 9
158046327 7
185046327 7
632751804 9
632758104 9
815046327 7
632785104 9
157046328 7
175046328 7
632851704 9
632857104 9
715046328 7
632875104 9
512780463 9
512870463 9
517280463 9
517820463 9
518270463 9
518720463 9
352178046 9
352187046 9
352718046 9
352781046 9
352817046 9
352871046 9
571280463 9
571820463 9
357218046 9
357281046 9
578120463 9
357821046 9
581270463 9
581720463 9
358217046 9
358271046 9
587120463 9
358721046 9
258046371 9
285046371 9
046371528 0
046371582 0
825046371 9
520463718 7
580463721 7
850463721 7
637251804 9
637258104 9
150463728 7
637285104 9
751280463 9
751820463 9
375218046 9
375281046 9
758120463 9
375821046 9
250463781 9
152046378 9
504637821 7
637825104 9
785120463 9
378521046 9
257046381 9
275046381 9
046381527 0
046381572 0
725046381 9
046381752 0
570463821 7
750463821 7
638251704 9
638257104 9
150463827 7
638275104 9
851270463 9
851720463 9
385217046 9
385271046 9
857120463 9
385721046 9
250463871 9
715204638 9
504638721 7
638725104 9
875120463 9
387521046 9
651237804 7
651238704 7
651273804 7
651278304 7
651283704 7
651287304 7
465132780 9
465132870 9
465137280 9
465137820 9
465138270 9
465138720 9
651723804 7
651728304 7
465173280 9
465173820 9
651782304 7
465178320 9
651823704 7
651827304 7
465183270 9
465183720 9
651872304 7
465187320 9
804652137 9
046521387 9
380465217 9
830465217 9
046521837 9
304652187 9
523178046 7
523187046 7
523718046 7
523781046 7
523817046 7
523871046 7
138046527 9
304652718 7
527318046 7
527381046 7
130465278 9
527831046 7
046528137 0
046528173 0
528317046 7
528371046 7
713046528 9
528731046 7
127804653 7
128704653 7
172804653 7
178204653 7
182704653 7
187204653 7
653217804 9
653218704 9
653271804 9
653278104 9
653281704 9
653287104 9
712804653 7
718204653 7
653721804 9
653728104 9
781204653 7
653782104 9
812704653 7
817204653 7
653821704 9
653827104 9
871204653 7
653872104 9
657123804 7
657128304 7
465713280 9
465713820 9
657182304 7
465718320 9
046572138 5
218304657 3
572318046 7
572381046 7
046572813 0
572831046 7
312804657 7
318204657 7
657321804 9
657328104 9
381204657 7
657382104 9
657812304 7
465781320 9
821304657 9
578231046 7
831204657 7
657832104 9
658123704 7
658127304 7
465813270 9
465813720 9
658172304 7
465817320 9
046582137 0
046582173 0
582317046 7
582371046 7
130465827 7
582731046 7
312704658 7
317204658 7
658321704 9
658327104 9
371204658 7
658372104 9
658712304 7
465871320 9
213046587 9
587231046 7
731204658 7
658732104 9
712358046 9
712385046 9
125380467 7
125830467 7
712835046 9
128530467 7
325804671 9
328504671 9
713528046 9
713582046 9
382504671 9
713852046 9
467152380 9
467152830 9
671532804 9
671538204 9
467158230 9
671583204 9
718235046 9
182530467 7
832504671 9
718352046 9
467185230 9
671853204 9
580467213 9
850467213 9
804672153 9
046721583 9
504672183 9
046721853 9
158046723 9
185046723 9
467235180 9
467235810 9
815046723 9
467238510 9
046725138 7
467251830 7
804672531 9
046725381 9
467258130 7
046725831 9
504672813 9
046728153 9
150467283 9
467283510 9
467285130 7
046728531 9
258046731 9
285046731 9
046731528 0
046731582 0
825046731 9
046731852 0
580467321 7
850467321 7
673251804 9
673258104 9
150467328 7
673285104 9
512804673 9
518204673 9
735218046 9
735281046 9
581204673 9
735821046 9
250467381 9
046738152 0
504673821 7
673825104 9
851204673 9
738521046 9
675123804 7
675128304 7
467513280 9
467513820 9
675182304 7
467518320 9
521380467 5
521830467 9
752318046 7
752381046 7
046752813 0
752831046 7
128046753 7
182046753 7
675321804 9
675328104 9
812046753 7
675382104 9
675812304 7
467581320 9
582130467 9
758231046 7
312046758 7
675832104 9
781235046 9
812530467 7
325046781 9
781352046 9
467815230 9
678153204 9
504678213 9
046782153 9
150467823 9
467823510 9
467825130 7
046782531 9
250467831 9
831520467 9
504678321 7
678325104 9
512046783 9
783521046 9
678512304 7
467851320 9
852130467 9
785231046 7
120467853 7
678532104 9
812357046 9
812375046 9
125370468 7
125730468 7
812735046 9
127530468 7
325704681 9
327504681 9
813527046 9
813572046 9
372504681 9
813752046 9
468152370 9
468152730 9
681532704 9
681537204 9
468157230 9
681573204 9
817235046 9
172530468 7
732504681 9
817352046 9
468175230 9
681753204 9
570468213 9
750468213 9
704682153 9
046821573 9
504682173 9
046821753 9
157046823 9
175046823 9
468235170 9
468235710 9
715046823 9
468237510 9
046825137 7
468251730 7
704682531 9
046825371 9
468257130 7
046825731 9
504682713 9
046827153 9
150468273 9
468273510 9
468275130 7
046827531 9
257046831 9
275046831 9
046831527 9
204683157 9
725046831 9
317520468 3
570468321 7
750468321 7
683251704 9
683257104 9
150468327 7
683275104 9
512704683 9
517204683 9
835217046 9
835271046 9
571204683 9
835721046 9
250468371 9
152046837 7
504683721 7
683725104 9
751204683 9
837521046 9
685123704 7
685127304 7
468513270 9
468513720 9
685172304 7
468517320 9
046852137 9
304685217 9
852317046 7
852371046 7
130468527 9
852731046 7
127046853 7
172046853 7
685321704 9
685327104 9
712046853 7
685372104 9
685712304 7
468571320 9
213046857 9
857231046 7
312046857 7
685732104 9
871235046 9
712530468 7
325046871 9
871352046 9
468715230 9
687153204 9
504687213 9
046872153 9
150468723 9
468723510 9
468725130 7
046872531 9
250468731 9
315204687 9
504687321 7
687325104 9
512046873 9
873521046 9
687512304 7
468751320 9
521304687 9
875231046 7
120468753 7
687532104 9
712356804 7
712358604 7
365804712 9
368504712 9
712385604 7
386504712 9
253680471 9
253860471 9
563804712 9
568304712 9
258360471 9
586304712 9
358047126 7
385047126 7
126538047 9
126583047 9
835047126 7
047126853 0
712835604 7
836504712 9
285360471 9
856304712 9
635047128 7
128653047 9
471325680 9
471325860 9
658047132 9
685047132 9
471328560 9
865047132 9
804713526 9
047135286 9
280471356 9
820471356 9
047135826 9
204713586 9
580471362 9
850471362 9
804713652 7
204713658 7
504713682 9
047136852 7
471382560 9
650471382 9
047138526 9
204713856 9
504713862 9
047138652 7
715236804 9
715238604 9
638047152 7
683047152 7
715283604 9
863047152 7
153268047 7
153286047 7
153628047 9
153682047 9
153826047 7
047153862 0
047156238 7
471562830 7
804715632 9
047156382 9
471568230 7
047156832 9
715823604 9
263047158 7
158326047 7
158362047 9
471586230 7
047158632 9
235804716 9
238504716 9
625380471 9
625830471 9
283504716 9
628530471 9
632580471 9
632850471 9
352804716 7
358204716 7
638250471 9
385204716 7
716523804 9
716528304 9
471653280 9
471653820 9
716582304 9
471658320 9
823504716 9
682530471 9
683250471 9
835204716 7
716852304 9
471685320 9
718235604 7
365047182 9
825360471 9
563047182 9
350471826 7
265304718 7
471832560 9
650471832 9
047183526 9
204718356 9
504718362 9
047183652 7
718523604 9
630471852 7
185326047 7
536204718 7
471856230 7
047185632 9
235047186 9
862530471 9
863250471 9
635204718 7
718652304 9
471865320 9
213568047 9
213586047 9
658047213 7
685047213 7
047213856 0
865047213 7
536804721 9
538604721 9
156380472 9
156830472 9
583604721 9
158630472 9
635804721 9
638504721 9
721653804 9
721658304 9
683504721 9
721685304 9
218356047 9
365047218 7
853604721 9
185630472 9
863504721 9
721865304 9
231568047 7
231586047 7
165804723 9
168504723 9
231856047 7
186504723 9
723516804 9
723518604 9
472356180 9
472356810 9
723581604 9
472358610 9
361580472 9
361850472 9
651804723 7
658104723 7
368150472 9
685104723 7
238156047 7
816504723 9
723851604 9
472385610 9
386150472 9
865104723 7
368047251 7
386047251 7
725163804 9
725168304 9
836047251 7
725186304 9
472531680 9
472531860 9
725361804 7
725368104 7
472538160 9
725386104 7
472561380 9
472561830 9
256318047 9
256381047 9
472568130 9
047256831 0
136047258 7
725816304 9
472583160 9
725836104 7
472586130 9
258631047 9
358047261 9
385047261 9
472615380 9
472615830 9
835047261 9
472618530 9
580472631 9
850472631 9
804726351 9
047263581 9
504726381 9
047263851 9
804726513 9
047265183 9
047265318 7
472653810 7
047265813 9
472658310 7
350472681 9
472681530 9
504726831 9
047268351 9
047268513 9
472685310 7
135604728 7
650472813 7
536047281 9
815630472 9
635047281 9
728165304 9
283156047 7
165047283 9
728351604 9
472835610 9
836150472 9
365104728 7
360472851 7
728516304 9
472853160 9
728536104 7
472856130 9
563104728 7
350472861 9
472861530 9
504728631 9
047286351 9
047286513 9
472865310 7
804731256 9
047312586 9
580473126 9
850473126 9
047312856 9
504731286 9
047315268 7
473152860 7
804731562 9
047315682 9
473158260 7
047315862 9
258047316 9
285047316 9
473165280 9
473165820 9
825047316 9
473168520 9
047318256 9
504731826 9
473185260 7
047318562 9
250473186 9
473186520 9
732156804 9
732158604 9
216580473 9
216850473 9
732185604 9
218650473 9
473251680 9
473251860 9
732561804 9
732568104 9
473258160 9
732586104 9
615804732 9
618504732 9
265180473 9
265810473 9
681504732 9
268510473 9
732815604 9
281650473 9
473285160 9
732856104 9
861504732 9
286510473 9
351268047 9
351286047 9
351628047 7
351682047 7
047351826 0
351862047 7
804735216 9
047352186 9
047352618 7
473526810 7
047352816 9
473528610 7
735612804 9
735618204 9
562180473 9
562810473 9
735681204 9
568210473 9
358126047 9
358162047 7
047358216 9
473582610 7
735861204 9
586210473 9
580473612 7
850473612 7
736152804 7
736158204 7
250473618 7
736185204 7
158047362 9
185047362 9
362518047 9
362581047 9
815047362 9
047362851 0
651280473 9
651820473 9
521804736 7
528104736 7
658120473 9
582104736 7
504736812 7
736815204 7
150473682 9
368251047 9
685120473 9
852104736 7
047381256 9
504738126 9
473815260 7
047381562 9
250473816 9
473816520 9
738215604 9
821650473 9
473825160 9
738256104 9
615047382 9
826510473 9
512604738 7
385162047 7
047385216 9
473852610 7
738561204 9
856210473 9
504738612 7
738615204 7
150473862 9
625104738 7
865120473 9
652104738 7
368047512 9
386047512 9
263804751 9
268304751 9
836047512 9
286304751 9
680475132 9
860475132 9
804751362 7
204751368 7
604751382 9
047513862 7
804751623 9
047516283 9
280475163 9
820475163 9
047516823 9
204751683 9
360475182 9
826304751 9
604751832 9
047518362 7
047518623 9
204751863 9
136804752 9
138604752 9
638047521 9
683047521 9
183604752 9
863047521 9
804752316 9
047523186 9
180475236 9
810475236 9
047523816 9
104752386 9
380475261 7
830475261 7
318047526 9
381047526 9
130475268 7
831047526 9
813604752 9
630475281 9
047528316 9
104752836 9
304752861 7
310475286 9
804753126 7
604753128 7
280475316 9
820475316 9
047531826 7
204753186 9
680475321 9
860475321 9
804753261 9
047532681 9
604753281 9
047532861 9
128047536 9
182047536 9
621804753 9
628104753 9
812047536 9
682104753 9
047538126 7
204753816 9
604753821 9
047538261 9
120475386 9
862104753 9
380475612 9
830475612 9
804756132 9
047561382 9
304756182 9
047561832 9
138047562 9
183047562 9
180475623 7
810475623 7
813047562 9
310475628 7
312804756 9
318204756 9
218047563 9
281047563 9
381204756 9
821047563 9
304756812 9
047568132 9
130475682 9
104756823 7
831204756 9
210475683 9
360475812 9
263047581 9
604758132 9
047581362 7
047581623 9
204758163 9
136047582 9
630475821 9
047582316 9
104758236 9
304758261 7
310475826 9
047583126 7
204758316 9
604758321 9
047583261 9
120475836 9
621047583 9
304758612 9
047586132 9
130475862 9
104758623 7
312047586 9
210475863 9
123580476 9
123850476 9
253804761 7
258304761 7
128350476 9
285304761 7
325804761 9
328504761 9
135280476 9
135820476 9
382504761 9
138520476 9
476152380 9
476152830 9
761532804 9
761538204 9
476158230 9
761583204 9
182350476 9
825304761 7
832504761 9
183520476 9
476185230 9
761853204 9
580476213 9
850476213 9
804762153 9
047621583 9
504762183 9
047621853 9
158047623 9
185047623 9
476235180 9
476235810 9
815047623 9
476238510 9
047625138 7
476251830 7
804762531 9
047625381 9
476258130 7
047625831 9
504762813 9
047628153 9
150476283 9
476283510 9
476285130 7
047628531 9
258047631 9
285047631 9
047631528 0
047631582 0
825047631 9
047631852 0
580476321 7
850476321 7
763251804 9
763258104 9
150476328 7
763285104 9
512804763 9
518204763 9
352180476 9
352810476 9
581204763 9
358210476 9
250476381 9
047638152 0
504763821 7
763825104 9
851204763 9
385210476 9
765123804 7
765128304 7
476513280 9
476513820 9
765182304 7
476518320 9
652138047 9
652183047 9
652318047 7
652381047 7
047652813 0
652831047 7
128047653 7
182047653 7
765321804 9
765328104 9
812047653 7
765382104 9
765812304 7
476581320 9
658213047 9
658231047 7
312047658 7
765832104 9
812350476 9
125304768 7
325047681 9
813520476 9
476815230 9
768153204 9
504768213 9
047682153 9
150476823 9
476823510 9
476825130 7
047682531 9
250476831 9
683152047 9
504768321 7
768325104 9
512047683 9
835210476 9
768512304 7
476851320 9
521304768 7
685231047 7
120476853 7
768532104 9
781235604 7
365047812 9
253604781 9
563047812 9
350478126 7
126530478 9
478132560 9
650478132 9
047813526 9
204781356 9
504781362 9
047813652 7
781523604 9
630478152 7
815326047 7
153620478 9
478156230 7
047815632 9
235047816 9
625304781 9
632504781 9
352047816 7
781652304 9
478165320 9
213560478 9
650478213 7
536047821 9
156304782 9
635047821 9
782165304 9
823156047 7
165047823 9
782351604 9
478235610 9
361504782 9
651047823 7
360478251 7
782516304 9
478253160 9
782536104 7
478256130 9
256310478 9
350478261 9
478261530 9
504782631 9
047826351 9
047826513 9
478265310 7
047831256 9
504783126 9
478315260 7
047831562 9
250478316 9
478316520 9
783215604 9
216504783 9
478325160 9
783256104 9
615047832 9
265104783 9
351260478 9
835162047 7
047835216 9
478352610 7
783561204 9
562104783 9
504783612 7
783615204 7
150478362 9
362510478 9
651204783 9
521047836 7
360478512 9
263047851 9
604785132 9
047851362 7
047851623 9
204785163 9
136047852 9
630478521 9
047852316 9
104785236 9
304785261 7
310478526 9
047853126 7
204785316 9
604785321 9
047853261 9
120478536 9
621047853 9
304785612 9
047856132 9
130478562 9
104785623 7
312047856 9
210478563 9
123504786 9
253047861 7
325047861 9
135204786 9
478615230 9
786153204 9
504786213 9
047862153 9
150478623 9
478623510 9
478625130 7
047862531 9
250478631 9
863152047 9
504786321 7
786325104 9
512047863 9
352104786 9
786512304 7
478651320 9
652130478 9
865231047 7
120478653 7
786532104 9
812356704 7
812357604 7
365704812 9
367504812 9
812375604 7
376504812 9
253670481 9
253760481 9
563704812 9
567304812 9
257360481 9
576304812 9
357048126 7
375048126 7
048126537 0
048126573 0
735048126 7
048126753 0
812735604 7
736504812 9
275360481 9
756304812 9
635048127 7
048127653 0
481325670 9
481325760 9
657048132 9
675048132 9
481327560 9
765048132 9
704813526 9
048135276 9
270481356 9
720481356 9
048135726 9
204813576 9
570481362 9
750481362 9
704813652 7
204813657 7
504813672 9
048136752 7
481372560 9
650481372 9
048137526 9
204813756 9
504813762 9
048137652 7
815236704 9
815237604 9
637048152 7
673048152 7
815273604 9
763048152 7
153267048 7
153276048 7
048153627 0
048153672 0
153726048 7
048153762 0
048156237 7
481562730 7
704815632 9
048156372 9
481567230 7
048156732 9
815723604 9
263048157 7
157326048 7
048157362 0
481576230 7
048157632 9
235704816 9
237504816 9
625370481 9
625730481 9
273504816 9
627530481 9
632570481 9
632750481 9
352704816 7
357204816 7
637250481 9
375204816 7
816523704 9
816527304 9
481653270 9
481653720 9
816572304 9
481657320 9
723504816 9
672530481 9
673250481 9
735204816 7
816752304 9
481675320 9
817235604 7
365048172 9
725360481 9
563048172 9
350481726 7
048172653 0
481732560 9
650481732 9
048173526 9
204817356 9
504817362 9
048173652 7
817523604 9
630481752 7
175326048 7
048175362 0
481756230 7
048175632 9
235048176 9
762530481 9
763250481 9
635204817 7
817652304 9
481765320 9
048213567 0
048213576 0
657048213 7
675048213 7
048213756 0
765048213 7
536704821 9
537604821 9
156370482 9
156730482 9
573604821 9
157630482 9
635704821 9
637504821 9
821653704 9
821657304 9
673504821 9
821675304 9
048217356 0
365048217 7
753604821 9
175630482 9
763504821 9
821765304 9
231567048 7
231576048 7
165704823 9
167504823 9
231756048 7
176504823 9
823516704 9
823517604 9
482356170 9
482356710 9
823571604 9
482357610 9
361570482 9
361750482 9
651704823 7
657104823 7
367150482 9
675104823 7
237156048 7
716504823 9
823751604 9
482375610 9
376150482 9
765104823 7
367048251 7
376048251 7
825163704 9
825167304 9
736048251 7
825176304 9
482531670 9
482531760 9
825361704 7
825367104 7
482537160 9
825376104 7
482561370 9
482561730 9
048256317 0
048256371 0
482567130 9
048256731 0
136048257 7
825716304 9
482573160 9
825736104 7
482576130 9
048257631 0
357048261 9
375048261 9
482615370 9
482615730 9
735048261 9
482617530 9
570482631 9
750482631 9
704826351 9
048263571 9
504826371 9
048263751 9
704826513 9
048265173 9
048265317 7
482653710 7
048265713 9
482657310 7
350482671 9
482671530 9
504826731 9
048267351 9
048267513 9
482675310 7
048271356 0
650482713 7
536048271 9
715630482 9
635048271 9
827165304 9
273156048 7
165048273 9
827351604 9
482735610 9
736150482 9
365104827 7
360482751 7
827516304 9
482753160 9
827536104 7
482756130 9
048275631 0
350482761 9
482761530 9
504827631 9
048276351 9
048276513 9
482765310 7
704831256 9
048312576 9
570483126 9
750483126 9
048312756 9
504831276 9
048315267 7
483152760 7
704831562 9
048315672 9
483157260 7
048315762 9
257048316 9
275048316 9
483165270 9
483165720 9
725048316 9
483167520 9
048317256 9
504831726 9
483175260 7
048317562 9
250483176 9
483176520 9
832156704 9
832157604 9
216570483 9
216750483 9
832175604 9
217650483 9
483251670 9
483251760 9
832561704 9
832567104 9
483257160 9
832576104 9
615704832 9
617504832 9
265170483 9
265710483 9
671504832 9
267510483 9
832715604 9
271650483 9
483275160 9
832756104 9
761504832 9
276510483 9
048351267 0
048351276 0
351627048 7
351672048 7
048351726 0
351762048 7
704835216 9
048352176 9
048352617 7
483526710 7
048352716 9
483527610 7
835612704 9
835617204 9
562170483 9
562710483 9
835671204 9
567210483 9
048357126 0
357162048 7
048357216 9
483572610 7
835761204 9
576210483 9
570483612 7
750483612 7
836152704 7
836157204 7
250483617 7
836175204 7
157048362 9
175048362 9
048362517 0
048362571 0
715048362 9
048362751 0
651270483 9
651720483 9
521704836 7
527104836 7
657120483 9
572104836 7
504836712 7
836715204 7
150483672 9
048367251 0
675120483 9
752104836 7
048371256 9
504837126 9
483715260 7
048371562 9
250483716 9
483716520 9
837215604 9
721650483 9
483725160 9
837256104 9
615048372 9
726510483 9
048375126 0
375162048 7
048375216 9
483752610 7
837561204 9
756210483 9
504837612 7
837615204 7
150483762 9
048376251 0
765120483 9
652104837 7
367048512 9
376048512 9
263704851 9
267304851 9
736048512 9
276304851 9
670485132 9
760485132 9
704851362 7
204851367 7
604851372 9
048513762 7
704851623 9
048516273 9
270485163 9
720485163 9
048516723 9
204851673 9
360485172 9
726304851 9
604851732 9
048517362 7
048517623 9
204851763 9
136704852 9
137604852 9
637048521 9
673048521 9
173604852 9
763048521 9
704852316 9
048523176 9
170485236 9
710485236 9
048523716 9
104852376 9
370485261 7
730485261 7
317048526 9
371048526 9
130485267 7
731048526 9
713604852 9
630485271 9
048527316 9
104852736 9
304852761 7
310485276 9
704853126 7
604853127 7
270485316 9
720485316 9
048531726 7
204853176 9
670485321 9
760485321 9
704853261 9
048532671 9
604853271 9
048532761 9
127048536 9
172048536 9
621704853 9
627104853 9
712048536 9
672104853 9
048537126 7
204853716 9
604853721 9
048537261 9
120485376 9
762104853 9
370485612 9
730485612 9
704856132 9
048561372 9
304856172 9
048561732 9
137048562 9
173048562 9
170485623 7
710485623 7
713048562 9
310485627 7
312704856 9
317204856 9
217048563 9
271048563 9
371204856 9
721048563 9
304856712 9
048567132 9
130485672 9
104856723 7
731204856 9
210485673 9
360485712 9
263048571 9
604857132 9
048571362 7
048571623 9
204857163 9
136048572 9
630485721 9
048572316 9
104857236 9
304857261 7
310485726 9
048573126 7
204857316 9
604857321 9
048573261 9
120485736 9
621048573 9
304857612 9
048576132 9
130485762 9
104857623 7
312048576 9
210485763 9
123570486 9
123750486 9
253704861 7
257304861 7
127350486 9
275304861 7
325704861 9
327504861 9
135270486 9
135720486 9
372504861 9
137520486 9
486152370 9
486152730 9
861532704 9
861537204 9
486157230 9
861573204 9
172350486 9
725304861 7
732504861 9
173520486 9
486175230 9
861753204 9
570486213 9
750486213 9
704862153 9
048621573 9
504862173 9
048621753 9
157048623 9
175048623 9
486235170 9
486235710 9
715048623 9
486237510 9
048625137 7
486251730 7
704862531 9
048625371 9
486257130 7
048625731 9
504862713 9
048627153 9
150486273 9
486273510 9
486275130 7
048627531 9
257048631 9
275048631 9
048631527 9
631572048 5
725048631 9
520486317 5
570486321 7
750486321 7
863251704 9
863257104 9
150486327 7
863275104 9
512704863 9
517204863 9
352170486 9
352710486 9
571204863 9
357210486 9
250486371 9
152048637 9
504863721 7
863725104 9
751204863 9
375210486 9
865123704 7
865127304 7
486513270 9
486513720 9
865172304 7
486517320 9
048652137 0
048652173 0
652317048 7
652371048 7
048652713 0
652731048 7
127048653 7
172048653 7
865321704 9
865327104 9
712048653 7
865372104 9
865712304 7
486571320 9
048657213 0
657231048 7
312048657 7
865732104 9
712350486 9
125304867 7
325048671 9
713520486 9
486715230 9
867153204 9
504867213 9
048672153 9
150486723 9
486723510 9
486725130 7
048672531 9
250486731 9
315204867 9
504867321 7
867325104 9
512048673 9
735210486 9
867512304 7
486751320 9
048675213 0
675231048 7
120486753 7
867532104 9
871235604 7
365048712 9
253604871 9
563048712 9
350487126 7
712653048 9
487132560 9
650487132 9
048713526 9
204871356 9
504871362 9
048713652 7
871523604 9
630487152 7
715326048 7
715362048 9
487156230 7
048715632 9
235048716 9
625304871 9
632504871 9
352048716 7
871652304 9
487165320 9
721356048 9
650487213 7
536048721 9
156304872 9
635048721 9
872165304 9
723156048 7
165048723 9
872351604 9
487235610 9
361504872 9
651048723 7
360487251 7
872516304 9
487253160 9
872536104 7
487256130 9
725631048 9
350487261 9
487261530 9
504872631 9
048726351 9
048726513 9
487265310 7
048731256 9
504873126 9
487315260 7
048731562 9
250487316 9
487316520 9
873215604 9
216504873 9
487325160 9
873256104 9
615048732 9
265104873 9
735126048 9
735162048 7
048735216 9
487352610 7
873561204 9
562104873 9
504873612 7
873615204 7
150487362 9
736251048 9
651204873 9
521048736 7
360487512 9
263048751 9
604875132 9
048751362 7
048751623 9
204875163 9
136048752 9
630487521 9
048752316 9
104875236 9
304875261 7
310487526 9
048753126 7
204875316 9
604875321 9
048753261 9
120487536 9
621048753 9
304875612 9
048756132 9
130487562 9
104875623 7
312048756 9
210487563 9
123504876 9
253048761 7
325048761 9
135204876 9
487615230 9
876153204 9
504876213 9
048762153 9
150487623 9
487623510 9
487625130 7
048762531 9
250487631 9
631520487 9
504876321 7
876325104 9
512048763 9
352104876 9
876512304 7
487651320 9
765213048 9
765231048 7
120487653 7
876532104 9
805123467 9
051234687 9
680512347 9
860512347 9
051234867 9
605123487 9
647805123 9
648705123 9
674805123 9
678405123 9
684705123 9
687405123 9
468051237 9
605123748 7
764805123 9
768405123 9
460512378 9
786405123 9
051238467 0
051238476 0
864705123 9
867405123 9
746051238 9
876405123 9
436780512 9
436870512 9
437680512 9
437860512 9
438670512 9
438760512 9
246378051 9
246387051 9
246738051 9
246783051 9
246837051 9
246873051 9
473680512 9
473860512 9
247638051 9
247683051 9
478360512 9
247863051 9
483670512 9
483760512 9
248637051 9
248673051 9
487360512 9
248763051 9
478051263 7
487051263 7
748051263 7
784051263 7
847051263 7
874051263 7
126437805 9
126438705 9
126473805 9
126478305 9
126483705 9
126487305 9
348051267 7
384051267 7
126743805 9
126748305 9
834051267 7
126784305 9
347051268 7
374051268 7
126843705 9
126847305 9
734051268 7
126874305 9
051273468 5
348605127 3
648051273 9
684051273 9
051273846 0
864051273 9
743680512 9
743860512 9
274638051 9
274683051 9
748360512 9
274863051 9
480512763 7
840512763 7
127643805 9
127648305 9
340512768 7
127684305 9
834605127 9
640512783 9
784360512 9
278463051 9
405127863 7
127864305 9
051283467 0
051283476 0
647051283 9
674051283 9
460512837 7
764051283 9
843670512 9
843760512 9
284637051 9
284673051 9
847360512 9
284763051 9
470512863 7
740512863 7
128643705 9
128647305 9
340512867 7
128674305 9
346051287 9
640512873 9
874360512 9
287463051 9
405128763 7
128764305 9
324678051 9
324687051 9
324768051 9
324786051 9
324867051 9
324876051 9
264780513 9
264870513 9
267480513 9
267840513 9
268470513 9
268740513 9
327468051 9
327486051 9
276480513 9
276840513 9
327846051 9
278640513 9
328467051 9
328476051 9
286470513 9
286740513 9
328746051 9
287640513 9
134267805 9
134268705 9
134276805 9
134278605 9
134286705 9
134287605 9
513462780 9
513462870 9
513467280 9
513467820 9
513468270 9
513468720 9
134726805 9
134728605 9
513476280 9
513476820 9
134782605 9
513478620 9
134826705 9
134827605 9
513486270 9
513486720 9
134872605 9
513487620 9
362478051 9
362487051 9
362748051 9
362784051 9
362847051 9
362874051 9
642780513 7
642870513 7
647280513 7
647820513 7
648270513 7
648720513 7
367248051 9
367284051 9
674280513 7
674820513 7
367824051 9
678420513 7
368247051 9
368274051 9
684270513 7
684720513 7
368724051 9
687420513 7
372468051 9
372486051 9
726480513 9
726840513 9
372846051 9
728640513 9
137426805 9
137428605 9
513746280 9
513746820 9
137482605 9
513748620 9
376248051 9
376284051 9
764280513 7
764820513 7
376824051 9
768420513 7
378246051 9
782640513 9
137842605 9
513784620 9
378624051 9
786420513 7
382467051 9
382476051 9
826470513 9
826740513 9
382746051 9
827640513 9
138426705 9
138427605 9
513846270 9
513846720 9
138472605 9
513847620 9
386247051 9
386274051 9
864270513 7
864720513 7
386724051 9
867420513 7
387246051 9
872640513 9
138742605 9
513874620 9
387624051 9
876420513 7
367805142 7
368705142 7
376805142 7
378605142 7
386705142 7
387605142 7
142637805 9
142638705 9
142673805 9
142678305 9
142683705 9
142687305 9
736805142 7
738605142 7
142763805 9
142768305 9
783605142 7
142786305 9
836705142 7
837605142 7
142863705 9
142867305 9
873605142 7
142876305 9
514326780 9
514326870 9
514327680 9
514327860 9
514328670 9
514328760 9
143627805 7
143628705 7
143672805 7
143678205 7
143682705 7
143687205 7
514372680 9
514372860 9
143762805 7
143768205 7
514378260 9
143786205 7
514382670 9
514382760 9
143862705 7
143867205 7
514387260 9
143876205 7
462378051 7
462387051 7
462738051 7
462783051 7
462837051 7
462873051 7
805146327 9
051463287 9
280514637 9
820514637 9
051463827 9
205146387 9
467238051 7
467283051 7
328051467 9
205146738 7
467823051 7
320514678 9
468237051 7
468273051 7
051468327 0
051468372 0
468723051 7
732051468 9
236805147 7
238605147 7
147263805 9
147268305 9
283605147 7
147286305 9
514732680 9
514732860 9
147362805 7
147368205 7
514738260 9
147386205 7
476238051 7
476283051 7
051476328 5
638205147 3
476823051 7
051476832 0
823605147 7
147826305 9
514783260 9
147836205 7
478623051 7
863205147 9
236705148 7
237605148 7
148263705 9
148267305 9
273605148 7
148276305 9
514832670 9
514832760 9
148362705 7
148367205 7
514837260 9
148376205 7
486237051 7
486273051 7
051486327 0
051486372 0
486723051 7
320514867 7
723605148 7
148726305 9
514873260 9
148736205 7
487623051 7
632051487 9
347805162 9
348705162 9
374805162 9
378405162 9
384705162 9
387405162 9
516243780 9
516243870 9
516247380 9
516247830 9
516248370 9
516248730 9
734805162 9
738405162 9
516274380 9
516274830 9
783405162 9
516278430 9
834705162 9
837405162 9
516284370 9
516284730 9
873405162 9
516287430 9
478051632 9
487051632 9
748051632 9
784051632 9
847051632 9
874051632 9
780516342 9
870516342 9
805163472 9
051634782 9
705163482 9
051634872 9
480516372 9
840516372 9
805163742 9
051637482 9
405163782 9
051637842 9
470516382 9
740516382 9
705163842 9
051638472 9
405163872 9
051638742 9
780516423 9
870516423 9
805164273 9
051642783 9
705164283 9
051642873 9
805164327 7
705164328 7
051643728 7
516437820 7
051643827 7
516438720 7
805164723 9
051647283 9
051647328 7
516473820 7
051647823 9
516478320 7
705164823 9
051648273 9
051648327 7
516483720 7
051648723 9
516487320 7
348051672 9
384051672 9
516724380 9
516724830 9
834051672 9
516728430 9
480516732 9
840516732 9
805167342 9
051673482 9
405167382 9
051673842 9
805167423 9
051674283 9
051674328 7
516743820 7
051674823 9
516748320 7
340516782 9
516782430 9
405167832 9
051678342 9
051678423 9
516784320 7
347051682 9
374051682 9
516824370 9
516824730 9
734051682 9
516827430 9
470516832 9
740516832 9
705168342 9
051683472 9
405168372 9
051683742 9
705168423 9
051684273 9
051684327 7
516843720 7
051684723 9
516847320 7
340516872 9
516872430 9
405168732 9
051687342 9
051687423 9
516874320 7
234680517 5
234860517 9
648051723 9
684051723 9
051723846 0
864051723 9
436805172 9
438605172 9
724638051 9
724683051 9
483605172 9
724863051 9
480517263 7
840517263 7
172643805 9
172648305 9
340517268 7
172684305 9
283460517 9
640517283 9
843605172 9
728463051 9
405172863 7
172864305 9
732468051 9
732486051 9
264805173 9
268405173 9
732846051 9
286405173 9
173426805 9
173428605 9
517346280 9
517346820 9
173482605 9
517348620 9
736248051 9
736284051 9
364280517 7
364820517 7
736824051 9
368420517 7
738246051 9
826405173 9
173842605 9
517384620 9
738624051 9
386420517 7
368051742 7
386051742 7
174263805 9
174268305 9
836051742 7
174286305 9
517432680 9
517432860 9
174362805 7
174368205 7
517438260 9
174386205 7
746238051 7
746283051 7
463280517 5
463820517 9
746823051 7
051746832 0
236051748 7
174826305 9
517483260 9
174836205 7
748623051 7
486320517 9
348051762 9
384051762 9
517624380 9
517624830 9
834051762 9
517628430 9
480517632 9
840517632 9
805176342 9
051763482 9
405176382 9
051763842 9
805176423 9
051764283 9
051764328 7
517643820 7
051764823 9
517648320 7
340517682 9
517682430 9
405176832 9
051768342 9
051768423 9
517684320 7
823460517 9
640517823 9
436051782 9
782463051 9
405178263 7
178264305 9
783246051 9
264051783 9
178342605 9
517834620 9
783624051 9
836420517 7
360517842 7
178426305 9
517843260 9
178436205 7
784623051 7
846320517 9
340517862 9
517862430 9
405178632 9
051786342 9
051786423 9
517864320 7
051823467 9
605182347 9
647051823 9
674051823 9
460518237 9
764051823 9
436705182 9
437605182 9
824637051 9
824673051 9
473605182 9
824763051 9
470518263 7
740518263 7
182643705 9
182647305 9
340518267 7
182674305 9
346051827 9
640518273 9
743605182 9
827463051 9
405182763 7
182764305 9
832467051 9
832476051 9
264705183 9
267405183 9
832746051 9
276405183 9
183426705 9
183427605 9
518346270 9
518346720 9
183472605 9
518347620 9
836247051 9
836274051 9
364270518 7
364720518 7
836724051 9
367420518 7
837246051 9
726405183 9
183742605 9
518374620 9
837624051 9
376420518 7
367051842 7
376051842 7
184263705 9
184267305 9
736051842 7
184276305 9
518432670 9
518432760 9
184362705 7
184367205 7
518437260 9
184376205 7
846237051 7
846273051 7
051846327 9
205184637 9
846723051 7
320518467 9
236051847 7
184726305 9
518473260 9
184736205 7
847623051 7
632051847 9
347051862 9
374051862 9
518624370 9
518624730 9
734051862 9
518627430 9
470518632 9
740518632 9
705186342 9
051863472 9
405186372 9
051863742 9
705186423 9
051864273 9
051864327 7
518643720 7
051864723 9
518647320 7
340518672 9
518672430 9
405186732 9
051867342 9
051867423 9
518674320 7
234605187 9
640518723 9
436051872 9
872463051 9
405187263 7
187264305 9
873246051 9
264051873 9
187342605 9
518734620 9
873624051 9
736420518 7
360518742 7
187426305 9
518743260 9
187436205 7
874623051 7
463205187 9
340518762 9
518762430 9
405187632 9
051876342 9
051876423 9
518764320 7
213467805 9
213468705 9
213476805 9
213478605 9
213486705 9
213487605 9
478052136 7
487052136 7
748052136 7
784052136 7
847052136 7
874052136 7
213746805 9
213748605 9
648052137 7
684052137 7
213784605 9
864052137 7
213846705 9
213847605 9
647052138 7
674052138 7
213874605 9
764052138 7
143678052 9
143687052 9
143768052 9
143786052 9
143867052 9
143876052 9
463780521 9
463870521 9
467380521 9
467830521 9
468370521 9
468730521 9
147368052 9
147386052 9
476380521 9
476830521 9
147836052 9
478630521 9
148367052 9
148376052 9
486370521 9
486730521 9
148736052 9
487630521 9
347805216 9
348705216 9
374805216 9
378405216 9
384705216 9
387405216 9
805216437 9
052164387 9
380521647 9
830521647 9
052164837 9
305216487 9
734805216 9
738405216 9
438052167 9
305216748 7
783405216 9
430521678 9
834705216 9
837405216 9
052168437 0
052168473 0
873405216 9
743052168 9
217346805 9
217348605 9
480521736 7
840521736 7
217384605 9
640521738 7
174368052 9
174386052 9
746380521 9
746830521 9
174836052 9
748630521 9
348052176 9
384052176 9
052176438 5
648305217 3
834052176 9
052176843 0
217834605 9
405217836 7
178436052 9
784630521 9
340521786 9
864305217 9
218346705 9
218347605 9
470521836 7
740521836 7
218374605 9
640521837 7
184367052 9
184376052 9
846370521 9
846730521 9
184736052 9
847630521 9
347052186 9
374052186 9
052186437 0
052186473 0
734052186 9
430521867 7
218734605 9
405218736 7
187436052 9
874630521 9
340521876 9
643052187 9
523146780 9
523146870 9
523147680 9
523147860 9
523148670 9
523148760 9
647805231 9
648705231 9
674805231 9
678405231 9
684705231 9
687405231 9
523174680 9
523174860 9
764805231 9
768405231 9
523178460 9
786405231 9
523184670 9
523184760 9
864705231 9
867405231 9
523187460 9
876405231 9
780523416 9
870523416 9
805234176 9
052341786 9
705234186 9
052341876 9
178052346 9
187052346 9
718052346 9
781052346 9
817052346 9
871052346 9
805234716 9
052347186 9
180523476 9
810523476 9
052347816 9
105234786 9
705234816 9
052348176 9
170523486 9
710523486 9
052348716 9
105234876 9
478052361 9
487052361 9
748052361 9
784052361 9
847052361 9
874052361 9
780523641 7
870523641 7
180523647 7
810523647 7
170523648 7
710523648 7
480523671 9
840523671 9
805236741 7
105236748 7
405236781 9
052367841 7
470523681 9
740523681 9
705236841 7
105236847 7
405236871 9
052368741 7
523714680 9
523714860 9
648052371 9
684052371 9
523718460 9
864052371 9
805237416 9
052374186 9
180523746 9
810523746 9
052374816 9
105237486 9
480523761 9
840523761 9
805237641 7
105237648 7
405237681 9
052376841 7
523781460 9
640523781 9
052378416 9
105237846 9
405237861 9
052378641 7
523814670 9
523814760 9
647052381 9
674052381 9
523817460 9
764052381 9
705238416 9
052384176 9
170523846 9
710523846 9
052384716 9
105238476 9
470523861 9
740523861 9
705238641 7
105238647 7
405238671 9
052386741 7
523871460 9
640523871 9
052387416 9
105238746 9
405238761 9
052387641 7
241367805 9
241368705 9
241376805 9
241378605 9
241386705 9
241387605 9
637805241 7
638705241 7
673805241 7
678305241 7
683705241 7
687305241 7
241736805 9
241738605 9
763805241 7
768305241 7
241783605 9
786305241 7
241836705 9
241837605 9
863705241 7
867305241 7
241873605 9
876305241 7
431678052 7
431687052 7
431768052 7
431786052 7
431867052 7
431876052 7
805243617 9
052436187 9
180524367 9
810524367 9
052436817 9
105243687 9
437168052 7
437186052 7
618052437 9
105243768 7
437816052 7
610524378 9
438167052 7
438176052 7
052438617 0
052438671 0
438716052 7
761052438 9
524613780 9
524613870 9
524617380 9
524617830 9
524618370 9
524618730 9
246317805 7
246318705 7
246371805 7
246378105 7
246381705 7
246387105 7
524671380 9
524671830 9
246731805 7
246738105 7
524678130 9
246783105 7
524681370 9
524681730 9
246831705 7
246837105 7
524687130 9
246873105 7
247136805 9
247138605 9
163805247 7
168305247 7
247183605 9
186305247 7
473168052 7
473186052 7
052473618 5
368105247 3
473816052 7
052473861 0
524761380 9
524761830 9
247631805 7
247638105 7
524768130 9
247683105 7
247813605 9
816305247 7
478316052 7
836105247 9
524786130 9
247863105 7
248136705 9
248137605 9
163705248 7
167305248 7
248173605 9
176305248 7
483167052 7
483176052 7
052483617 0
052483671 0
483716052 7
610524837 7
524861370 9
524861730 9
248631705 7
248637105 7
524867130 9
248673105 7
248713605 9
716305248 7
487316052 7
361052487 9
524876130 9
248763105 7
134780526 9
134870526 9
137480526 9
137840526 9
138470526 9
138740526 9
614378052 9
614387052 9
614738052 9
614783052 9
614837052 9
614873052 9
173480526 9
173840526 9
617438052 9
617483052 9
178340526 9
617843052 9
183470526 9
183740526 9
618437052 9
618473052 9
187340526 9
618743052 9
631478052 9
631487052 9
631748052 9
631784052 9
631847052 9
631874052 9
263417805 9
263418705 9
263471805 9
263478105 9
263481705 9
263487105 9
637148052 9
637184052 9
263741805 9
263748105 9
637814052 9
263784105 9
638147052 9
638174052 9
263841705 9
263847105 9
638714052 9
263874105 9
264137805 9
264138705 9
264173805 9
264178305 9
264183705 9
264187305 9
526431780 9
526431870 9
526437180 9
526437810 9
526438170 9
526438710 9
264713805 9
264718305 9
526473180 9
526473810 9
264781305 9
526478310 9
264813705 9
264817305 9
526483170 9
526483710 9
264871305 9
526487310 9
713480526 9
713840526 9
671438052 9
671483052 9
718340526 9
671843052 9
673148052 9
673184052 9
267341805 9
267348105 9
673814052 9
267384105 9
267413805 9
267418305 9
526743180 9
526743810 9
267481305 9
526748310 9
781340526 9
678143052 9
678314052 9
267834105 9
267841305 9
526784310 9
813470526 9
813740526 9
681437052 9
681473052 9
817340526 9
681743052 9
683147052 9
683174052 9
268341705 9
268347105 9
683714052 9
268374105 9
268413705 9
268417305 9
526843170 9
526843710 9
268471305 9
526847310 9
871340526 9
687143052 9
687314052 9
268734105 9
268741305 9
526874310 9
271346805 9
271348605 9
480527136 7
840527136 7
271384605 9
640527138 7
714368052 9
714386052 9
463805271 9
468305271 9
714836052 9
486305271 9
348052716 9
384052716 9
164380527 5
164830527 9
834052716 9
052716843 0
271834605 9
405271836 7
718436052 9
846305271 9
340527186 9
186430527 9
527314680 9
527314860 9
648052731 9
684052731 9
527318460 9
864052731 9
805273416 9
052734186 9
180527346 9
810527346 9
052734816 9
105273486 9
480527361 9
840527361 9
805273641 7
105273648 7
405273681 9
052736841 7
527381460 9
640527381 9
052738416 9
105273846 9
405273861 9
052738641 7
274136805 9
274138605 9
638052741 7
683052741 7
274183605 9
863052741 7
743168052 7
743186052 7
436180527 5
436810527 9
743816052 7
052743861 0
527461380 9
527461830 9
274631805 7
274638105 7
527468130 9
274683105 7
274813605 9
163052748 7
748316052 7
483610527 9
527486130 9
274863105 7
134805276 9
138405276 9
761438052 9
761483052 9
183405276 9
761843052 9
763148052 9
763184052 9
276341805 9
276348105 9
763814052 9
276384105 9
276413805 9
276418305 9
527643180 9
527643810 9
276481305 9
527648310 9
813405276 9
768143052 9
768314052 9
276834105 9
276841305 9
527684310 9
278134605 9
405278136 7
781436052 9
463052781 9
340527816 9
816430527 9
527831460 9
640527831 9
052783416 9
105278346 9
405278361 9
052783641 7
278413605 9
630527841 7
784316052 7
843610527 9
527846130 9
278463105 7
134052786 9
786143052 9
786314052 9
278634105 9
278641305 9
527864310 9
281346705 9
281347605 9
470528136 7
740528136 7
281374605 9
640528137 7
814367052 9
814376052 9
463705281 9
467305281 9
814736052 9
476305281 9
347052816 9
374052816 9
052816437 9
305281647 9
734052816 9
430528167 9
281734605 9
405281736 7
817436052 9
746305281 9
340528176 9
643052817 9
528314670 9
528314760 9
647052831 9
674052831 9
528317460 9
764052831 9
705283416 9
052834176 9
170528346 9
710528346 9
052834716 9
105283476 9
470528361 9
740528361 9
705283641 7
105283647 7
405283671 9
052836741 7
528371460 9
640528371 9
052837416 9
105283746 9
405283761 9
052837641 7
284136705 9
284137605 9
637052841 7
673052841 7
284173605 9
763052841 7
843167052 7
843176052 7
052843617 9
105284367 9
843716052 7
610528437 9
528461370 9
528461730 9
284631705 7
284637105 7
528467130 9
284673105 7
284713605 9
163052847 7
847316052 7
361052847 9
528476130 9
284763105 7
134705286 9
137405286 9
861437052 9
861473052 9
173405286 9
861743052 9
863147052 9
863174052 9
286341705 9
286347105 9
863714052 9
286374105 9
286413705 9
286417305 9
528643170 9
528643710 9
286471305 9
528647310 9
713405286 9
867143052 9
867314052 9
286734105 9
286741305 9
528674310 9
287134605 9
405287136 7
871436052 9
463052871 9
340528716 9
164305287 9
528731460 9
640528731 9
052873416 9
105287346 9
405287361 9
052873641 7
287413605 9
630528741 7
874316052 7
436105287 9
528746130 9
287463105 7
134052876 9
876143052 9
876314052 9
287634105 9
287641305 9
528764310 9
246780531 7
246870531 7
247680531 7
247860531 7
248670531 7
248760531 7
126478053 9
126487053 9
126748053 9
126784053 9
126847053 9
126874053 9
274680531 7
274860531 7
127648053 9
127684053 9
278460531 7
127864053 9
284670531 7
284760531 7
128647053 9
128674053 9
287460531 7
128764053 9
531426780 9
531426870 9
531427680 9
531427860 9
531428670 9
531428760 9
314627805 9
314628705 9
314672805 9
314678205 9
314682705 9
314687205 9
531472680 9
531472860 9
314762805 9
314768205 9
531478260 9
314786205 9
531482670 9
531482760 9
314862705 9
314867205 9
531487260 9
314876205 9
624780531 9
624870531 9
627480531 9
627840531 9
628470531 9
628740531 9
164278053 9
164287053 9
164728053 9
164782053 9
164827053 9
164872053 9
672480531 9
672840531 9
167428053 9
167482053 9
678240531 9
167842053 9
682470531 9
682740531 9
168427053 9
168472053 9
687240531 9
168742053 9
724680531 7
724860531 7
172648053 9
172684053 9
728460531 7
172864053 9
531742680 9
531742860 9
317462805 9
317468205 9
531748260 9
317486205 9
762480531 9
762840531 9
176428053 9
176482053 9
768240531 9
176842053 9
782460531 7
178264053 9
531784260 9
317846205 9
786240531 9
178642053 9
824670531 7
824760531 7
182647053 9
182674053 9
827460531 7
182764053 9
531842670 9
531842760 9
318462705 9
318467205 9
531847260 9
318476205 9
862470531 9
862740531 9
186427053 9
186472053 9
867240531 9
186742053 9
872460531 7
187264053 9
531874260 9
318746205 9
876240531 9
187642053 9
780532146 9
870532146 9
805321476 9
053214786 9
705321486 9
053214876 9
478053216 9
487053216 9
748053216 9
784053216 9
847053216 9
874053216 9
805321746 9
053217486 9
480532176 9
840532176 9
053217846 9
405321786 9
705321846 9
053218476 9
470532186 9
740532186 9
053218746 9
405321876 9
805324167 7
705324168 7
053241768 7
532417860 7
053241867 7
532418760 7
780532461 9
870532461 9
805324671 9
053246781 9
705324681 9
053246871 9
053247168 7
532471860 7
805324761 9
053247681 9
532478160 7
053247861 9
053248167 7
532481760 7
705324861 9
053248671 9
532487160 7
053248761 9
147805326 9
148705326 9
174805326 9
178405326 9
184705326 9
187405326 9
532641780 9
532641870 9
532647180 9
532647810 9
532648170 9
532648710 9
714805326 9
718405326 9
532674180 9
532674810 9
781405326 9
532678410 9
814705326 9
817405326 9
532684170 9
532684710 9
871405326 9
532687410 9
805327146 9
053271486 9
480532716 9
840532716 9
053271846 9
405327186 9
053274168 7
532741860 7
805327461 9
053274681 9
532748160 7
053274861 9
148053276 9
184053276 9
532764180 9
532764810 9
814053276 9
532768410 9
053278146 9
405327816 9
532784160 7
053278461 9
140532786 9
532786410 9
705328146 9
053281476 9
470532816 9
740532816 9
053281746 9
405328176 9
053284167 7
532841760 7
705328461 9
053284671 9
532847160 7
053284761 9
147053286 9
174053286 9
532864170 9
532864710 9
714053286 9
532867410 9
053287146 9
405328716 9
532874160 7
053287461 9
140532876 9
532876410 9
341267805 7
341268705 7
341276805 7
341278605 7
341286705 7
341287605 7
534162780 9
534162870 9
534167280 9
534167820 9
534168270 9
534168720 9
341726805 7
341728605 7
534176280 9
534176820 9
341782605 7
534178620 9
341826705 7
341827605 7
534186270 9
534186720 9
341872605 7
534187620 9
805342167 9
053421687 9
680534217 9
860534217 9
053421867 9
605342187 9
534261780 9
534261870 9
534267180 9
534267810 9
534268170 9
534268710 9
168053427 9
605342718 7
534276180 9
534276810 9
160534278 9
534278610 9
053428167 0
053428176 0
534286170 9
534286710 9
716053428 9
534287610 9
127805346 7
128705346 7
172805346 7
178205346 7
182705346 7
187205346 7
346217805 9
346218705 9
346271805 9
346278105 9
346281705 9
346287105 9
712805346 7
718205346 7
346721805 9
346728105 9
781205346 7
346782105 9
812705346 7
817205346 7
346821705 9
346827105 9
871205346 7
346872105 9
347126805 7
347128605 7
534716280 9
534716820 9
347182605 7
534718620 9
053472168 5
218605347 3
534726180 9
534726810 9
053472816 0
534728610 9
612805347 7
618205347 7
347621805 9
347628105 9
681205347 7
347682105 9
347812605 7
534781620 9
821605347 9
534782610 9
861205347 7
347862105 9
348126705 7
348127605 7
534816270 9
534816720 9
348172605 7
534817620 9
053482167 0
053482176 0
534826170 9
534826710 9
160534827 7
534827610 9
612705348 7
617205348 7
348621705 9
348627105 9
671205348 7
348672105 9
348712605 7
534871620 9
216053487 9
534872610 9
761205348 7
348762105 9
247805361 9
248705361 9
274805361 9
278405361 9
284705361 9
287405361 9
053614278 9
705361428 9
053614728 0
820536147 9
053614827 7
205361487 9
724805361 9
728405361 9
053617428 0
482053617 9
782405361 9
842053617 9
824705361 9
827405361 9
053618427 9
205361847 9
872405361 9
420536187 9
478053621 7
487053621 7
748053621 7
784053621 7
847053621 7
874053621 7
362417805 9
362418705 9
362471805 9
362478105 9
362481705 9
362487105 9
148053627 7
184053627 7
362741805 9
362748105 9
814053627 7
362784105 9
147053628 7
174053628 7
362841705 9
362847105 9
714053628 7
362874105 9
412780536 9
412870536 9
417280536 9
417820536 9
418270536 9
418720536 9
642178053 9
642187053 9
642718053 9
642781053 9
642817053 9
642871053 9
471280536 9
471820536 9
647218053 9
647281053 9
478120536 9
647821053 9
481270536 9
481720536 9
648217053 9
648271053 9
487120536 9
648721053 9
248053671 9
284053671 9
053671428 0
148205367 9
824053671 9
184205367 9
480536721 7
840536721 7
367241805 9
367248105 9
140536728 7
367284105 9
741280536 9
741820536 9
674218053 9
674281053 9
748120536 9
674821053 9
240536781 9
814205367 9
405367821 7
367824105 9
784120536 9
678421053 9
247053681 9
274053681 9
053681427 9
205368147 9
724053681 9
420536817 9
470536821 7
740536821 7
368241705 9
368247105 9
140536827 7
368274105 9
841270536 9
841720536 9
684217053 9
684271053 9
847120536 9
684721053 9
240536871 9
142053687 9
405368721 7
368724105 9
874120536 9
687421053 9
124680537 7
124860537 7
712648053 9
712684053 9
128460537 7
712864053 9
537142680 9
537142860 9
371462805 9
371468205 9
537148260 9
371486205 9
624805371 9
628405371 9
716428053 9
716482053 9
682405371 9
716842053 9
182460537 7
718264053 9
537184260 9
371846205 9
862405371 9
718642053 9
805372146 9
053721486 9
480537216 9
840537216 9
053721846 9
405372186 9
053724168 7
537241860 7
805372461 9
053724681 9
537248160 7
053724861 9
148053726 9
184053726 9
537264180 9
537264810 9
814053726 9
537268410 9
053728146 9
405372816 9
537284160 7
053728461 9
140537286 9
537286410 9
374126805 7
374128605 7
537416280 9
537416820 9
374182605 7
537418620 9
421680537 5
421860537 9
537426180 9
537426810 9
053742816 0
537428610 9
128053746 7
182053746 7
374621805 9
374628105 9
812053746 7
374682105 9
374812605 7
537481620 9
482160537 9
537482610 9
612053748 7
374862105 9
248053761 9
284053761 9
053761428 0
614820537 9
824053761 9
618420537 9
480537621 7
840537621 7
376241805 9
376248105 9
140537628 7
376284105 9
412805376 9
418205376 9
764218053 9
764281053 9
481205376 9
764821053 9
240537681 9
142053768 7
405376821 7
376824105 9
841205376 9
768421053 9
812460537 7
781264053 9
537814260 9
378146205 9
624053781 9
781642053 9
053782146 9
405378216 9
537824160 7
053782461 9
140537826 9
537826410 9
378412605 7
537841620 9
842160537 9
537842610 9
120537846 7
378462105 9
240537861 9
614205378 9
405378621 7
378624105 9
412053786 9
786421053 9
124670538 7
124760538 7
812647053 9
812674053 9
127460538 7
812764053 9
538142670 9
538142760 9
381462705 9
381467205 9
538147260 9
381476205 9
624705381 9
627405381 9
816427053 9
816472053 9
672405381 9
816742053 2
172460538 7
817264053 9
538174260 9
381746205 9
762405381 9
817642053 9
705382146 9
053821476 9
470538216 9
740538216 9
053821746 9
405382176 9
053824167 7
538241760 7
705382461 9
053824671 9
538247160 7
053824761 9
147053826 9
174053826 9
538264170 9
538264710 9
714053826 9
538267410 9
053827146 9
405382716 9
538274160 7
053827461 9
140538276 9
538276410 9
384126705 7
384127605 7
538416270 9
538416720 9
384172605 7
538417620 9
053842167 9
605384217 9
538426170 9
538426710 9
160538427 9
538427610 9
127053846 7
172053846 7
384621705 9
384627105 9
712053846 7
384672105 9
384712605 7
538471620 9
216053847 9
538472610 9
612053847 7
384762105 9
247053861 9
274053861 9
053861427 0
053861472 0
724053861 9
742053861 9
470538621 7
740538621 7
386241705 9
386247105 9
140538627 7
386274105 9
412705386 9
417205386 9
864217053 9
864271053 9
471205386 9
864721053 9
240538671 9
420538671 7
405386721 7
386724105 9
741205386 9
867421053 9
712460538 7
871264053 9
538714260 9
387146205 9
624053871 9
871642053 9
053872146 9
405387216 9
538724160 7
053872461 9
140538726 9
538726410 9
387412605 7
538741620 9
421605387 9
538742610 9
120538746 7
387462105 9
240538761 9
142053876 7
405387621 7
387624105 9
412053876 9
876421053 9
236780541 9
236870541 9
237680541 9
237860541 9
238670541 9
238760541 9
637805412 9
638705412 9
673805412 9
678305412 9
683705412 9
687305412 9
273680541 9
273860541 9
763805412 9
768305412 9
278360541 9
786305412 9
283670541 9
283760541 9
863705412 9
867305412 9
287360541 9
876305412 9
780541326 9
870541326 9
805413276 9
054132786 9
705413286 9
054132876 9
278054136 9
287054136 9
728054136 9
782054136 9
827054136 9
872054136 9
805413726 9
054137286 9
280541376 9
820541376 9
054137826 9
205413786 9
705413826 9
054138276 9
270541386 9
720541386 9
054138726 9
205413876 9
378054162 9
387054162 9
738054162 9
783054162 9
837054162 9
873054162 9
780541632 7
870541632 7
280541637 7
820541637 7
270541638 7
720541638 7
380541672 9
830541672 9
805416732 7
205416738 7
305416782 9
054167832 7
370541682 9
730541682 9
705416832 7
205416837 7
305416872 9
054168732 7
723680541 9
723860541 9
638054172 9
683054172 9
728360541 9
863054172 9
805417326 9
054173286 9
280541736 9
820541736 9
054173826 9
205417386 9
380541762 9
830541762 9
805417632 7
205417638 7
305417682 9
054176832 7
782360541 9
630541782 9
054178326 9
205417836 9
305417862 9
054178632 7
823670541 9
823760541 9
637054182 9
673054182 9
827360541 9
763054182 9
705418326 9
054183276 9
270541836 9
720541836 9
054183726 9
205418376 9
370541862 9
730541862 9
705418632 7
205418637 7
305418672 9
054186732 7
872360541 9
630541872 9
054187326 9
205418736 9
305418762 9
054187632 7
367805421 9
368705421 9
376805421 9
378605421 9
386705421 9
387605421 9
163780542 9
163870542 9
167380542 9
167830542 9
168370542 9
168730542 9
736805421 9
738605421 9
176380542 9
176830542 9
783605421 9
178630542 9
836705421 9
837605421 9
186370542 9
186730542 9
873605421 9
187630542 9
678054231 9
687054231 9
768054231 9
786054231 9
867054231 9
876054231 9
780542361 7
870542361 7
180542367 7
810542367 7
170542368 7
710542368 7
680542371 9
860542371 9
805423761 7
105423768 7
605423781 9
054237861 7
670542381 9
760542381 9
705423861 7
105423867 7
605423871 9
054238761 7
780542613 9
870542613 9
805426173 9
054261783 9
705426183 9
054261873 9
178054263 9
187054263 9
718054263 9
781054263 9
817054263 9
871054263 9
805426713 9
054267183 9
180542673 9
810542673 9
054267813 9
105426783 9
705426813 9
054268173 9
170542683 9
710542683 9
054268713 9
105426873 9
368054271 9
386054271 9
716380542 9
716830542 9
836054271 9
718630542 9
680542731 9
860542731 9
805427361 7
105427368 7
605427381 9
054273861 7
805427613 9
054276183 9
180542763 9
810542763 9
054276813 9
105427683 9
360542781 9
781630542 9
605427831 9
054278361 7
054278613 9
105427863 9
367054281 9
376054281 9
816370542 9
816730542 9
736054281 9
817630542 9
670542831 9
760542831 9
705428361 7
105428367 7
605428371 9
054283761 7
705428613 9
054286173 9
170542863 9
710542863 9
054286713 9
105428673 9
360542871 9
871630542 9
605428731 9
054287361 7
054287613 9
105428763 9
678054312 9
687054312 9
768054312 9
786054312 9
867054312 9
876054312 9
780543162 9
870543162 9
805431672 9
054316782 9
705431682 9
054316872 9
680543172 9
860543172 9
805431762 9
054317682 9
605431782 9
054317862 9
670543182 9
760543182 9
705431862 9
054318672 9
605431872 9
054318762 9
780543216 7
870543216 7
680543217 7
860543217 7
670543218 7
760543218 7
178054326 9
187054326 9
718054326 9
781054326 9
817054326 9
871054326 9
805432716 7
605432718 7
180543276 9
810543276 9
054327816 7
105432786 9
705432816 7
605432817 7
170543286 9
710543286 9
054328716 7
105432876 9
612780543 9
612870543 9
617280543 9
617820543 9
618270543 9
618720543 9
217805436 9
218705436 9
271805436 9
278105436 9
281705436 9
287105436 9
671280543 9
671820543 9
721805436 9
728105436 9
678120543 9
782105436 9
681270543 9
681720543 9
821705436 9
827105436 9
687120543 9
872105436 9
680543712 9
860543712 9
805437162 9
054371682 9
605437182 9
054371862 9
805437216 7
605437218 7
180543726 9
810543726 9
054372816 7
105437286 9
761280543 9
761820543 9
218054376 9
281054376 9
768120543 9
821054376 9
605437812 9
054378162 9
054378216 7
105437826 9
786120543 9
210543786 9
670543812 9
760543812 9
705438162 9
054381672 9
605438172 9
054381762 9
705438216 7
605438217 7
170543826 9
710543826 9
054382716 7
105438276 9
861270543 9
861720543 9
217054386 9
271054386 9
867120543 9
721054386 9
605438712 9
054387162 9
054387216 7
105438726 9
876120543 9
210543876 9
780546123 7
870546123 7
380546127 7
830546127 7
370546128 7
730546128 7
278054613 9
287054613 9
728054613 9
782054613 9
827054613 9
872054613 9
805461723 7
305461728 7
280546173 9
820546173 9
054617823 7
205461783 9
705461823 7
305461827 7
270546183 9
720546183 9
054618723 7
205461873 9
378054621 9
387054621 9
738054621 9
783054621 9
837054621 9
873054621 9
780546231 9
870546231 9
805462371 9
054623781 9
705462381 9
054623871 9
380546271 9
830546271 9
805462731 9
054627381 9
305462781 9
054627831 9
370546281 9
730546281 9
705462831 9
054628371 9
305462871 9
054628731 9
127805463 9
128705463 9
172805463 9
178205463 9
182705463 9
187205463 9
321780546 9
321870546 9
327180546 9
327810546 9
328170546 9
328710546 9
712805463 9
718205463 9
372180546 9
372810546 9
781205463 9
378210546 9
812705463 9
817205463 9
382170546 9
382710546 9
871205463 9
387210546 9
805467123 7
305467128 7
280546713 9
820546713 9
054671823 7
205467183 9
380546721 9
830546721 9
805467231 9
054672381 9
305467281 9
054672831 9
128054673 9
182054673 9
732180546 9
732810546 9
812054673 9
738210546 9
054678123 7
205467813 9
305467821 9
054678231 9
120546783 9
783210546 9
705468123 7
305468127 7
270546813 9
720546813 9
054681723 7
205468173 9
370546821 9
730546821 9
705468231 9
054682371 9
305468271 9
054682731 9
127054683 9
172054683 9
832170546 9
832710546 9
712054683 9
837210546 9
054687123 7
205468713 9
305468721 9
054687231 9
120546873 9
873210546 9
236805471 9
238605471 9
638054712 9
683054712 9
283605471 9
863054712 9
805471326 9
054713286 9
280547136 9
820547136 9
054713826 9
205471386 9
380547162 9
830547162 9
805471632 7
205471638 7
305471682 9
054716832 7
823605471 9
630547182 9
054718326 9
205471836 9
305471862 9
054718632 7
368054721 9
386054721 9
163805472 9
168305472 9
836054721 9
186305472 9
680547231 9
860547231 9
805472361 7
105472368 7
605472381 9
054723861 7
805472613 9
054726183 9
180547263 9
810547263 9
054726813 9
105472683 9
360547281 9
816305472 9
605472831 9
054728361 7
054728613 9
105472863 9
680547312 9
860547312 9
805473162 9
054731682 9
605473182 9
054731862 9
805473216 7
605473218 7
180547326 9
810547326 9
054732816 7
105473286 9
612805473 9
618205473 9
218054736 9
281054736 9
681205473 9
821054736 9
605473812 9
054738162 9
054738216 7
105473826 9
861205473 9
210547386 9
805476123 7
305476128 7
280547613 9
820547613 9
054761823 7
205476183 9
380547621 9
830547621 9
805476231 9
054762381 9
305476281 9
054762831 9
128054763 9
182054763 9
321805476 9
328105476 9
812054763 9
382105476 9
054768123 7
205476813 9
305476821 9
054768231 9
120547683 9
832105476 9
236054781 9
630547812 9
054781326 9
205478136 9
305478162 9
054781632 7
360547821 9
163054782 9
605478231 9
054782361 7
054782613 9
105478263 9
605478312 9
054783162 9
054783216 7
105478326 9
612054783 9
210547836 9
054786123 7
205478613 9
305478621 9
054786231 9
120547863 9
321054786 9
236705481 9
237605481 9
637054812 9
673054812 9
273605481 9
763054812 9
705481326 9
054813276 9
270548136 9
720548136 9
054813726 9
205481376 9
370548162 9
730548162 9
705481632 7
205481637 7
305481672 9
054816732 7
723605481 9
630548172 9
054817326 9
205481736 9
305481762 9
054817632 7
367054821 9
376054821 9
163705482 9
167305482 9
736054821 9
176305482 9
670548231 9
760548231 9
705482361 7
105482367 7
605482371 9
054823761 7
705482613 9
054826173 9
170548263 9
710548263 9
054826713 9
105482673 9
360548271 9
716305482 9
605482731 9
054827361 7
054827613 9
105482763 9
670548312 9
760548312 9
705483162 9
054831672 9
605483172 9
054831762 9
705483216 7
605483217 7
170548326 9
710548326 9
054832716 7
105483276 9
612705483 9
617205483 9
217054836 9
271054836 9
671205483 9
721054836 9
605483712 9
054837162 9
054837216 7
105483726 9
761205483 9
210548376 9
705486123 7
305486127 7
270548613 9
720548613 9
054861723 7
205486173 9
370548621 9
730548621 9
705486231 9
054862371 9
305486271 9
054862731 9
127054863 9
172054863 9
321705486 9
327105486 9
712054863 9
372105486 9
054867123 7
205486713 9
305486721 9
054867231 9
120548673 9
732105486 9
236054871 9
630548712 9
054871326 9
205487136 9
305487162 9
054871632 7
360548721 9
163054872 9
605487231 9
054872361 7
054872613 9
105487263 9
605487312 9
054873162 9
054873216 7
105487326 9
612054873 9
210548736 9
054876123 7
205487613 9
305487621 9
054876231 9
120548763 9
321054876 9
478056123 9
487056123 9
748056123 9
784056123 9
847056123 9
874056123 9
780561243 9
870561243 9
805612473 9
056124783 9
705612483 9
056124873 9
480561273 9
840561273 9
805612743 9
056127483 9
405612783 9
056127843 9
470561283 9
740561283 9
705612843 9
056128473 9
405612873 9
056128743 9
247805613 9
248705613 9
274805613 9
278405613 9
284705613 9
287405613 9
561342780 9
561342870 9
561347280 9
561347820 9
561348270 9
561348720 9
724805613 9
728405613 9
561374280 9
561374820 9
782405613 9
561378420 9
824705613 9
827405613 9
561384270 9
561384720 9
872405613 9
561387420 9
805614237 7
705614238 7
056142738 7
561427830 7
056142837 7
561428730 7
780561432 9
870561432 9
805614372 9
056143782 9
705614382 9
056143872 9
056147238 7
561472830 7
805614732 9
056147382 9
561478230 7
056147832 9
056148237 7
561482730 7
705614832 9
056148372 9
561487230 7
056148732 9
480561723 9
840561723 9
805617243 9
056172483 9
405617283 9
056172843 9
248056173 9
284056173 9
561734280 9
561734820 9
824056173 9
561738420 9
056174238 7
561742830 7
805617432 9
056174382 9
561748230 7
056174832 9
405617823 9
056178243 9
240561783 9
561783420 9
561784230 7
056178432 9
470561823 9
740561823 9
705618243 9
056182473 9
405618273 9
056182743 9
247056183 9
274056183 9
561834270 9
561834720 9
724056183 9
561837420 9
056184237 7
561842730 7
705618432 9
056184372 9
561847230 7
056184732 9
405618723 9
056187243 9
240561873 9
561873420 9
561874230 7
056187432 9
213478056 9
213487056 9
213748056 9
213784056 9
213847056 9
213874056 9
143780562 7
143870562 7
147380562 7
147830562 7
148370562 7
148730562 7
217348056 9
217384056 9
174380562 7
174830562 7
217834056 9
178430562 7
218347056 9
218374056 9
184370562 7
184730562 7
218734056 9
187430562 7
314780562 9
314870562 9
317480562 9
317840562 9
318470562 9
318740562 9
234178056 7
234187056 7
234718056 7
234781056 7
234817056 7
234871056 7
371480562 9
371840562 9
237418056 7
237481056 7
378140562 9
237841056 7
381470562 9
381740562 9
238417056 7
238471056 7
387140562 9
238741056 7
562413780 9
562413870 9
562417380 9
562417830 9
562418370 9
562418730 9
624317805 9
624318705 9
624371805 9
624378105 9
624381705 9
624387105 9
562471380 9
562471830 9
624731805 9
624738105 9
562478130 9
624783105 9
562481370 9
562481730 9
624831705 9
624837105 9
562487130 9
624873105 9
271348056 9
271384056 9
714380562 7
714830562 7
271834056 9
718430562 7
731480562 9
731840562 9
273418056 7
273481056 7
738140562 9
273841056 7
562741380 9
562741830 9
627431805 9
627438105 9
562748130 9
627483105 9
278134056 9
781430562 7
783140562 9
278341056 7
562784130 9
627843105 9
281347056 9
281374056 9
814370562 7
814730562 7
281734056 9
817430562 7
831470562 9
831740562 9
283417056 7
283471056 7
837140562 9
283741056 7
562841370 9
562841730 9
628431705 9
628437105 9
562847130 9
628473105 9
287134056 9
871430562 7
873140562 9
287341056 7
562874130 9
628743105 9
478056312 7
487056312 7
748056312 7
784056312 7
847056312 7
874056312 7
631427805 9
631428705 9
631472805 9
631478205 9
631482705 9
631487205 9
248056317 7
284056317 7
631742805 9
631748205 9
824056317 7
631784205 9
247056318 7
274056318 7
631842705 9
631847205 9
724056318 7
631874205 9
147805632 9
148705632 9
174805632 9
178405632 9
184705632 9
187405632 9
805632417 9
056324187 9
180563247 9
810563247 9
056324817 9
105632487 9
714805632 9
718405632 9
418056327 9
105632748 7
781405632 9
410563278 9
814705632 9
817405632 9
056328417 0
056328471 0
871405632 9
741056328 9
341278056 9
341287056 9
341728056 9
341782056 9
341827056 9
341872056 9
421780563 9
421870563 9
427180563 9
427810563 9
428170563 9
428710563 9
347128056 9
347182056 9
472180563 9
472810563 9
347812056 9
478210563 9
348127056 9
348172056 9
482170563 9
482710563 9
348712056 9
487210563 9
480563712 7
840563712 7
637142805 9
637148205 9
240563718 7
637184205 9
148056372 9
184056372 9
056372418 5
248105637 3
814056372 9
056372841 0
374128056 9
374182056 9
742180563 9
742810563 9
374812056 9
748210563 9
405637812 7
637814205 9
140563782 9
824105637 9
378412056 9
784210563 9
470563812 7
740563812 7
638142705 9
638147205 9
240563817 7
638174205 9
147056382 9
174056382 9
056382417 0
056382471 0
714056382 9
410563827 7
384127056 9
384172056 9
842170563 9
842710563 9
384712056 9
847210563 9
405638712 7
638714205 9
140563872 9
241056387 9
387412056 9
874210563 9
805641237 9
056412387 9
380564127 9
830564127 9
056412837 9
305641287 9
413278056 7
413287056 7
413728056 7
413782056 7
413827056 7
413872056 7
238056417 9
305641728 7
417328056 7
417382056 7
230564178 9
417832056 7
056418237 0
056418273 0
418327056 7
418372056 7
723056418 9
418732056 7
780564213 9
870564213 9
805642173 9
056421783 9
705642183 9
056421873 9
805642317 7
705642318 7
056423718 7
564237810 7
056423817 7
564238710 7
805642713 9
056427183 9
056427318 7
564273810 7
056427813 9
564278310 7
705642813 9
056428173 9
056428317 7
564283710 7
056428713 9
564287310 7
643127805 9
643128705 9
643172805 9
643178205 9
643182705 9
643187205 9
217805643 7
218705643 7
271805643 7
278105643 7
281705643 7
287105643 7
643712805 9
643718205 9
721805643 7
728105643 7
643781205 9
782105643 7
643812705 9
643817205 9
821705643 7
827105643 7
643871205 9
872105643 7
056471238 5
128305647 3
471328056 7
471382056 7
056471823 0
471832056 7
805647213 9
056472183 9
056472318 7
564723810 7
056472813 9
564728310 7
647312805 9
647318205 9
321805647 7
328105647 7
647381205 9
382105647 7
812305647 9
478132056 7
056478213 9
564782310 7
647831205 9
832105647 7
056481237 0
056481273 0
481327056 7
481372056 7
230564817 7
481732056 7
705648213 9
056482173 9
056482317 7
564823710 7
056482713 9
564827310 7
648312705 9
648317205 9
321705648 7
327105648 7
648371205 9
372105648 7
123056487 9
487132056 7
056487213 9
564872310 7
648731205 9
732105648 7
480567123 9
840567123 9
805671243 9
056712483 9
405671283 9
056712843 9
248056713 9
284056713 9
567134280 9
567134820 9
824056713 9
567138420 9
056714238 7
567142830 7
805671432 9
056714382 9
567148230 7
056714832 9
405671823 9
056718243 9
240567183 9
567183420 9
567184230 7
056718432 9
721348056 9
721384056 9
214380567 7
214830567 7
721834056 9
218430567 7
314805672 9
318405672 9
723418056 7
723481056 7
381405672 9
723841056 7
567241380 9
567241830 9
672431805 9
672438105 9
567248130 9
672483105 9
728134056 9
281430567 7
831405672 9
728341056 7
567284130 9
672843105 9
480567312 7
840567312 7
673142805 9
673148205 9
240567318 7
673184205 9
148056732 9
184056732 9
324180567 5
324810567 9
814056732 9
056732841 0
734128056 9
734182056 9
421805673 9
428105673 9
734812056 9
482105673 9
405673812 7
673814205 9
140567382 9
382410567 9
738412056 9
842105673 9
412380567 5
412830567 9
741328056 7
741382056 7
056741823 0
741832056 7
805674213 9
056742183 9
056742318 7
567423810 7
056742813 9
567428310 7
674312805 9
674318205 9
218056743 7
281056743 7
674381205 9
821056743 7
481230567 9
748132056 7
056748213 9
567482310 7
674831205 9
321056748 7
405678123 9
056781243 9
240567813 9
567813420 9
567814230 7
056781432 9
782134056 9
821430567 7
314056782 9
782341056 7
567824130 9
678243105 9
405678312 7
678314205 9
140567832 9
832410567 9
783412056 9
421056783 9
841230567 9
784132056 7
056784213 9
567842310 7
678431205 9
210567843 7
470568123 9
740568123 9
705681243 9
056812473 9
405681273 9
056812743 9
247056813 9
274056813 9
568134270 9
568134720 9
724056813 9
568137420 9
056814237 7
568142730 7
705681432 9
056814372 9
568147230 7
056814732 9
405681723 9
056817243 9
240568173 9
568173420 9
568174230 7
056817432 9
821347056 9
821374056 9
214370568 7
214730568 7
821734056 9
217430568 7
314705682 9
317405682 9
823417056 7
823471056 7
371405682 9
823741056 7
568241370 9
568241730 9
682431705 9
682437105 9
568247130 9
682473105 9
827134056 9
271430568 7
731405682 9
827341056 7
568274130 9
682743105 9
470568312 7
740568312 7
683142705 9
683147205 9
240568317 7
683174205 9
147056832 9
174056832 9
056832417 9
105683247 9
714056832 9
410568327 9
834127056 9
834172056 9
421705683 9
427105683 9
834712056 9
472105683 9
405683712 7
683714205 9
140568372 9
241056837 9
837412056 9
742105683 9
056841237 9
305684127 9
841327056 7
841372056 7
230568417 9
841732056 7
705684213 9
056842173 9
056842317 7
568423710 7
056842713 9
568427310 7
684312705 9
684317205 9
217056843 7
271056843 7
684371205 9
721056843 7
123056847 9
847132056 7
056847213 9
568472310 7
684731205 9
321056847 7
405687123 9
056871243 9
240568713 9
568713420 9
568714230 7
056871432 9
872134056 9
721430568 7
314056872 9
872341056 7
568724130 9
687243105 9
405687312 7
687314205 9
140568732 9
324105687 9
873412056 9
421056873 9
412305687 9
874132056 7
056874213 9
568742310 7
687431205 9
210568743 7
123468057 9
123486057 9
648057123 9
684057123 9
057123846 0
864057123 9
436805712 9
438605712 9
246380571 9
246830571 9
483605712 9
248630571 9
480571263 7
840571263 7
712643805 9
712648305 9
340571268 7
712684305 9
128346057 9
640571283 9
843605712 9
284630571 9
405712863 7
712864305 9
324680571 9
324860571 9
264805713 9
268405713 9
328460571 9
286405713 9
713426805 9
713428605 9
571346280 9
571346820 9
713482605 9
571348620 9
362480571 9
362840571 9
642805713 7
648205713 7
368240571 9
684205713 7
382460571 9
826405713 9
713842605 9
571384620 9
386240571 9
864205713 7
368057142 7
386057142 7
714263805 9
714268305 9
836057142 7
714286305 9
571432680 9
571432860 9
714362805 7
714368205 7
571438260 9
714386205 7
146238057 7
146283057 7
146328057 9
146382057 9
146823057 7
057146832 0
236057148 7
714826305 9
571483260 9
714836205 7
148623057 7
148632057 9
348057162 9
384057162 9
571624380 9
571624830 9
834057162 9
571628430 9
480571632 9
840571632 9
805716342 9
057163482 9
405716382 9
057163842 9
805716423 9
057164283 9
057164328 7
571643820 7
057164823 9
571648320 7
340571682 9
571682430 9
405716832 9
057168342 9
057168423 9
571684320 7
234605718 7
640571823 9
436057182 9
824630571 9
405718263 7
718264305 9
832460571 9
264057183 9
718342605 9
571834620 9
836240571 9
364205718 7
360571842 7
718426305 9
571843260 9
718436205 7
184623057 7
463205718 7
340571862 9
571862430 9
405718632 9
057186342 9
057186423 9
571864320 7
721346805 9
721348605 9
480572136 7
840572136 7
721384605 9
640572138 7
143680572 9
143860572 9
463805721 9
468305721 9
148360572 9
486305721 9
348057216 9
384057216 9
216438057 9
216483057 9
834057216 9
057216843 0
721834605 9
405721836 7
184360572 9
846305721 9
340572186 9
218643057 9
572314680 9
572314860 9
648057231 9
684057231 9
572318460 9
864057231 9
805723416 9
057234186 9
180572346 9
810572346 9
057234816 9
105723486 9
480572361 9
840572361 9
805723641 7
105723648 7
405723681 9
057236841 7
572381460 9
640572381 9
057238416 9
105723846 9
405723861 9
057238641 7
724136805 9
724138605 9
638057241 7
683057241 7
724183605 9
863057241 7
243168057 7
243186057 7
243618057 9
243681057 9
243816057 7
057243861 0
572461380 9
572461830 9
724631805 7
724638105 7
572468130 9
724683105 7
724813605 9
163057248 7
248316057 7
248361057 9
572486130 9
724863105 7
134805726 9
138405726 9
614380572 9
614830572 9
183405726 9
618430572 9
631480572 9
631840572 9
726341805 9
726348105 9
638140572 9
726384105 9
726413805 9
726418305 9
572643180 9
572643810 9
726481305 9
572648310 9
813405726 9
681430572 9
683140572 9
726834105 9
726841305 9
572684310 9
728134605 9
405728136 7
814360572 9
463057281 9
340572816 9
164305728 7
572831460 9
640572831 9
057283416 9
105728346 9
405728361 9
057283641 7
728413605 9
630572841 7
284316057 7
436105728 7
572846130 9
728463105 7
134057286 9
861430572 9
863140572 9
728634105 9
728641305 9
572864310 9
246805731 7
248605731 7
126480573 9
126840573 9
284605731 7
128640573 9
573142680 9
573142860 9
731462805 9
731468205 9
573148260 9
731486205 9
624805731 9
628405731 9
164280573 9
164820573 9
682405731 9
168420573 9
824605731 7
182640573 9
573184260 9
731846205 9
862405731 9
186420573 9
805732146 9
057321486 9
480573216 9
840573216 9
057321846 9
405732186 9
057324168 7
573241860 7
805732461 9
057324681 9
573248160 7
057324861 9
148057326 9
184057326 9
573264180 9
573264810 9
814057326 9
573268410 9
057328146 9
405732816 9
573284160 7
057328461 9
140573286 9
573286410 9
734126805 7
734128605 7
573416280 9
573416820 9
734182605 7
573418620 9
342168057 9
342186057 9
573426180 9
573426810 9
057342816 0
573428610 9
128057346 7
182057346 7
734621805 9
734628105 9
812057346 7
734682105 9
734812605 7
573481620 9
348216057 9
573482610 9
612057348 7
734862105 9
248057361 9
284057361 9
057361428 0
361482057 9
824057361 9
420573618 5
480573621 7
840573621 7
736241805 9
736248105 9
140573628 7
736284105 9
412805736 9
418205736 9
642180573 9
642810573 9
481205736 9
648210573 9
240573681 9
368142057 3
405736821 7
736824105 9
841205736 9
684210573 9
124605738 7
812640573 9
573814260 9
738146205 9
624057381 9
816420573 9
057382146 9
405738216 9
573824160 7
057382461 9
140573826 9
573826410 9
738412605 7
573841620 9
421605738 7
573842610 9
120573846 7
738462105 9
240573861 9
057386142 0
405738621 7
738624105 9
412057386 9
864210573 9
236805741 9
238605741 9
638057412 9
683057412 9
283605741 9
863057412 9
805741326 9
057413286 9
280574136 9
820574136 9
057413826 9
205741386 9
380574162 9
830574162 9
805741632 7
205741638 7
305741682 9
057416832 7
823605741 9
630574182 9
057418326 9
205741836 9
305741862 9
057418632 7
368057421 9
386057421 9
163805742 9
168305742 9
836057421 9
186305742 9
680574231 9
860574231 9
805742361 7
105742368 7
605742381 9
057423861 7
805742613 9
057426183 9
180574263 9
810574263 9
057426813 9
105742683 9
360574281 9
816305742 9
605742831 9
057428361 7
057428613 9
105742863 9
680574312 9
860574312 9
805743162 9
057431682 9
605743182 9
057431862 9
805743216 7
605743218 7
180574326 9
810574326 9
057432816 7
105743286 9
612805743 9
618205743 9
218057436 9
281057436 9
681205743 9
821057436 9
605743812 9
057438162 9
057438216 7
105743826 9
861205743 9
210574386 9
805746123 7
305746128 7
280574613 9
820574613 9
057461823 7
205746183 9
380574621 9
830574621 9
805746231 9
057462381 9
305746281 9
057462831 9
128057463 9
182057463 9
321805746 9
328105746 9
812057463 9
382105746 9
057468123 7
205746813 9
305746821 9
057468231 9
120574683 9
832105746 9
236057481 9
630574812 9
057481326 9
205748136 9
305748162 9
057481632 7
360574821 9
163057482 9
605748231 9
057482361 7
057482613 9
105748263 9
605748312 9
057483162 9
057483216 7
105748326 9
612057483 9
210574836 9
057486123 7
205748613 9
305748621 9
057486231 9
120574863 9
321057486 9
480576123 9
840576123 9
805761243 9
057612483 9
405761283 9
057612843 9
248057613 9
284057613 9
576134280 9
576134820 9
824057613 9
576138420 9
057614238 7
576142830 7
805761432 9
057614382 9
576148230 7
057614832 9
405761823 9
057618243 9
240576183 9
576183420 9
576184230 7
057618432 9
213480576 9
213840576 9
143805762 7
148305762 7
218340576 9
184305762 7
314805762 9
318405762 9
623418057 7
623481057 7
381405762 9
623841057 7
576241380 9
576241830 9
762431805 9
762438105 9
576248130 9
762483105 9
281340576 9
814305762 7
831405762 9
628341057 7
576284130 9
762843105 9
480576312 7
840576312 7
763142805 9
763148205 9
240576318 7
763184205 9
148057632 9
184057632 9
632418057 9
632481057 9
814057632 9
057632841 0
341280576 9
341820576 9
421805763 9
428105763 9
348120576 9
482105763 9
405763812 7
763814205 9
140576382 9
638241057 9
384120576 9
842105763 9
641238057 9
641283057 9
641328057 7
641382057 7
057641823 0
641832057 7
805764213 9
057642183 9
057642318 7
576423810 7
057642813 9
576428310 7
764312805 9
764318205 9
218057643 7
281057643 7
764381205 9
821057643 7
648123057 9
648132057 7
057648213 9
576482310 7
764831205 9
321057648 7
405768123 9
057681243 9
240576813 9
576813420 9
576814230 7
057681432 9
821340576 9
214305768 7
314057682 9
682341057 7
576824130 9
768243105 9
405768312 7
768314205 9
140576832 9
324105768 7
834120576 9
421057683 9
412305768 7
684132057 7
057684213 9
576842310 7
768431205 9
210576843 7
123460578 9
640578123 9
436057812 9
246305781 9
405781263 7
781264305 9
324605781 9
264057813 9
781342605 9
578134620 9
362405781 9
642057813 7
360578142 7
781426305 9
578143260 9
781436205 7
814623057 7
146320578 9
340578162 9
578162430 9
405781632 9
057816342 9
057816423 9
578164320 7
782134605 9
405782136 7
143605782 9
463057821 9
340578216 9
216430578 9
578231460 9
640578231 9
057823416 9
105782346 9
405782361 9
057823641 7
782413605 9
630578241 7
824316057 7
243610578 9
578246130 9
782463105 7
134057826 9
614305782 9
631405782 9
782634105 9
782641305 9
578264310 9
246057831 7
126405783 9
578314260 9
783146205 9
624057831 9
164205783 9
057832146 9
405783216 9
578324160 7
057832461 9
140578326 9
578326410 9
783412605 7
578341620 9
342160578 9
578342610 9
120578346 7
783462105 9
240578361 9
836142057 9
405783621 7
783624105 9
412057836 9
642105783 9
236057841 9
630578412 9
057841326 9
205784136 9
305784162 9
057841632 7
360578421 9
163057842 9
605784231 9
057842361 7
057842613 9
105784263 9
605784312 9
057843162 9
057843216 7
105784326 9
612057843 9
210578436 9
057846123 7
205784613 9
305784621 9
057846231 9
120578463 9
321057846 9
405786123 9
057861243 9
240578613 9
578613420 9
578614230 7
057861432 9
213405786 9
143057862 7
314057862 9
862341057 7
578624130 9
786243105 9
405786312 7
786314205 9
140578632 9
632410578 9
341205786 9
421057863 9
641230578 9
864132057 7
057864213 9
578642310 7
786431205 9
210578643 7
058123467 0
058123476 0
647058123 9
674058123 9
058123746 0
764058123 9
436705812 9
437605812 9
246370581 9
246730581 9
473605812 9
247630581 9
470581263 7
740581263 7
812643705 9
812647305 9
340581267 7
812674305 9
058127346 0
640581273 9
743605812 9
274630581 9
405812763 7
812764305 9
324670581 9
324760581 9
264705813 9
267405813 9
327460581 9
276405813 9
813426705 9
813427605 9
581346270 9
581346720 9
813472605 9
581347620 9
362470581 9
362740581 9
642705813 7
647205813 7
367240581 9
674205813 7
372460581 9
726405813 9
813742605 9
581374620 9
376240581 9
764205813 7
367058142 7
376058142 7
814263705 9
814267305 9
736058142 7
814276305 9
581432670 9
581432760 9
814362705 7
814367205 7
581437260 9
814376205 7
146237058 7
146273058 7
058146327 0
058146372 0
146723058 7
058146732 0
236058147 7
814726305 9
581473260 9
814736205 7
147623058 7
058147632 0
347058162 9
374058162 9
581624370 9
581624730 9
734058162 9
581627430 9
470581632 9
740581632 9
705816342 9
058163472 9
405816372 9
058163742 9
705816423 9
058164273 9
058164327 7
581643720 7
058164723 9
581647320 7
340581672 9
581672430 9
405816732 9
058167342 9
058167423 9
581674320 7
058172346 0
640581723 9
436058172 9
724630581 9
405817263 7
817264305 9
732460581 9
264058173 9
817342605 9
581734620 9
736240581 9
364205817 7
360581742 7
817426305 9
581743260 9
817436205 7
174623058 7
058174632 0
340581762 9
581762430 9
405817632 9
058176342 9
058176423 9
581764320 7
821346705 9
821347605 9
470582136 7
740582136 7
821374605 9
640582137 7
143670582 9
143760582 9
463705821 9
467305821 9
147360582 9
476305821 9
347058216 9
374058216 9
058216437 0
058216473 0
734058216 9
058216743 0
821734605 9
405821736 7
174360582 9
746305821 9
340582176 9
058217643 0
582314670 9
582314760 9
647058231 9
674058231 9
582317460 9
764058231 9
705823416 9
058234176 9
170582346 9
710582346 9
058234716 9
105823476 9
470582361 9
740582361 9
705823641 7
105823647 7
405823671 9
058236741 7
582371460 9
640582371 9
058237416 9
105823746 9
405823761 9
058237641 7
824136705 9
824137605 9
637058241 7
673058241 7
824173605 9
763058241 7
243167058 7
243176058 7
058243617 0
058243671 0
243716058 7
058243761 0
582461370 9
582461730 9
824631705 7
824637105 7
582467130 9
824673105 7
824713605 9
163058247 7
247316058 7
058247361 0
582476130 9
824763105 7
134705826 9
137405826 9
614370582 9
614730582 9
173405826 9
617430582 9
631470582 9
631740582 9
826341705 9
826347105 9
637140582 9
826374105 9
826413705 9
826417305 9
582643170 9
582643710 9
826471305 9
582647310 9
713405826 9
671430582 9
673140582 9
826734105 9
826741305 9
582674310 9
827134605 9
405827136 7
714360582 9
463058271 9
340582716 9
058271643 0
582731460 9
640582731 9
058273416 9
105827346 9
405827361 9
058273641 7
827413605 9
630582741 7
274316058 7
058274361 0
582746130 9
827463105 7
134058276 9
761430582 9
763140582 9
827634105 9
827641305 9
582764310 9
246705831 7
247605831 7
126470583 9
126740583 9
274605831 7
127640583 9
583142670 9
583142760 9
831462705 9
831467205 9
583147260 9
831476205 9
624705831 9
627405831 9
164270583 9
164720583 9
672405831 9
742058316 7
724605831 7
172640583 9
583174260 9
831746205 9
762405831 9
176420583 9
705832146 9
058321476 9
470583216 9
740583216 9
058321746 9
405832176 9
058324167 7
583241760 7
705832461 9
058324671 9
583247160 7
058324761 9
147058326 9
174058326 9
583264170 9
583264710 9
714058326 9
583267410 9
058327146 9
405832716 9
583274160 7
058327461 9
140583276 9
583276410 9
834126705 7
834127605 7
583416270 9
583416720 9
834172605 7
583417620 9
058342167 0
058342176 0
583426170 9
583426710 9
058342716 0
583427610 9
127058346 7
172058346 7
834621705 9
834627105 9
712058346 7
834672105 9
834712605 7
583471620 9
058347216 0
583472610 9
612058347 7
834762105 9
247058361 9
274058361 9
058361427 9
361472058 5
724058361 9
420583617 7
470583621 7
740583621 7
836241705 9
836247105 9
140583627 7
836274105 9
412705836 9
417205836 9
642170583 9
642710583 9
471205836 9
647210583 9
240583671 9
142058367 9
405836721 7
836724105 9
741205836 9
674210583 9
124605837 7
712640583 9
583714260 9
837146205 9
624058371 9
716420583 9
058372146 9
405837216 9
583724160 7
058372461 9
140583726 9
583726410 9
837412605 7
583741620 9
058374216 0
583742610 9
120583746 7
837462105 9
240583761 9
614205837 9
405837621 7
837624105 9
412058376 9
764210583 9
236705841 9
237605841 9
637058412 9
673058412 9
273605841 9
763058412 9
705841326 9
058413276 9
270584136 9
720584136 9
058413726 9
205841376 9
370584162 9
730584162 9
705841632 7
205841637 7
305841672 9
058416732 7
723605841 9
630584172 9
058417326 9
205841736 9
305841762 9
058417632 7
367058421 9
376058421 9
163705842 9
167305842 9
736058421 9
176305842 9
670584231 9
760584231 9
705842361 7
105842367 7
605842371 9
058423761 7
705842613 9
058426173 9
170584263 9
710584263 9
058426713 9
105842673 9
360584271 9
716305842 9
605842731 9
058427361 7
058427613 9
105842763 9
670584312 9
760584312 9
705843162 9
058431672 9
605843172 9
058431762 9
705843216 7
605843217 7
170584326 9
710584326 9
058432716 7
105843276 9
612705843 9
617205843 9
217058436 9
271058436 9
671205843 9
721058436 9
605843712 9
058437162 9
058437216 7
105843726 9
761205843 9
210584376 9
705846123 7
305846127 7
270584613 9
720584613 9
058461723 7
205846173 9
370584621 9
730584621 9
705846231 9
058462371 9
305846271 9
058462731 9
127058463 9
172058463 9
321705846 9
327105846 9
712058463 9
372105846 9
058467123 7
205846713 9
305846721 9
058467231 9
120584673 9
732105846 9
236058471 9
630584712 9
058471326 9
205847136 9
305847162 9
058471632 7
360584721 9
163058472 9
605847231 9
058472361 7
058472613 9
105847263 9
605847312 9
058473162 9
058473216 7
105847326 9
612058473 9
210584736 9
058476123 7
205847613 9
305847621 9
058476231 9
120584763 9
321058476 9
470586123 9
740586123 9
705861243 9
058612473 9
405861273 9
058612743 9
247058613 9
274058613 9
586134270 9
586134720 9
724058613 9
586137420 9
058614237 7
586142730 7
705861432 9
058614372 9
586147230 7
058614732 9
405861723 9
058617243 9
240586173 9
586173420 9
586174230 7
058617432 9
213470586 9
213740586 9
143705862 7
147305862 7
217340586 9
174305862 7
314705862 9
317405862 9
623417058 7
623471058 7
371405862 9
623741058 7
586241370 9
586241730 9
862431705 9
862437105 9
586247130 9
862473105 9
271340586 9
714305862 7
731405862 9
627341058 7
586274130 9
862743105 9
470586312 7
740586312 7
863142705 9
863147205 9
240586317 7
863174205 9
147058632 9
174058632 9
058632417 0
058632471 0
714058632 9
058632741 0
341270586 9
341720586 9
421705863 9
427105863 9
347120586 9
472105863 9
405863712 7
863714205 9
140586372 9
058637241 0
374120586 9
742105863 9
058641237 0
058641273 0
641327058 7
641372058 7
058641723 0
641732058 7
705864213 9
058642173 9
058642317 7
586423710 7
058642713 9
586427310 7
864312705 9
864317205 9
217058643 7
271058643 7
864371205 9
721058643 7
058647123 0
647132058 7
058647213 9
586472310 7
864731205 9
321058647 7
405867123 9
058671243 9
240586713 9
586713420 9
586714230 7
058671432 9
721340586 9
214305867 7
314058672 9
672341058 7
586724130 9
867243105 9
405867312 7
867314205 9
140586732 9
058673241 0
734120586 9
421058673 9
058674123 0
674132058 7
058674213 9
586742310 7
867431205 9
210586743 7
712346058 9
640587123 9
436058712 9
246305871 9
405871263 7
871264305 9
324605871 9
264058713 9
871342605 9
587134620 9
362405871 9
642058713 7
360587142 7
871426305 9
587143260 9
871436205 7
714623058 7
714632058 9
340587162 9
587162430 9
405871632 9
058716342 9
058716423 9
587164320 7
872134605 9
405872136 7
143605872 9
463058721 9
340587216 9
721643058 9
587231460 9
640587231 9
058723416 9
105872346 9
405872361 9
058723641 7
872413605 9
630587241 7
724316058 7
724361058 9
587246130 9
872463105 7
134058726 9
614305872 9
631405872 9
872634105 9
872641305 9
587264310 9
246058731 7
126405873 9
587314260 9
873146205 9
624058731 9
164205873 9
058732146 9
405873216 9
587324160 7
058732461 9
140587326 9
587326410 9
873412605 7
587341620 9
734216058 9
587342610 9
120587346 7
873462105 9
240587361 9
361420587 9
405873621 7
873624105 9
412058736 9
642105873 9
236058741 9
630587412 9
058741326 9
205874136 9
305874162 9
058741632 7
360587421 9
163058742 9
605874231 9
058742361 7
058742613 9
105874263 9
605874312 9
058743162 9
058743216 7
105874326 9
612058743 9
210587436 9
058746123 7
205874613 9
305874621 9
058746231 9
120587463 9
321058746 9
405876123 9
058761243 9
240587613 9
587613420 9
587614230 7
058761432 9
213405876 9
143058762 7
314058762 9
762341058 7
587624130 9
876243105 9
405876312 7
876314205 9
140587632 9
763241058 9
341205876 9
421058763 9
764123058 9
764132058 7
058764213 9
587642310 7
876431205 9
210587643 7
345780612 9
345870612 9
347580612 9
347850612 9
348570612 9
348750612 9
235478061 9
235487061 9
235748061 9
235784061 9
235847061 9
235874061 9
374580612 9
374850612 9
237548061 9
237584061 9
378450612 9
237854061 9
384570612 9
384750612 9
238547061 9
238574061 9
387450612 9
238754061 9
806124357 9
061243587 9
580612437 9
850612437 9
061243857 9
506124387 9
537806124 7
538706124 7
573806124 7
578306124 7
583706124 7
587306124 7
358061247 9
506124738 7
753806124 7
758306124 7
350612478 9
785306124 7
061248357 0
061248375 0
853706124 7
857306124 7
735061248 9
875306124 7
125347806 9
125348706 9
125374806 9
125378406 9
125384706 9
125387406 9
543780612 9
543870612 9
547380612 9
547830612 9
548370612 9
548730612 9
125734806 9
125738406 9
574380612 9
574830612 9
125783406 9
578430612 9
125834706 9
125837406 9
584370612 9
584730612 9
125873406 9
587430612 9
734580612 9
734850612 9
273548061 9
273584061 9
738450612 9
273854061 9
061274358 5
438506127 3
453806127 7
458306127 7
061274835 0
485306127 7
127534806 9
127538406 9
754380612 9
754830612 9
127583406 9
758430612 9
783450612 9
278354061 9
843506127 9
845306127 7
127853406 9
785430612 9
834570612 9
834750612 9
283547061 9
283574061 9
837450612 9
283754061 9
061284357 0
061284375 0
453706128 7
457306128 7
350612847 7
475306128 7
128534706 9
128537406 9
854370612 9
854730612 9
128573406 9
857430612 9
873450612 9
287354061 9
435061287 9
745306128 7
128753406 9
875430612 9
457806132 7
458706132 7
475806132 7
478506132 7
485706132 7
487506132 7
132547806 9
132548706 9
132574806 9
132578406 9
132584706 9
132587406 9
745806132 7
748506132 7
132754806 9
132758406 9
784506132 7
132785406 9
845706132 7
847506132 7
132854706 9
132857406 9
874506132 7
132875406 9
806134257 7
706134258 7
061342758 7
613427850 7
061342857 7
613428750 7
780613452 9
870613452 9
806134572 9
061345782 9
706134582 9
061345872 9
061347258 7
613472850 7
806134752 9
061347582 9
613478250 7
061347852 9
061348257 7
613482750 7
706134852 9
061348572 9
613487250 7
061348752 9
352478061 7
352487061 7
352748061 7
352784061 7
352847061 7
352874061 7
806135427 9
061354287 9
280613547 9
820613547 9
061354827 9
206135487 9
357248061 7
357284061 7
428061357 9
206135748 7
357824061 7
420613578 9
358247061 7
358274061 7
061358427 0
061358472 0
358724061 7
742061358 9
245806137 7
248506137 7
137254806 9
137258406 9
284506137 7
137285406 9
061374258 7
613742850 7
806137452 9
061374582 9
613748250 7
061374852 9
375248061 7
375284061 7
061375428 5
548206137 3
375824061 7
061375842 0
824506137 7
137825406 9
613784250 7
061378452 9
378524061 7
854206137 9
245706138 7
247506138 7
138254706 9
138257406 9
274506138 7
138275406 9
061384257 7
613842750 7
706138452 9
061384572 9
613847250 7
061384752 9
385247061 7
385274061 7
061385427 0
061385472 0
385724061 7
420613857 7
724506138 7
138725406 9
613874250 7
061387452 9
387524061 7
542061387 9
423578061 7
423587061 7
423758061 7
423785061 7
423857061 7
423875061 7
253780614 9
253870614 9
257380614 9
257830614 9
258370614 9
258730614 9
427358061 7
427385061 7
275380614 9
275830614 9
427835061 7
278530614 9
428357061 7
428375061 7
285370614 9
285730614 9
428735061 7
287530614 9
143257806 9
143258706 9
143275806 9
143278506 9
143285706 9
143287506 9
614352780 9
614352870 9
614357280 9
614357820 9
614358270 9
614358720 9
143725806 9
143728506 9
614375280 9
614375820 9
143782506 9
614378520 9
143825706 9
143827506 9
614385270 9
614385720 9
143872506 9
614387520 9
452378061 9
452387061 9
452738061 9
452783061 9
452837061 9
452873061 9
532780614 7
532870614 7
537280614 7
537820614 7
538270614 7
538720614 7
457238061 9
457283061 9
573280614 7
573820614 7
457823061 9
578320614 7
458237061 9
458273061 9
583270614 7
583720614 7
458723061 9
587320614 7
472358061 7
472385061 7
725380614 9
725830614 9
472835061 7
728530614 9
147325806 9
147328506 9
614735280 9
614735820 9
147382506 9
614738520 9
475238061 9
475283061 9
753280614 7
753820614 7
475823061 9
758320614 7
478235061 7
782530614 9
147832506 9
614783520 9
478523061 9
785320614 7
482357061 7
482375061 7
825370614 9
825730614 9
482735061 7
827530614 9
148325706 9
148327506 9
614835270 9
614835720 9
148372506 9
614837520 9
485237061 9
485273061 9
853270614 7
853720614 7
485723061 9
857320614 7
487235061 7
872530614 9
148732506 9
614873520 9
487523061 9
875320614 7
615234780 9
615234870 9
615237480 9
615237840 9
615238470 9
615238740 9
437806152 9
438706152 9
473806152 9
478306152 9
483706152 9
487306152 9
615273480 9
615273840 9
743806152 9
748306152 9
615278340 9
784306152 9
615283470 9
615283740 9
843706152 9
847306152 9
615287340 9
874306152 9
780615324 9
870615324 9
806153274 9
061532784 9
706153284 9
061532874 9
806153427 7
706153428 7
061534728 7
615347820 7
061534827 7
615348720 7
806153724 9
061537284 9
061537428 7
615374820 7
061537824 9
615378420 7
706153824 9
061538274 9
061538427 7
615384720 7
061538724 9
615387420 7
378061542 9
387061542 9
738061542 9
783061542 9
837061542 9
873061542 9
780615432 9
870615432 9
806154372 9
061543782 9
706154382 9
061543872 9
380615472 9
830615472 9
806154732 9
061547382 9
306154782 9
061547832 9
370615482 9
730615482 9
706154832 9
061548372 9
306154872 9
061548732 9
615723480 9
615723840 9
438061572 9
483061572 9
615728340 9
843061572 9
806157324 9
061573284 9
061573428 7
615734820 7
061573824 9
615738420 7
380615742 9
830615742 9
806157432 9
061574382 9
306157482 9
061574832 9
615782340 9
430615782 9
061578324 9
615783420 7
306157842 9
061578432 9
615823470 9
615823740 9
437061582 9
473061582 9
615827340 9
743061582 9
706158324 9
061583274 9
061583427 7
615834720 7
061583724 9
615837420 7
370615842 9
730615842 9
706158432 9
061584372 9
306158472 9
061584732 9
615872340 9
430615872 9
061587324 9
615873420 7
306158742 9
061587432 9
345806172 9
348506172 9
723548061 9
723584061 9
384506172 9
723854061 9
243580617 5
243850617 9
538061724 7
583061724 7
061724835 0
853061724 7
172534806 9
172538406 9
543806172 9
548306172 9
172583406 9
584306172 9
834506172 9
728354061 9
284350617 9
453061728 7
172853406 9
854306172 6
458061732 7
485061732 7
173254806 9
173258406 9
845061732 7
173285406 9
061734258 7
617342850 7
806173452 9
061734582 9
617348250 7
061734852 9
735248061 7
735284061 7
354280617 5
354820617 9
735824061 7
061735842 0
245061738 7
173825406 9
617384250 7
061738452 9
738524061 7
385420617 9
742358061 7
742385061 7
253806174 9
258306174 9
742835061 7
285306174 9
174325806 9
174328506 9
617435280 9
617435820 9
174382506 9
617438520 9
745238061 9
745283061 9
453280617 7
453820617 7
745823061 9
458320617 7
748235061 7
825306174 9
174832506 9
617483520 9
748523061 9
485320617 7
617523480 9
617523840 9
438061752 9
483061752 9
617528340 9
843061752 9
806175324 9
061753284 9
061753428 7
617534820 7
061753824 9
617538420 7
380617542 9
830617542 9
806175432 9
061754382 9
306175482 9
061754832 9
617582340 9
430617582 9
061758324 9
617583420 7
306175842 9
061758432 9
345061782 9
782354061 9
824350617 9
530617824 7
178253406 9
782543061 3
450617832 7
178325406 9
617834250 7
061783452 9
783524061 7
835420617 9
784235061 7
253061784 9
178432506 9
617843520 9
784523061 9
845320617 7
617852340 9
430617852 9
061785324 9
617853420 7
306178542 9
061785432 9
345706182 9
347506182 9
823547061 9
823574061 9
374506182 9
823754061 9
061824357 9
506182437 9
537061824 7
573061824 7
350618247 9
753061824 7
182534706 9
182537406 9
543706182 9
547306182 9
182573406 9
574306182 9
734506182 9
827354061 9
435061827 9
453061827 7
182753406 9
754306182 9
457061832 7
475061832 7
183254706 9
183257406 9
745061832 7
183275406 9
061834257 7
618342750 7
706183452 9
061834572 9
618347250 7
061834752 9
835247061 7
835274061 7
061835427 9
206183547 9
835724061 7
420618357 9
245061837 7
183725406 9
618374250 7
061837452 9
837524061 7
542061837 9
842357061 7
842375061 7
253706184 9
257306184 9
842735061 7
275306184 9
184325706 9
184327506 9
618435270 9
618435720 9
184372506 9
618437520 9
845237061 9
845273061 9
453270618 7
453720618 7
845723061 9
457320618 7
847235061 7
725306184 9
184732506 9
618473520 9
847523061 9
475320618 7
618523470 9
618523740 9
437061852 9
473061852 9
618527340 9
743061852 9
706185324 9
061853274 9
061853427 7
618534720 7
061853724 9
618537420 7
370618542 9
730618542 9
706185432 9
061854372 9
306185472 9
061854732 9
618572340 9
430618572 9
061857324 9
618573420 7
306185742 9
061857432 9
345061872 9
872354061 9
243506187 9
530618724 7
187253406 9
543061872 9
450618732 7
187325406 9
618734250 7
061873452 9
873524061 7
354206187 9
874235061 7
253061874 9
187432506 9
618743520 9
874523061 9
745320618 7
618752340 9
430618752 9
061875324 9
618753420 7
306187542 9
061875432 9
134578062 9
134587062 9
134758062 9
134785062 9
134857062 9
134875062 9
354780621 9
354870621 9
357480621 9
357840621 9
358470621 9
358740621 9
137458062 9
137485062 9
375480621 9
375840621 9
137845062 9
378540621 9
138457062 9
138475062 9
385470621 9
385740621 9
138745062 9
387540621 9
214357806 9
214358706 9
214375806 9
214378506 9
214385706 9
214387506 9
453780621 9
453870621 9
457380621 9
457830621 9
458370621 9
458730621 9
214735806 9
214738506 9
475380621 9
475830621 9
214783506 9
478530621 9
214835706 9
214837506 9
485370621 9
485730621 9
214873506 9
487530621 9
806215347 9
062153487 9
480621537 9
840621537 9
062153847 9
406215387 9
437806215 7
438706215 7
473806215 7
478306215 7
483706215 7
487306215 7
348062157 9
406215738 7
743806215 7
748306215 7
340621578 9
784306215 7
062158347 0
062158374 0
843706215 7
847306215 7
734062158 9
874306215 7
173458062 9
173485062 9
735480621 9
735840621 9
173845062 9
738540621 9
217435806 9
217438506 9
745380621 9
745830621 9
217483506 9
748530621 9
062175348 5
538406217 3
543806217 7
548306217 7
062175834 0
584306217 7
178345062 9
783540621 9
217843506 9
784530621 9
853406217 9
854306217 7
183457062 9
183475062 9
835470621 9
835740621 9
183745062 9
837540621 9
218435706 9
218437506 9
845370621 9
845730621 9
218473506 9
847530621 9
062185347 0
062185374 0
543706218 7
547306218 7
340621857 7
574306218 7
187345062 9
873540621 9
218743506 9
874530621 9
534062187 9
754306218 7
231457806 9
231458706 9
231475806 9
231478506 9
231485706 9
231487506 9
547806231 7
548706231 7
574806231 7
578406231 7
584706231 7
587406231 7
231745806 9
231748506 9
754806231 7
758406231 7
231784506 9
785406231 7
231845706 9
231847506 9
854706231 7
857406231 7
231874506 9
875406231 7
623415780 9
623415870 9
623417580 9
623417850 9
623418570 9
623418750 9
806234517 9
062345187 9
180623457 9
810623457 9
062345817 9
106234587 9
623471580 9
623471850 9
518062347 9
106234758 7
623478150 9
510623478 9
623481570 9
623481750 9
062348517 0
062348571 0
623487150 9
751062348 9
623514780 9
623514870 9
623517480 9
623517840 9
623518470 9
623518740 9
235417806 7
235418706 7
235471806 7
235478106 7
235481706 7
235487106 7
623571480 9
623571840 9
235741806 7
235748106 7
623578140 9
235784106 7
623581470 9
623581740 9
235841706 7
235847106 7
623587140 9
235874106 7
237145806 9
237148506 9
154806237 7
158406237 7
237184506 9
185406237 7
623741580 9
623741850 9
062374518 5
458106237 3
623748150 9
062374851 0
623751480 9
623751840 9
237541806 7
237548106 7
623758140 9
237584106 7
237814506 9
815406237 7
623784150 9
845106237 9
623785140 9
237854106 7
238145706 9
238147506 9
154706238 7
157406238 7
238174506 9
175406238 7
623841570 9
623841750 9
062384517 0
062384571 0
623847150 9
510623847 7
623851470 9
623851740 9
238541706 7
238547106 7
623857140 9
238574106 7
238714506 9
715406238 7
623874150 9
451062387 9
623875140 9
238754106 7
624135780 9
624135870 9
624137580 9
624137850 9
624138570 9
624138750 9
537806241 9
538706241 9
573806241 9
578306241 9
583706241 9
587306241 9
624173580 9
624173850 9
753806241 9
758306241 9
624178350 9
785306241 9
624183570 9
624183750 9
853706241 9
857306241 9
624187350 9
875306241 9
780624315 9
870624315 9
806243175 9
062431785 9
706243185 9
062431875 9
806243517 7
706243518 7
062435718 7
624357810 7
062435817 7
624358710 7
806243715 9
062437185 9
062437518 7
624375810 7
062437815 9
624378510 7
706243815 9
062438175 9
062438517 7
624385710 7
062438715 9
624387510 7
378062451 9
387062451 9
738062451 9
783062451 9
837062451 9
873062451 9
780624531 9
870624531 9
806245371 9
062453781 9
706245381 9
062453871 9
380624571 9
830624571 9
806245731 9
062457381 9
306245781 9
062457831 9
370624581 9
730624581 9
706245831 9
062458371 9
306245871 9
062458731 9
624713580 9
624713850 9
538062471 9
583062471 9
624718350 9
853062471 9
806247315 9
062473185 9
062473518 7
624735810 7
062473815 9
624738510 7
380624751 9
830624751 9
806247531 9
062475381 9
306247581 9
062475831 9
624781350 9
530624781 9
062478315 9
624783510 7
306247851 9
062478531 9
624813570 9
624813750 9
537062481 9
573062481 9
624817350 9
753062481 9
706248315 9
062483175 9
062483517 7
624835710 7
062483715 9
624837510 7
370624851 9
730624851 9
706248531 9
062485371 9
306248571 9
062485731 9
624871350 9
530624871 9
062487315 9
624873510 7
306248751 9
062487531 9
513478062 9
513487062 9
513748062 9
513784062 9
513847062 9
513874062 9
143780625 9
143870625 9
147380625 9
147830625 9
148370625 9
148730625 9
517348062 9
517384062 9
174380625 9
174830625 9
517834062 9
178430625 9
518347062 9
518374062 9
184370625 9
184730625 9
518734062 9
187430625 9
253147806 9
253148706 9
253174806 9
253178406 9
253184706 9
253187406 9
625341780 9
625341870 9
625347180 9
625347810 9
625348170 9
625348710 9
253714806 9
253718406 9
625374180 9
625374810 9
253781406 9
625378410 9
253814706 9
253817406 9
625384170 9
625384710 9
253871406 9
625387410 9
541378062 9
541387062 9
541738062 9
541783062 9
541837062 9
541873062 9
431780625 7
431870625 7
437180625 7
437810625 7
438170625 7
438710625 7
547138062 9
547183062 9
473180625 7
473810625 7
547813062 9
478310625 7
548137062 9
548173062 9
483170625 7
483710625 7
548713062 9
487310625 7
571348062 9
571384062 9
714380625 9
714830625 9
571834062 9
718430625 9
257314806 9
257318406 9
625734180 9
625734810 9
257381406 9
625738410 9
574138062 9
574183062 9
743180625 7
743810625 7
574813062 9
748310625 7
578134062 9
781430625 9
257831406 9
625783410 9
578413062 9
784310625 7
581347062 9
581374062 9
814370625 9
814730625 9
581734062 9
817430625 9
258314706 9
258317406 9
625834170 9
625834710 9
258371406 9
625837410 9
584137062 9
584173062 9
843170625 7
843710625 7
584713062 9
847310625 7
587134062 9
871430625 9
258731406 9
625873410 9
587413062 9
874310625 7
713458062 9
713485062 9
354806271 9
358406271 9
713845062 9
385406271 9
271435806 9
271438506 9
453806271 9
458306271 9
271483506 9
485306271 9
153480627 5
153840627 9
438062715 7
483062715 7
062715834 0
843062715 7
718345062 9
835406271 9
271843506 9
845306271 9
185340627 9
543062718 7
273145806 9
273148506 9
548062731 7
584062731 7
273184506 9
854062731 7
627341580 9
627341850 9
345180627 5
345810627 9
627348150 9
062734851 0
627351480 9
627351840 9
273541806 7
273548106 7
627358140 9
273584106 7
273814506 9
154062738 7
627384150 9
384510627 9
627385140 9
273854106 7
627413580 9
627413850 9
538062741 9
583062741 9
627418350 9
853062741 9
806274315 9
062743185 9
062743518 7
627435810 7
062743815 9
627438510 7
380627451 9
830627451 9
806274531 9
062745381 9
306274581 9
062745831 9
627481350 9
530627481 9
062748315 9
627483510 7
306274851 9
062748531 9
751348062 9
751384062 9
143806275 9
148306275 9
751834062 9
184306275 9
275314806 9
275318406 9
627534180 9
627534810 9
275381406 9
627538410 9
754138062 9
754183062 9
543180627 7
543810627 7
754813062 9
548310627 7
758134062 9
814306275 9
275831406 9
627583410 9
758413062 9
584310627 7
781345062 9
354062781 9
278143506 9
453062781 9
815340627 9
430627815 7
278314506 9
540627831 7
627834150 9
834510627 9
627835140 9
278354106 7
627841350 9
530627841 9
062784315 9
627843510 7
306278451 9
062784531 9
785134062 9
143062785 9
278531406 9
627853410 9
785413062 9
854310627 7
813457062 9
813475062 9
354706281 9
357406281 9
813745062 9
375406281 9
281435706 9
281437506 9
453706281 9
457306281 9
281473506 9
475306281 9
062815347 9
406281537 9
437062815 7
473062815 7
340628157 9
743062815 7
817345062 9
735406281 9
281743506 9
745306281 9
534062817 9
543062817 7
283145706 9
283147506 9
547062831 7
574062831 7
283174506 9
754062831 7
628341570 9
628341750 9
062834517 9
106283457 9
628347150 9
510628347 9
628351470 9
628351740 9
283541706 7
283547106 7
628357140 9
283574106 7
283714506 9
154062837 7
628374150 9
451062837 9
628375140 9
283754106 7
628413570 9
628413750 9
537062841 9
573062841 9
628417350 9
753062841 9
706284315 9
062843175 9
062843517 7
628435710 7
062843715 9
628437510 7
370628451 9
730628451 9
706284531 9
062845371 9
306284571 9
062845731 9
628471350 9
530628471 9
062847315 9
628473510 7
306284751 9
062847531 9
851347062 9
851374062 9
143706285 9
147306285 9
851734062 9
174306285 9
285314706 9
285317406 9
628534170 9
628534710 9
285371406 9
628537410 9
854137062 9
854173062 9
543170628 7
543710628 7
854713062 9
547310628 7
857134062 9
714306285 9
285731406 9
628573410 9
857413062 9
574310628 7
871345062 9
354062871 9
287143506 9
453062871 9
153406287 9
430628715 7
287314506 9
540628731 7
628734150 9
345106287 9
628735140 9
287354106 7
628741350 9
530628741 9
062874315 9
628743510 7
306287451 9
062874531 9
875134062 9
143062875 9
287531406 9
628753410 9
875413062 9
754310628 7
245780631 9
245870631 9
247580631 9
247850631 9
248570631 9
248750631 9
547806312 9
548706312 9
574806312 9
578406312 9
584706312 9
587406312 9
274580631 9
274850631 9
754806312 9
758406312 9
278450631 9
785406312 9
284570631 9
284750631 9
854706312 9
857406312 9
287450631 9
875406312 9
780631425 9
870631425 9
806314275 9
063142785 9
706314285 9
063142875 9
278063145 9
287063145 9
728063145 9
782063145 9
827063145 9
872063145 9
806314725 9
063147285 9
280631475 9
820631475 9
063147825 9
206314785 9
706314825 9
063148275 9
270631485 9
720631485 9
063148725 9
206314875 9
478063152 9
487063152 9
748063152 9
784063152 9
847063152 9
874063152 9
780631542 7
870631542 7
280631547 7
820631547 7
270631548 7
720631548 7
480631572 9
840631572 9
806315742 7
206315748 7
406315782 9
063157842 7
470631582 9
740631582 9
706315842 7
206315847 7
406315872 9
063158742 7
724580631 9
724850631 9
548063172 9
584063172 9
728450631 9
854063172 9
806317425 9
063174285 9
280631745 9
820631745 9
063174825 9
206317485 9
480631752 9
840631752 9
806317542 7
206317548 7
406317582 9
063175842 7
782450631 9
540631782 9
063178425 9
206317845 9
406317852 9
063178542 7
824570631 9
824750631 9
547063182 9
574063182 9
827450631 9
754063182 9
706318425 9
063184275 9
270631845 9
720631845 9
063184725 9
206318475 9
470631852 9
740631852 9
706318542 7
206318547 7
406318572 9
063185742 7
872450631 9
540631872 9
063187425 9
206318745 9
406318752 9
063187542 7
457806321 9
458706321 9
475806321 9
478506321 9
485706321 9
487506321 9
154780632 9
154870632 9
157480632 9
157840632 9
158470632 9
158740632 9
745806321 9
748506321 9
175480632 9
175840632 9
784506321 9
178540632 9
845706321 9
847506321 9
185470632 9
185740632 9
874506321 9
187540632 9
578063241 9
587063241 9
758063241 9
785063241 9
857063241 9
875063241 9
780632451 7
870632451 7
180632457 7
810632457 7
170632458 7
710632458 7
580632471 9
850632471 9
806324751 7
106324758 7
506324781 9
063247851 7
570632481 9
750632481 9
706324851 7
106324857 7
506324871 9
063248751 7
780632514 9
870632514 9
806325174 9
063251784 9
706325184 9
063251874 9
178063254 9
187063254 9
718063254 9
781063254 9
817063254 9
871063254 9
806325714 9
063257184 9
180632574 9
810632574 9
063257814 9
106325784 9
706325814 9
063258174 9
170632584 9
710632584 9
063258714 9
106325874 9
458063271 9
485063271 9
715480632 9
715840632 9
845063271 9
718540632 9
580632741 9
850632741 9
806327451 7
106327458 7
506327481 9
063274851 7
806327514 9
063275184 9
180632754 9
810632754 9
063275814 9
106327584 9
450632781 9
781540632 9
506327841 9
063278451 7
063278514 9
106327854 9
457063281 9
475063281 9
815470632 9
815740632 9
745063281 9
817540632 9
570632841 9
750632841 9
706328451 7
106328457 7
506328471 9
063284751 7
706328514 9
063285174 9
170632854 9
710632854 9
063285714 9
106328574 9
450632871 9
871540632 9
506328741 9
063287451 7
063287514 9
106328754 9
578063412 9
587063412 9
758063412 9
785063412 9
857063412 9
875063412 9
780634152 9
870634152 9
806341572 9
063415782 9
706341582 9
063415872 9
580634172 9
850634172 9
806341752 9
063417582 9
506341782 9
063417852 9
570634182 9
750634182 9
706341852 9
063418572 9
506341872 9
063418752 9
780634215 7
870634215 7
580634217 7
850634217 7
570634218 7
750634218 7
178063425 9
187063425 9
718063425 9
781063425 9
817063425 9
871063425 9
806342715 7
506342718 7
180634275 9
810634275 9
063427815 7
106342785 9
706342815 7
506342817 7
170634285 9
710634285 9
063428715 7
106342875 9
512780634 9
512870634 9
517280634 9
517820634 9
518270634 9
518720634 9
217806345 9
218706345 9
271806345 9
278106345 9
281706345 9
287106345 9
571280634 9
571820634 9
721806345 9
728106345 9
578120634 9
782106345 9
581270634 9
581720634 9
821706345 9
827106345 9
587120634 9
872106345 9
580634712 9
850634712 9
806347152 9
063471582 9
506347182 9
063471852 9
806347215 7
506347218 7
180634725 9
810634725 9
063472815 7
106347285 9
751280634 9
751820634 9
218063475 9
281063475 9
758120634 9
821063475 9
506347812 9
063478152 9
063478215 7
106347825 9
785120634 9
210634785 9
570634812 9
750634812 9
706348152 9
063481572 9
506348172 9
063481752 9
706348215 7
506348217 7
170634825 9
710634825 9
063482715 7
106348275 9
851270634 9
851720634 9
217063485 9
271063485 9
857120634 9
721063485 9
506348712 9
063487152 9
063487215 7
106348725 9
875120634 9
210634875 9
780635124 7
870635124 7
480635127 7
840635127 7
470635128 7
740635128 7
278063514 9
287063514 9
728063514 9
782063514 9
827063514 9
872063514 9
806351724 7
406351728 7
280635174 9
820635174 9
063517824 7
206351784 9
706351824 7
406351827 7
270635184 9
720635184 9
063518724 7
206351874 9
478063521 9
487063521 9
748063521 9
784063521 9
847063521 9
874063521 9
780635241 9
870635241 9
806352471 9
063524781 9
706352481 9
063524871 9
480635271 9
840635271 9
806352741 9
063527481 9
406352781 9
063527841 9
470635281 9
740635281 9
706352841 9
063528471 9
406352871 9
063528741 9
127806354 9
128706354 9
172806354 9
178206354 9
182706354 9
187206354 9
421780635 9
421870635 9
427180635 9
427810635 9
428170635 9
428710635 9
712806354 9
718206354 9
472180635 9
472810635 9
781206354 9
478210635 9
812706354 9
817206354 9
482170635 9
482710635 9
871206354 9
487210635 9
806357124 7
406357128 7
280635714 9
820635714 9
063571824 7
206357184 9
480635721 9
840635721 9
806357241 9
063572481 9
406357281 9
063572841 9
128063574 9
182063574 9
742180635 9
742810635 9
812063574 9
748210635 9
063578124 7
206357814 9
406357821 9
063578241 9
120635784 9
784210635 9
706358124 7
406358127 7
270635814 9
720635814 9
063581724 7
206358174 9
470635821 9
740635821 9
706358241 9
063582471 9
406358271 9
063582741 9
127063584 9
172063584 9
842170635 9
842710635 9
712063584 9
847210635 9
063587124 7
206358714 9
406358721 9
063587241 9
120635874 9
874210635 9
245806371 9
248506371 9
548063712 9
584063712 9
284506371 9
854063712 9
806371425 9
063714285 9
280637145 9
820637145 9
063714825 9
206371485 9
480637152 9
840637152 9
806371542 7
206371548 7
406371582 9
063715842 7
824506371 9
540637182 9
063718425 9
206371845 9
406371852 9
063718542 7
458063721 9
485063721 9
154806372 9
158406372 9
845063721 9
185406372 9
580637241 9
850637241 9
806372451 7
106372458 7
506372481 9
063724851 7
806372514 9
063725184 9
180637254 9
810637254 9
063725814 9
106372584 9
450637281 9
815406372 9
506372841 9
063728451 7
063728514 9
106372854 9
580637412 9
850637412 9
806374152 9
063741582 9
506374182 9
063741852 9
806374215 7
506374218 7
180637425 9
810637425 9
063742815 7
106374285 9
512806374 9
518206374 9
218063745 9
281063745 9
581206374 9
821063745 9
506374812 9
063748152 9
063748215 7
106374825 9
851206374 9
210637485 9
806375124 7
406375128 7
280637514 9
820637514 9
063751824 7
206375184 9
480637521 9
840637521 9
806375241 9
063752481 9
406375281 9
063752841 9
128063754 9
182063754 9
421806375 9
428106375 9
812063754 9
482106375 9
063758124 7
206375814 9
406375821 9
063758241 9
120637584 9
842106375 9
245063781 9
540637812 9
063781425 9
206378145 9
406378152 9
063781542 7
450637821 9
154063782 9
506378241 9
063782451 7
063782514 9
106378254 9
506378412 9
063784152 9
063784215 7
106378425 9
512063784 9
210637845 9
063785124 7
206378514 9
406378521 9
063785241 9
120637854 9
421063785 9
245706381 9
247506381 9
547063812 9
574063812 9
274506381 9
754063812 9
706381425 9
063814275 9
270638145 9
720638145 9
063814725 9
206381475 9
470638152 9
740638152 9
706381542 7
206381547 7
406381572 9
063815742 7
724506381 9
540638172 9
063817425 9
206381745 9
406381752 9
063817542 7
457063821 9
475063821 9
154706382 9
157406382 9
745063821 9
175406382 9
570638241 9
750638241 9
706382451 7
106382457 7
506382471 9
063824751 7
706382514 9
063825174 9
170638254 9
710638254 9
063825714 9
106382574 9
450638271 9
715406382 9
506382741 9
063827451 7
063827514 9
106382754 9
570638412 9
750638412 9
706384152 9
063841572 9
506384172 9
063841752 9
706384215 7
506384217 7
170638425 9
710638425 9
063842715 7
106384275 9
512706384 9
517206384 9
217063845 9
271063845 9
571206384 9
721063845 9
506384712 9
063847152 9
063847215 7
106384725 9
751206384 9
210638475 9
706385124 7
406385127 7
270638514 9
720638514 9
063851724 7
206385174 9
470638521 9
740638521 9
706385241 9
063852471 9
406385271 9
063852741 9
127063854 9
172063854 9
421706385 9
427106385 9
712063854 9
472106385 9
063857124 7
206385714 9
406385721 9
063857241 9
120638574 9
742106385 9
245063871 9
540638712 9
063871425 9
206387145 9
406387152 9
063871542 7
450638721 9
154063872 9
506387241 9
063872451 7
063872514 9
106387254 9
506387412 9
063874152 9
063874215 7
106387425 9
512063874 9
210638745 9
063875124 7
206387514 9
406387521 9
063875241 9
120638754 9
421063875 9
412357806 9
412358706 9
412375806 9
412378506 9
412385706 9
412387506 9
125378064 9
125387064 9
125738064 9
125783064 9
125837064 9
125873064 9
412735806 9
412738506 9
127538064 9
127583064 9
412783506 9
127853064 9
412835706 9
412837506 9
128537064 9
128573064 9
412873506 9
128753064 9
641325780 9
641325870 9
641327580 9
641327850 9
641328570 9
641328750 9
413527806 9
413528706 9
413572806 9
413578206 9
413582706 9
413587206 9
641372580 9
641372850 9
413752806 9
413758206 9
641378250 9
413785206 9
641382570 9
641382750 9
413852706 9
413857206 9
641387250 9
413875206 9
523780641 9
523870641 9
527380641 9
527830641 9
528370641 9
528730641 9
153278064 9
153287064 9
153728064 9
153782064 9
153827064 9
153872064 9
572380641 9
572830641 9
157328064 9
157382064 9
578230641 9
157832064 9
582370641 9
582730641 9
158327064 9
158372064 9
587230641 9
158732064 9
417235806 9
417238506 9
172538064 9
172583064 9
417283506 9
172853064 9
641732580 9
641732850 9
417352806 9
417358206 9
641738250 9
417385206 9
752380641 9
752830641 9
175328064 9
175382064 9
758230641 9
175832064 9
417823506 9
178253064 9
641783250 9
417835206 9
785230641 9
178532064 9
418235706 9
418237506 9
182537064 9
182573064 9
418273506 9
182753064 9
641832570 9
641832750 9
418352706 9
418357206 9
641837250 9
418375206 9
852370641 9
852730641 9
185327064 9
185372064 9
857230641 9
185732064 9
418723506 9
187253064 9
641873250 9
418735206 9
875230641 9
187532064 9
780642135 7
870642135 7
580642137 7
850642137 7
570642138 7
750642138 7
378064215 9
387064215 9
738064215 9
783064215 9
837064215 9
873064215 9
806421735 7
506421738 7
380642175 9
830642175 9
064217835 7
306421785 9
706421835 7
506421837 7
370642185 9
730642185 9
064218735 7
306421875 9
578064231 9
587064231 9
758064231 9
785064231 9
857064231 9
875064231 9
780642351 9
870642351 9
806423571 9
064235781 9
706423581 9
064235871 9
580642371 9
850642371 9
806423751 9
064237581 9
506423781 9
064237851 9
570642381 9
750642381 9
706423851 9
064238571 9
506423871 9
064238751 9
137806425 9
138706425 9
173806425 9
178306425 9
183706425 9
187306425 9
642531780 9
642531870 9
642537180 9
642537810 9
642538170 9
642538710 9
713806425 9
718306425 9
642573180 9
642573810 9
781306425 9
642578310 9
813706425 9
817306425 9
642583170 9
642583710 9
871306425 9
642587310 9
806427135 7
506427138 7
380642715 9
830642715 9
064271835 7
306427185 9
580642731 9
850642731 9
806427351 9
064273581 9
506427381 9
064273851 9
138064275 9
183064275 9
642753180 9
642753810 9
813064275 9
642758310 9
064278135 7
306427815 9
506427831 9
064278351 9
130642785 9
642785310 9
706428135 7
506428137 7
370642815 9
730642815 9
064281735 7
306428175 9
570642831 9
750642831 9
706428351 9
064283571 9
506428371 9
064283751 9
137064285 9
173064285 9
642853170 9
642853710 9
713064285 9
642857310 9
064287135 7
306428715 9
506428731 9
064287351 9
130642875 9
642875310 9
431257806 7
431258706 7
431275806 7
431278506 7
431285706 7
431287506 7
643152780 9
643152870 9
643157280 9
643157820 9
643158270 9
643158720 9
431725806 7
431728506 7
643175280 9
643175820 9
431782506 7
643178520 9
431825706 7
431827506 7
643185270 9
643185720 9
431872506 7
643187520 9
806432157 9
064321587 9
580643217 9
850643217 9
064321857 9
506432187 9
325178064 7
325187064 7
325718064 7
325781064 7
325817064 7
325871064 7
158064327 9
506432718 7
327518064 7
327581064 7
150643278 9
327851064 7
064328157 0
064328175 0
328517064 7
328571064 7
715064328 9
328751064 7
127806435 7
128706435 7
172806435 7
178206435 7
182706435 7
187206435 7
435217806 9
435218706 9
435271806 9
435278106 9
435281706 9
435287106 9
712806435 7
718206435 7
435721806 9
435728106 9
781206435 7
435782106 9
812706435 7
817206435 7
435821706 9
435827106 9
871206435 7
435872106 9
437125806 7
437128506 7
643715280 9
643715820 9
437182506 7
643718520 9
064372158 5
218506437 3
372518064 7
372581064 7
064372815 0
372851064 7
512806437 7
518206437 7
437521806 9
437528106 9
581206437 7
437582106 9
437812506 7
643781520 9
821506437 9
378251064 7
851206437 7
437852106 9
438125706 7
438127506 7
643815270 9
643815720 9
438172506 7
643817520 9
064382157 0
064382175 0
382517064 7
382571064 7
150643827 7
382751064 7
512706438 7
517206438 7
438521706 9
438527106 9
571206438 7
438572106 9
438712506 7
643871520 9
215064387 9
387251064 7
751206438 7
438752106 9
237806451 9
238706451 9
273806451 9
278306451 9
283706451 9
287306451 9
064513278 9
706451328 9
064513728 0
820645137 9
064513827 7
206451387 9
723806451 9
728306451 9
064517328 0
382064517 9
782306451 9
064517832 0
823706451 9
827306451 9
064518327 9
206451837 9
872306451 3
064518732 7
378064521 7
387064521 7
738064521 7
783064521 7
837064521 7
873064521 7
452317806 9
452318706 9
452371806 9
452378106 9
452381706 9
452387106 9
138064527 7
183064527 7
452731806 9
452738106 9
813064527 7
452783106 9
137064528 7
173064528 7
452831706 9
452837106 9
713064528 7
452873106 9
312780645 9
312870645 9
317280645 9
317820645 9
318270645 9
318720645 9
532178064 9
532187064 9
532718064 9
532781064 9
532817064 9
532871064 9
371280645 9
371820645 9
537218064 9
537281064 9
378120645 9
537821064 9
381270645 9
381720645 9
538217064 9
538271064 9
387120645 9
538721064 9
238064571 9
283064571 9
064571328 0
206457138 6
823064571 9
320645718 9
380645721 7
830645721 7
457231806 9
457238106 9
130645728 7
457283106 9
731280645 9
731820645 9
573218064 9
573281064 9
738120645 9
573821064 9
230645781 9
132064578 9
306457821 7
457823106 9
783120645 9
578321064 9
237064581 9
273064581 9
132706458 3
064581372 7
064581723 6
206458173 9
370645821 7
730645821 7
458231706 9
458237106 9
130645827 7
458273106 9
831270645 9
831720645 9
583217064 9
583271064 9
837120645 9
583721064 9
230645871 9
713206458 9
306458721 7
458723106 9
873120645 9
587321064 9
471235806 9
471238506 9
712538064 9
712583064 9
471283506 9
712853064 9
647132580 9
647132850 9
471352806 9
471358206 9
647138250 9
471385206 9
523806471 9
528306471 9
715328064 9
715382064 9
582306471 9
715832064 9
471823506 9
718253064 9
647183250 9
471835206 9
852306471 9
718532064 9
806472135 7
506472138 7
380647215 9
830647215 9
064721835 7
306472185 9
580647231 9
850647231 9
806472351 9
064723581 9
506472381 9
064723851 9
138064725 9
183064725 9
647253180 9
647253810 9
813064725 9
647258310 9
064728135 7
306472815 9
506472831 9
064728351 9
130647285 9
647285310 9
473125806 7
473128506 7
647315280 9
647315820 9
473182506 7
647318520 9
321580647 5
321850647 9
732518064 7
732581064 7
064732815 0
732851064 7
128064735 7
182064735 7
473521806 9
473528106 9
812064735 7
473582106 9
473812506 7
647381520 9
382150647 9
738251064 7
512064738 7
473852106 9
238064751 9
283064751 9
064751328 0
064751382 0
823064751 9
064751832 0
380647521 7
830647521 7
475231806 9
475238106 9
130647528 7
475283106 9
312806475 9
318206475 9
753218064 9
753281064 9
381206475 9
753821064 9
230647581 9
064758132 0
306475821 7
475823106 9
831206475 9
758321064 9
478123506 9
781253064 9
647813250 9
478135206 9
523064781 9
781532064 9
064782135 7
306478215 9
506478231 9
064782351 9
130647825 9
647825310 9
478312506 7
647831520 9
832150647 9
783251064 7
120647835 7
478352106 9
230647851 9
851320647 9
306478521 7
478523106 9
312064785 9
785321064 9
481235706 9
481237506 9
812537064 9
812573064 9
481273506 9
812753064 9
648132570 9
648132750 9
481352706 9
481357206 9
648137250 9
481375206 9
523706481 9
527306481 9
815327064 9
815372064 9
572306481 9
815732064 9
481723506 9
817253064 9
648173250 9
481735206 9
752306481 9
817532064 9
706482135 7
506482137 7
370648215 9
730648215 9
064821735 7
306482175 9
570648231 9
750648231 9
706482351 9
064823571 9
506482371 9
064823751 9
137064825 9
173064825 9
648253170 9
648253710 9
713064825 9
648257310 9
064827135 7
306482715 9
506482731 9
064827351 9
130648275 9
648275310 9
483125706 7
483127506 7
648315270 9
648315720 9
483172506 7
648317520 9
064832157 9
506483217 9
832517064 7
832571064 7
150648327 9
832751064 7
127064835 7
172064835 7
483521706 9
483527106 9
712064835 7
483572106 9
483712506 7
648371520 9
215064837 9
837251064 7
512064837 7
483752106 9
237064851 9
273064851 9
513270648 9
064851372 0
723064851 9
064851732 0
370648521 7
730648521 7
485231706 9
485237106 9
130648527 7
485273106 9
312706485 9
317206485 9
853217064 9
853271064 9
371206485 9
853721064 9
230648571 9
132064857 7
306485721 7
485723106 9
731206485 9
857321064 9
487123506 9
871253064 9
648713250 9
487135206 9
523064871 9
871532064 9
064872135 7
306487215 9
506487231 9
064872351 9
130648725 9
648725310 9
487312506 7
648731520 9
321506487 9
873251064 7
120648735 7
487352106 9
230648751 9
513206487 9
306487521 7
487523106 9
312064875 9
875321064 9
780651234 9
870651234 9
806512374 9
065123784 9
706512384 9
065123874 9
378065124 9
387065124 9
738065124 9
783065124 9
837065124 9
873065124 9
806512734 9
065127384 9
380651274 9
830651274 9
065127834 9
306512784 9
706512834 9
065128374 9
370651284 9
730651284 9
065128734 9
306512874 9
806513247 7
706513248 7
065132748 7
651327840 7
065132847 7
651328740 7
780651342 9
870651342 9
806513472 9
065134782 9
706513482 9
065134872 9
065137248 7
651372840 7
806513742 9
065137482 9
651378240 7
065137842 9
065138247 7
651382740 7
706513842 9
065138472 9
651387240 7
065138742 9
237806514 9
238706514 9
273806514 9
278306514 9
283706514 9
287306514 9
651432780 9
651432870 9
651437280 9
651437820 9
651438270 9
651438720 9
723806514 9
728306514 9
651473280 9
651473820 9
782306514 9
651478320 9
823706514 9
827306514 9
651483270 9
651483720 9
872306514 9
651487320 9
806517234 9
065172384 9
380651724 9
830651724 9
065172834 9
306517284 9
065173248 7
651732840 7
806517342 9
065173482 9
651738240 7
065173842 9
238065174 9
283065174 9
651743280 9
651743820 9
823065174 9
651748320 9
065178234 9
306517824 9
651783240 7
065178342 9
230651784 9
651784320 9
706518234 9
065182374 9
370651824 9
730651824 9
065182734 9
306518274 9
065183247 7
651832740 7
706518342 9
065183472 9
651837240 7
065183742 9
237065184 9
273065184 9
651843270 9
651843720 9
723065184 9
651847320 9
065187234 9
306518724 9
651873240 7
065187342 9
230651874 9
651874320 9
134780652 7
134870652 7
137480652 7
137840652 7
138470652 7
138740652 7
214378065 9
214387065 9
214738065 9
214783065 9
214837065 9
214873065 9
173480652 7
173840652 7
217438065 9
217483065 9
178340652 7
217843065 9
183470652 7
183740652 7
218437065 9
218473065 9
187340652 7
218743065 9
652314780 9
652314870 9
652317480 9
652317840 9
652318470 9
652318740 9
523417806 9
523418706 9
523471806 9
523478106 9
523481706 9
523487106 9
652371480 9
652371840 9
523741806 9
523748106 9
652378140 9
523784106 9
652381470 9
652381740 9
523841706 9
523847106 9
652387140 9
523874106 9
413780652 9
413870652 9
417380652 9
417830652 9
418370652 9
418730652 9
243178065 9
243187065 9
243718065 9
243781065 9
243817065 9
243871065 9
471380652 9
471830652 9
247318065 9
247381065 9
478130652 9
247831065 9
481370652 9
481730652 9
248317065 9
248371065 9
487130652 9
248731065 9
713480652 7
713840652 7
271438065 9
271483065 9
718340652 7
271843065 9
652731480 9
652731840 9
527341806 9
527348106 9
652738140 9
527384106 9
741380652 9
741830652 9
274318065 9
274381065 9
748130652 9
274831065 9
781340652 7
278143065 9
652783140 9
527834106 9
784130652 9
278431065 9
813470652 7
813740652 7
281437065 9
281473065 9
817340652 7
281743065 9
652831470 9
652831740 9
528341706 9
528347106 9
652837140 9
528374106 9
841370652 9
841730652 9
284317065 9
284371065 9
847130652 9
284731065 9
871340652 7
287143065 9
652873140 9
528734106 9
874130652 9
287431065 9
806531247 9
065312487 9
480653127 9
840653127 9
065312847 9
406531287 9
314278065 7
314287065 7
314728065 7
314782065 7
314827065 7
314872065 7
248065317 9
406531728 7
317428065 7
317482065 7
240653178 9
317842065 7
065318247 0
065318274 0
318427065 7
318472065 7
724065318 9
318742065 7
532147806 7
532148706 7
532174806 7
532178406 7
532184706 7
532187406 7
653241780 9
653241870 9
653247180 9
653247810 9
653248170 9
653248710 9
532714806 7
532718406 7
653274180 9
653274810 9
532781406 7
653278410 9
532814706 7
532817406 7
653284170 9
653284710 9
532871406 7
653287410 9
534127806 9
534128706 9
534172806 9
534178206 9
534182706 9
534187206 9
217806534 7
218706534 7
271806534 7
278106534 7
281706534 7
287106534 7
534712806 9
534718206 9
721806534 7
728106534 7
534781206 9
782106534 7
534812706 9
534817206 9
821706534 7
827106534 7
534871206 9
872106534 7
065371248 5
128406537 3
371428065 7
371482065 7
065371824 0
371842065 7
537214806 7
537218406 7
653724180 9
653724810 9
537281406 7
653728410 9
537412806 9
537418206 9
421806537 7
428106537 7
537481206 9
482106537 7
812406537 9
378142065 7
537821406 7
653782410 9
537841206 9
842106537 7
065381247 0
065381274 0
381427065 7
381472065 7
240653817 7
381742065 7
538214706 7
538217406 7
653824170 9
653824710 9
538271406 7
653827410 9
538412706 9
538417206 9
421706538 7
427106538 7
538471206 9
472106538 7
124065387 9
387142065 7
538721406 7
653872410 9
538741206 9
742106538 7
378065412 7
387065412 7
738065412 7
783065412 7
837065412 7
873065412 7
541327806 9
541328706 9
541372806 9
541378206 9
541382706 9
541387206 9
238065417 7
283065417 7
541732806 9
541738206 9
823065417 7
541783206 9
237065418 7
273065418 7
541832706 9
541837206 9
723065418 7
541873206 9
137806542 9
138706542 9
173806542 9
178306542 9
183706542 9
187306542 9
806542317 9
065423187 9
180654237 9
810654237 9
065423817 9
106542387 9
713806542 9
718306542 9
318065427 9
106542738 7
781306542 9
310654278 9
813706542 9
817306542 9
065428317 0
065428371 0
871306542 9
731065428 9
431278065 9
431287065 9
431728065 9
431782065 9
431827065 9
431872065 9
321780654 9
321870654 9
327180654 9
327810654 9
328170654 9
328710654 9
437128065 9
437182065 9
372180654 9
372810654 9
437812065 9
378210654 9
438127065 9
438172065 9
382170654 9
382710654 9
438712065 9
387210654 9
380654712 7
830654712 7
547132806 9
547138206 9
230654718 7
547183206 9
138065472 9
183065472 9
065472318 5
238106547 3
813065472 9
065472831 0
473128065 9
473182065 9
732180654 9
732810654 9
473812065 9
738210654 9
306547812 7
547813206 9
130654782 9
823106547 9
478312065 9
783210654 9
370654812 7
730654812 7
548132706 9
548137206 9
230654817 7
548173206 9
137065482 9
173065482 9
065482317 0
065482371 0
713065482 9
310654827 7
483127065 9
483172065 9
832170654 9
832710654 9
483712065 9
837210654 9
306548712 7
548713206 9
130654872 9
231065487 9
487312065 9
873210654 9
806571234 9
065712384 9
380657124 9
830657124 9
065712834 9
306571284 9
065713248 7
657132840 7
806571342 9
065713482 9
657138240 7
065713842 9
238065714 9
283065714 9
657143280 9
657143820 9
823065714 9
657148320 9
065718234 9
306571824 9
657183240 7
065718342 9
230657184 9
657184320 9
213480657 7
213840657 7
721438065 9
721483065 9
218340657 7
721843065 9
657231480 9
657231840 9
572341806 9
572348106 9
657238140 9
572384106 9
413806572 9
418306572 9
724318065 9
724381065 9
481306572 9
724831065 9
281340657 7
728143065 9
657283140 9
572834106 9
841306572 9
728431065 9
312480657 5
312840657 9
731428065 7
731482065 7
065731824 0
731842065 7
573214806 7
573218406 7
657324180 9
657324810 9
573281406 7
657328410 9
573412806 9
573418206 9
218065734 7
281065734 7
573481206 9
821065734 7
381240657 9
738142065 7
573821406 7
657382410 9
573841206 9
421065738 7
380657412 7
830657412 7
574132806 9
574138206 9
230657418 7
574183206 9
138065742 9
183065742 9
423180657 5
423810657 9
813065742 9
065742831 0
743128065 9
743182065 9
321806574 9
328106574 9
743812065 9
382106574 9
306574812 7
574813206 9
130657482 9
482310657 9
748312065 9
832106574 9
065781234 9
306578124 9
657813240 7
065781342 9
230657814 9
657814320 9
821340657 7
782143065 9
657823140 9
578234106 9
413065782 9
782431065 9
831240657 9
783142065 7
578321406 7
657832410 9
578341206 9
210657834 7
306578412 7
578413206 9
130657842 9
842310657 9
784312065 9
321065784 9
706581234 9
065812374 9
370658124 9
730658124 9
065812734 9
306581274 9
065813247 7
658132740 7
706581342 9
065813472 9
658137240 7
065813742 9
237065814 9
273065814 9
658143270 9
658143720 9
723065814 9
658147320 9
065817234 9
306581724 9
658173240 7
065817342 9
230658174 9
658174320 9
213470658 7
213740658 7
821437065 9
821473065 9
217340658 7
821743065 9
658231470 9
658231740 9
582341706 9
582347106 9
658237140 9
582374106 9
413706582 9
417306582 9
824317065 9
824371065 9
471306582 9
824731065 9
271340658 7
827143065 9
658273140 9
582734106 9
741306582 9
827431065 9
065831247 9
406583127 9
831427065 7
831472065 7
240658317 9
831742065 7
583214706 7
583217406 7
658324170 9
658324710 9
583271406 7
658327410 9
583412706 9
583417206 9
217065834 7
271065834 7
583471206 9
721065834 7
124065837 9
837142065 7
583721406 7
658372410 9
583741206 9
421065837 7
370658412 7
730658412 7
584132706 9
584137206 9
230658417 7
584173206 9
137065842 9
173065842 9
065842317 9
106584237 9
713065842 9
310658427 9
843127065 9
843172065 9
321706584 9
327106584 9
843712065 9
372106584 9
306584712 7
584713206 9
130658472 9
231065847 9
847312065 9
732106584 9
065871234 9
306587124 9
658713240 7
065871342 9
230658714 9
658714320 9
721340658 7
872143065 9
658723140 9
587234106 9
413065872 9
872431065 9
312406587 9
873142065 7
587321406 7
658732410 9
587341206 9
210658734 7
306587412 7
587413206 9
130658742 9
423106587 9
874312065 9
321065874 9
345806712 9
348506712 9
235480671 9
235840671 9
384506712 9
238540671 9
124358067 9
124385067 9
538067124 7
583067124 7
067124835 0
853067124 7
712534806 9
712538406 9
543806712 9
548306712 9
712583406 9
584306712 9
834506712 9
283540671 9
128435067 9
453067128 7
712853406 9
854306712 9
458067132 7
485067132 7
713254806 9
713258406 9
845067132 7
713285406 9
067134258 7
671342850 7
806713452 9
067134582 9
671348250 7
067134852 9
135248067 7
135284067 7
135428067 9
135482067 9
135824067 7
067135842 0
245067138 7
713825406 9
671384250 7
067138452 9
138524067 7
138542067 9
142358067 7
142385067 7
253806714 9
258306714 9
142835067 7
285306714 9
714325806 9
714328506 9
671435280 9
671435820 9
714382506 9
671438520 9
452380671 9
452830671 9
532806714 7
538206714 7
458230671 9
583206714 7
148235067 7
825306714 9
714832506 9
671483520 9
485230671 9
853206714 7
671523480 9
671523840 9
438067152 9
483067152 9
671528340 9
843067152 9
806715324 9
067153284 9
067153428 7
671534820 7
067153824 9
671538420 7
380671542 9
830671542 9
806715432 9
067154382 9
306715482 9
067154832 9
671582340 9
430671582 9
067158324 9
671583420 7
306715842 9
067158432 9
345067182 9
823540671 9
243506718 7
530671824 7
718253406 9
543067182 9
450671832 7
718325406 9
671834250 7
067183452 9
183524067 7
354206718 7
184235067 7
253067184 9
718432506 9
671843520 9
845230671 9
453206718 7
671852340 9
430671852 9
067185324 9
671853420 7
306718542 9
067185432 9
134580672 9
134850672 9
354806721 9
358406721 9
138450672 9
385406721 9
721435806 9
721438506 9
453806721 9
458306721 9
721483506 9
485306721 9
215348067 9
215384067 9
438067215 7
483067215 7
067215834 0
843067215 7
183450672 9
835406721 9
721843506 9
845306721 9
218534067 9
543067218 7
723145806 9
723148506 9
548067231 7
584067231 7
723184506 9
854067231 7
672341580 9
672341850 9
234518067 9
234581067 9
672348150 9
067234851 0
672351480 9
672351840 9
723541806 7
723548106 7
672358140 9
723584106 7
723814506 9
154067238 7
672384150 9
238451067 9
672385140 9
723854106 7
672413580 9
672413850 9
538067241 9
583067241 9
672418350 9
853067241 9
806724315 9
067243185 9
067243518 7
672435810 7
067243815 9
672438510 7
380672451 9
830672451 9
806724531 9
067245381 9
306724581 9
067245831 9
672481350 9
530672481 9
067248315 9
672483510 7
306724851 9
067248531 9
513480672 9
513840672 9
143806725 9
148306725 9
518340672 9
184306725 9
725314806 9
725318406 9
672534180 9
672534810 9
725381406 9
672538410 9
541380672 9
541830672 9
431806725 7
438106725 7
548130672 9
483106725 7
581340672 9
814306725 9
725831406 9
672583410 9
584130672 9
843106725 7
813450672 9
354067281 9
728143506 9
453067281 9
153406728 7
430672815 7
728314506 9
540672831 7
672834150 9
345106728 7
672835140 9
728354106 7
672841350 9
530672841 9
067284315 9
672843510 7
306728451 9
067284531 9
851340672 9
143067285 9
728531406 9
672853410 9
854130672 9
543106728 7
245806731 9
248506731 9
548067312 9
584067312 9
284506731 9
854067312 9
806731425 9
067314285 9
280673145 9
820673145 9
067314825 9
206731485 9
480673152 9
840673152 9
806731542 7
206731548 7
406731582 9
067315842 7
824506731 9
540673182 9
067318425 9
206731845 9
406731852 9
067318542 7
458067321 9
485067321 9
154806732 9
158406732 9
845067321 9
185406732 9
580673241 9
850673241 9
806732451 7
106732458 7
506732481 9
067324851 7
806732514 9
067325184 9
180673254 9
810673254 9
067325814 9
106732584 9
450673281 9
815406732 9
506732841 9
067328451 7
067328514 9
106732854 9
580673412 9
850673412 9
806734152 9
067341582 9
506734182 9
067341852 9
806734215 7
506734218 7
180673425 9
810673425 9
067342815 7
106734285 9
512806734 9
518206734 9
218067345 9
281067345 9
581206734 9
821067345 9
506734812 9
067348152 9
067348215 7
106734825 9
851206734 9
210673485 9
806735124 7
406735128 7
280673514 9
820673514 9
067351824 7
206735184 9
480673521 9
840673521 9
806735241 9
067352481 9
406735281 9
067352841 9
128067354 9
182067354 9
421806735 9
428106735 9
812067354 9
482106735 9
067358124 7
206735814 9
406735821 9
067358241 9
120673584 9
842106735 9
245067381 9
540673812 9
067381425 9
206738145 9
406738152 9
067381542 7
450673821 9
154067382 9
506738241 9
067382451 7
067382514 9
106738254 9
506738412 9
067384152 9
067384215 7
106738425 9
512067384 9
210673845 9
067385124 7
206738514 9
406738521 9
067385241 9
120673854 9
421067385 9
741235806 9
741238506 9
125380674 9
125830674 9
741283506 9
128530674 9
674132580 9
674132850 9
741352806 9
741358206 9
674138250 9
741385206 9
523806741 9
528306741 9
153280674 9
153820674 9
582306741 9
158320674 9
741823506 9
182530674 9
674183250 9
741835206 9
852306741 9
185320674 9
806742135 7
506742138 7
380674215 9
830674215 9
067421835 7
306742185 9
580674231 9
850674231 9
806742351 9
067423581 9
506742381 9
067423851 9
138067425 9
183067425 9
674253180 9
674253810 9
813067425 9
674258310 9
067428135 7
306742815 9
506742831 9
067428351 9
130674285 9
674285310 9
743125806 7
743128506 7
674315280 9
674315820 9
743182506 7
674318520 9
432158067 9
432185067 9
432518067 7
432581067 7
067432815 0
432851067 7
128067435 7
182067435 7
743521806 9
743528106 9
812067435 7
743582106 9
743812506 7
674381520 9
438215067 9
438251067 7
512067438 7
743852106 9
238067451 9
283067451 9
067451328 9
206745138 9
823067451 9
320674518 9
380674521 7
830674521 7
745231806 9
745238106 9
130674528 7
745283106 9
312806745 9
318206745 9
532180674 9
532810674 9
381206745 9
538210674 9
230674581 9
458132067 3
306745821 7
745823106 9
831206745 9
583210674 9
748123506 9
812530674 9
674813250 9
748135206 9
523067481 9
815320674 9
067482135 7
306748215 9
506748231 9
067482351 9
130674825 9
674825310 9
748312506 7
674831520 9
321506748 7
483251067 7
120674835 7
748352106 9
230674851 9
513206748 7
306748521 7
748523106 9
312067485 9
853210674 9
806751234 9
067512384 9
380675124 9
830675124 9
067512834 9
306751284 9
067513248 7
675132840 7
806751342 9
067513482 9
675138240 7
067513842 9
238067514 9
283067514 9
675143280 9
675143820 9
823067514 9
675148320 9
067518234 9
306751824 9
675183240 7
067518342 9
230675184 9
675184320 9
134806752 7
138406752 7
214380675 9
214830675 9
183406752 7
218430675 9
675231480 9
675231840 9
752341806 9
752348106 9
675238140 9
752384106 9
413806752 9
418306752 9
243180675 9
243810675 9
481306752 9
248310675 9
813406752 7
281430675 9
675283140 9
752834106 9
841306752 9
284310675 9
531248067 9
531284067 9
531428067 7
531482067 7
067531824 0
531842067 7
753214806 7
753218406 7
675324180 9
675324810 9
753281406 7
675328410 9
753412806 9
753418206 9
218067534 7
281067534 7
753481206 9
821067534 7
538124067 9
538142067 7
753821406 7
675382410 9
753841206 9
421067538 7
380675412 7
830675412 7
754132806 9
754138206 9
230675418 7
754183206 9
138067542 9
183067542 9
542318067 9
542381067 9
813067542 9
067542831 0
431280675 9
431820675 9
321806754 9
328106754 9
438120675 9
382106754 9
306754812 7
754813206 9
130675482 9
548231067 9
483120675 9
832106754 9
067581234 9
306758124 9
675813240 7
067581342 9
230675814 9
675814320 9
213406758 7
821430675 9
675823140 9
758234106 9
413067582 9
824310675 9
312406758 7
583142067 7
758321406 7
675832410 9
758341206 9
210675834 7
306758412 7
758413206 9
130675842 9
423106758 7
843120675 9
321067584 9
345067812 9
235406781 9
124350678 9
530678124 7
781253406 9
543067812 9
450678132 7
781325406 9
678134250 7
067813452 9
813524067 7
135420678 9
814235067 7
253067814 9
781432506 9
678143520 9
452306781 9
532067814 7
678152340 9
430678152 9
067815324 9
678153420 7
306781542 9
067815432 9
134506782 9
354067821 9
782143506 9
453067821 9
215340678 9
430678215 7
782314506 9
540678231 7
678234150 9
234510678 9
678235140 9
782354106 7
678241350 9
530678241 9
067824315 9
678243510 7
306782451 9
067824531 9
513406782 9
143067825 9
782531406 9
678253410 9
541306782 9
431067825 7
245067831 9
540678312 9
067831425 9
206783145 9
406783152 9
067831542 7
450678321 9
154067832 9
506783241 9
067832451 7
067832514 9
106783254 9
506783412 9
067834152 9
067834215 7
106783425 9
512067834 9
210678345 9
067835124 7
206783514 9
406783521 9
067835241 9
120678354 9
421067835 9
784123506 9
125306784 9
678413250 9
784135206 9
523067841 9
153206784 9
067842135 7
306784215 9
506784231 9
067842351 9
130678425 9
678425310 9
784312506 7
678431520 9
432150678 9
843251067 7
120678435 7
784352106 9
230678451 9
451320678 9
306784521 7
784523106 9
312067845 9
532106784 9
067851234 9
306785124 9
678513240 7
067851342 9
230678514 9
678514320 9
134067852 7
214306785 9
678523140 9
785234106 9
413067852 9
243106785 9
531240678 9
853142067 7
785321406 7
678532410 9
785341206 9
210678534 7
306785412 7
785413206 9
130678542 9
542310678 9
431206785 9
321067854 9
345706812 9
347506812 9
235470681 9
235740681 9
374506812 9
237540681 9
068124357 0
068124375 0
537068124 7
573068124 7
068124735 0
753068124 7
812534706 9
812537406 9
543706812 9
547306812 9
812573406 9
574306812 9
734506812 9
273540681 9
068127435 0
453068127 7
812753406 9
754306812 9
457068132 7
475068132 7
813254706 9
813257406 9
745068132 7
813275406 9
068134257 7
681342750 7
706813452 9
068134572 9
681347250 7
068134752 9
135247068 7
135274068 7
068135427 0
068135472 0
135724068 7
068135742 0
245068137 7
813725406 9
681374250 7
068137452 9
137524068 7
068137542 0
142357068 7
142375068 7
253706814 9
257306814 9
142735068 7
275306814 9
814325706 9
814327506 9
681435270 9
681435720 9
814372506 9
681437520 9
452370681 9
452730681 9
532706814 7
537206814 7
457230681 9
573206814 7
147235068 7
725306814 9
814732506 9
681473520 9
475230681 9
753206814 7
681523470 9
681523740 9
437068152 9
473068152 9
681527340 9
743068152 9
706815324 9
068153274 9
068153427 7
681534720 7
068153724 9
681537420 7
370681542 9
730681542 9
706815432 9
068154372 9
306815472 9
068154732 9
681572340 9
430681572 9
068157324 9
681573420 7
306815742 9
068157432 9
345068172 9
723540681 9
068172435 0
530681724 7
817253406 9
543068172 9
450681732 7
817325406 9
681734250 7
068173452 9
173524068 7
068173542 0
174235068 7
253068174 9
817432506 9
681743520 9
745230681 9
453206817 7
681752340 9
430681752 9
068175324 9
681753420 7
306817542 9
068175432 9
134570682 9
134750682 9
354706821 9
357406821 9
137450682 9
375406821 9
821435706 9
821437506 9
453706821 9
457306821 9
821473506 9
475306821 9
068215347 0
068215374 0
437068215 7
473068215 7
068215734 0
743068215 7
173450682 9
735406821 9
821743506 9
745306821 9
068217534 0
543068217 7
823145706 9
823147506 9
547068231 7
574068231 7
823174506 9
754068231 7
682341570 9
682341750 9
068234517 0
068234571 0
682347150 9
068234751 0
682351470 9
682351740 9
823541706 7
823547106 7
682357140 9
823574106 7
823714506 9
154068237 7
682374150 9
068237451 0
682375140 9
823754106 7
682413570 9
682413750 9
537068241 9
573068241 9
682417350 9
753068241 9
706824315 9
068243175 9
068243517 7
682435710 7
068243715 9
682437510 7
370682451 9
730682451 9
706824531 9
068245371 9
306824571 9
068245731 9
682471350 9
530682471 9
068247315 9
682473510 7
306824751 9
068247531 9
513470682 9
513740682 9
143706825 9
147306825 9
517340682 9
174306825 9
825314706 9
825317406 9
682534170 9
682534710 9
825371406 9
682537410 9
541370682 9
541730682 9
431706825 7
437106825 7
547130682 9
473106825 7
571340682 9
714306825 9
825731406 9
682573410 9
574130682 9
743106825 7
713450682 9
354068271 9
827143506 9
453068271 9
068271534 0
430682715 7
827314506 9
540682731 7
682734150 9
068273451 0
682735140 9
827354106 7
682741350 9
530682741 9
068274315 9
682743510 7
306827451 9
068274531 9
751340682 9
143068275 9
827531406 9
682753410 9
754130682 9
543106827 7
245706831 9
247506831 9
547068312 9
574068312 9
274506831 9
754068312 9
706831425 9
068314275 9
270683145 9
720683145 9
068314725 9
206831475 9
470683152 9
740683152 9
706831542 7
206831547 7
406831572 9
068315742 7
724506831 9
540683172 9
068317425 9
206831745 9
406831752 9
068317542 7
457068321 9
475068321 9
154706832 9
157406832 9
745068321 9
175406832 9
570683241 9
750683241 9
706832451 7
106832457 7
506832471 9
068324751 7
706832514 9
068325174 9
170683254 9
710683254 9
068325714 9
106832574 9
450683271 9
715406832 9
506832741 9
068327451 7
068327514 9
106832754 9
570683412 9
750683412 9
706834152 9
068341572 9
506834172 9
068341752 9
706834215 7
506834217 7
170683425 9
710683425 9
068342715 7
106834275 9
512706834 9
517206834 9
217068345 9
271068345 9
571206834 9
721068345 9
506834712 9
068347152 9
068347215 7
106834725 9
751206834 9
210683475 9
706835124 7
406835127 7
270683514 9
720683514 9
068351724 7
206835174 9
470683521 9
740683521 9
706835241 9
068352471 9
406835271 9
068352741 9
127068354 9
172068354 9
421706835 9
427106835 9
712068354 9
472106835 9
068357124 7
206835714 9
406835721 9
068357241 9
120683574 9
742106835 9
245068371 9
540683712 9
068371425 9
206837145 9
406837152 9
068371542 7
450683721 9
154068372 9
506837241 9
068372451 7
068372514 9
106837254 9
506837412 9
068374152 9
068374215 7
106837425 9
512068374 9
210683745 9
068375124 7
206837514 9
406837521 9
068375241 9
120683754 9
421068375 9
841235706 9
841237506 9
125370684 9
125730684 9
841273506 9
127530684 9
684132570 9
684132750 9
841352706 9
841357206 9
684137250 9
841375206 9
523706841 9
527306841 9
153270684 9
153720684 9
572306841 9
157320684 9
841723506 9
172530684 9
684173250 9
841735206 9
752306841 9
175320684 9
706842135 7
506842137 7
370684215 9
730684215 9
068421735 7
306842175 9
570684231 9
750684231 9
706842351 9
068423571 9
506842371 9
068423751 9
137068425 9
173068425 9
684253170 9
684253710 9
713068425 9
684257310 9
068427135 7
306842715 9
506842731 9
068427351 9
130684275 9
684275310 9
843125706 7
843127506 7
684315270 9
684315720 9
843172506 7
684317520 9
068432157 0
068432175 0
432517068 7
432571068 7
068432715 0
432751068 7
127068435 7
172068435 7
843521706 9
843527106 9
712068435 7
843572106 9
843712506 7
684371520 9
068437215 0
437251068 7
512068437 7
843752106 9
237068451 9
273068451 9
451327068 9
068451372 0
723068451 9
068451732 0
370684521 7
730684521 7
845231706 9
845237106 9
130684527 7
845273106 9
312706845 9
317206845 9
532170684 9
532710684 9
371206845 9
537210684 9
230684571 9
068457132 0
306845721 7
845723106 9
731206845 9
573210684 9
847123506 9
712530684 9
684713250 9
847135206 9
523068471 9
715320684 9
068472135 7
306847215 9
506847231 9
068472351 9
130684725 9
684725310 9
847312506 7
684731520 9
068473215 0
473251068 7
120684735 7
847352106 9
230684751 9
068475132 0
306847521 7
847523106 9
312068475 9
753210684 9
706851234 9
068512374 9
370685124 9
730685124 9
068512734 9
306851274 9
068513247 7
685132740 7
706851342 9
068513472 9
685137240 7
068513742 9
237068514 9
273068514 9
685143270 9
685143720 9
723068514 9
685147320 9
068517234 9
306851724 9
685173240 7
068517342 9
230685174 9
685174320 9
134706852 7
137406852 7
214370685 9
214730685 9
173406852 7
217430685 9
685231470 9
685231740 9
852341706 9
852347106 9
685237140 9
852374106 9
413706852 9
417306852 9
243170685 9
243710685 9
471306852 9
247310685 9
713406852 7
271430685 9
685273140 9
852734106 9
741306852 9
274310685 9
068531247 0
068531274 0
531427068 7
531472068 7
068531724 0
531742068 7
853214706 7
853217406 7
685324170 9
685324710 9
853271406 7
685327410 9
853412706 9
853417206 9
217068534 7
271068534 7
853471206 9
721068534 7
068537124 0
537142068 7
853721406 7
685372410 9
853741206 9
421068537 7
370685412 7
730685412 7
854132706 9
854137206 9
230685417 7
854173206 9
137068542 9
173068542 9
068542317 0
068542371 0
713068542 9
068542731 0
431270685 9
431720685 9
321706854 9
327106854 9
437120685 9
372106854 9
306854712 7
854713206 9
130685472 9
068547231 0
473120685 9
732106854 9
068571234 9
306857124 9
685713240 7
068571342 9
230685714 9
685714320 9
213406857 7
721430685 9
685723140 9
857234106 9
413068572 9
724310685 9
068573124 0
573142068 7
857321406 7
685732410 9
857341206 9
210685734 7
306857412 7
857413206 9
130685742 9
068574231 0
743120685 9
321068574 9
345068712 9
235406871 9
712435068 9
530687124 7
871253406 9
543068712 9
450687132 7
871325406 9
687134250 7
068713452 9
713524068 7
713542068 9
714235068 7
253068714 9
871432506 9
687143520 9
452306871 9
532068714 7
687152340 9
430687152 9
068715324 9
687153420 7
306871542 9
068715432 9
134506872 9
354068721 9
872143506 9
453068721 9
721534068 9
430687215 7
872314506 9
540687231 7
687234150 9
723451068 9
687235140 9
872354106 7
687241350 9
530687241 9
068724315 9
687243510 7
306872451 9
068724531 9
513406872 9
143068725 9
872531406 9
687253410 9
541306872 9
431068725 7
245068731 9
540687312 9
068731425 9
206873145 9
406873152 9
068731542 7
450687321 9
154068732 9
506873241 9
068732451 7
068732514 9
106873254 9
506873412 9
068734152 9
068734215 7
106873425 9
512068734 9
210687345 9
068735124 7
206873514 9
406873521 9
068735241 9
120687354 9
421068735 9
874123506 9
125306874 9
687413250 9
874135206 9
523068741 9
153206874 9
068742135 7
306874215 9
506874231 9
068742351 9
130687425 9
687425310 9
874312506 7
687431520 9
743215068 9
743251068 7
120687435 7
874352106 9
230687451 9
745132068 9
306874521 7
874523106 9
312068745 9
532106874 9
068751234 9
306875124 9
687513240 7
068751342 9
230687514 9
687514320 9
134068752 7
214306875 9
687523140 9
875234106 9
413068752 9
243106875 9
753124068 9
753142068 7
875321406 7
687532410 9
875341206 9
210687534 7
306875412 7
875413206 9
130687542 9
754231068 9
431206875 9
321068754 9
807123456 7
607123458 7
580712346 9
850712346 9
071234856 7
507123486 9
680712354 9
860712354 9
807123564 9
071235684 9
607123584 9
071235864 9
458071236 9
485071236 9
654807123 9
658407123 9
845071236 9
685407123 9
071238456 7
507123846 9
607123854 9
071238564 9
450712386 9
865407123 9
680712435 9
860712435 9
807124365 7
507124368 7
607124385 9
071243865 7
368071245 9
386071245 9
563807124 9
568307124 9
836071245 9
586307124 9
580712463 9
850712463 9
807124653 9
071246583 9
507124683 9
071246853 9
607124835 9
071248365 7
360712485 9
856307124 9
507124863 9
071248653 9
807125346 9
071253486 9
480712536 9
840712536 9
071253846 9
407125386 9
436807125 9
438607125 9
638071254 9
683071254 9
483607125 9
863071254 9
807125634 7
407125638 7
380712564 9
830712564 9
071256834 7
307125684 9
071258346 9
407125836 9
843607125 9
630712584 9
071258634 7
307125864 9
345807126 9
348507126 9
548071263 9
584071263 9
384507126 9
854071263 9
807126435 9
071264385 9
380712645 9
830712645 9
071264835 9
307126485 9
480712653 9
840712653 9
807126543 7
307126548 7
407126583 9
071265843 7
834507126 9
540712683 9
071268435 9
307126845 9
407126853 9
071268543 7
071283456 7
507128346 9
607128354 9
071283564 9
450712836 9
654071283 9
607128435 9
071284365 7
360712845 9
563071284 9
507128463 9
071284653 9
071285346 9
407128536 9
436071285 9
630712854 9
071285634 7
307128564 9
345071286 9
540712863 9
071286435 9
307128645 9
407128653 9
071286543 7
132456807 9
132458607 9
246580713 7
246850713 7
071324856 0
248650713 7
132546807 7
132548607 7
713256480 9
713256840 9
132584607 7
713258640 9
326458071 9
326485071 9
548071326 7
584071326 7
326845071 9
854071326 7
132845607 9
284650713 7
132854607 7
713285640 9
328645071 9
654071328 7
680713425 9
860713425 9
807134265 9
071342685 9
607134285 9
071342865 9
807134526 7
607134528 7
280713456 9
820713456 9
071345826 7
207134586 9
713462580 9
713462850 9
528071346 9
582071346 9
713468250 9
852071346 9
607134825 9
071348265 9
071348526 7
207134856 9
713486250 9
520713486 9
713524680 9
713524860 9
352648071 9
352684071 9
713528460 9
352864071 9
354268071 9
354286071 9
546280713 9
546820713 9
354826071 9
548620713 9
562480713 9
562840713 9
642807135 9
648207135 9
568240713 9
684207135 9
713582460 9
358264071 9
358426071 9
584620713 9
586240713 9
864207135 9
624580713 9
624850713 9
254807136 9
258407136 9
628450713 9
285407136 9
364258071 9
364285071 9
280713645 7
820713645 7
364825071 9
520713648 7
071365248 9
407136528 9
428071365 9
482071365 9
136582407 5
842071365 9
682450713 9
825407136 9
368425071 9
207136845 7
136852407 9
420713685 9
138245607 9
824650713 7
138254607 7
713825640 9
382645071 9
540713826 7
607138425 9
071384265 9
071384526 7
207138456 9
713846250 9
520713846 9
713852460 9
385264071 9
385426071 9
854620713 9
856240713 9
642071385 9
862450713 9
254071386 9
386425071 9
207138645 7
138652407 9
420713865 9
714235680 9
714235860 9
142365807 9
142368507 9
714238560 9
071423865 0
425368071 9
425386071 9
638071425 7
683071425 7
425836071 9
863071425 7
142635807 7
142638507 7
714265380 9
714265830 9
142683507 7
714268530 9
714283560 9
365071428 5
428536071 9
563071428 7
142863507 7
714286530 9
807143256 9
071432586 9
071432658 7
714326850 7
071432856 9
714328650 7
714352680 9
714352860 9
628071435 9
682071435 9
714358260 9
862071435 9
807143625 9
071436285 9
280714365 9
820714365 9
071436825 9
207143685 9
071438256 9
714382650 7
714385260 9
620714385 9
071438625 9
207143865 9
523680714 9
523860714 9
263807145 9
268307145 9
528360714 9
286307145 9
453268071 9
453286071 9
280714536 7
820714536 7
453826071 9
620714538 7
145623807 9
145628307 9
328071456 9
382071456 9
071456823 0
832071456 9
582360714 9
826307145 9
458326071 9
207145836 7
623071458 5
320714586 9
714623580 9
714623850 9
462538071 9
462583071 9
714628350 9
462853071 9
325807146 7
328507146 7
635280714 9
635820714 9
382507146 7
638520714 9
652380714 9
652830714 9
532807146 9
538207146 9
658230714 9
583207146 9
714682350 9
468253071 9
832507146 7
683520714 9
685230714 9
853207146 9
714823560 9
148236507 3
482536071 9
630714825 7
148263507 7
714826530 9
071483256 9
714832650 7
714835260 9
620714835 9
071483625 9
207148365 9
852360714 9
263071485 9
485326071 9
207148536 7
148562307 3
320714856 9
714862350 9
486253071 9
632507148 7
863520714 9
865230714 9
532071486 9
071523468 7
715234860 7
807152364 9
071523684 9
715238460 7
071523864 9
368071524 7
386071524 7
524638071 9
524683071 9
836071524 7
524863071 9
071526348 9
407152638 9
264380715 7
264830715 7
340715268 9
268430715 7
715283460 7
071528364 9
436071528 7
528463071 9
634071528 9
286430715 7
532468071 9
532486071 9
715326480 9
715326840 9
532846071 9
715328640 9
342680715 7
342860715 7
462807153 9
468207153 9
348260715 7
486207153 9
624807153 7
628407153 7
364280715 9
364820715 9
682407153 7
368420715 9
538246071 9
715382640 9
384260715 7
846207153 9
862407153 7
386420715 9
236807154 9
238607154 9
426380715 9
426830715 9
283607154 9
428630715 9
154326807 9
154328607 9
628071543 9
682071543 9
071543826 0
862071543 9
546238071 9
546283071 9
280715463 7
820715463 7
546823071 9
320715468 7
823607154 9
482630715 9
326071548 5
620715483 9
548623071 9
207154863 7
480715623 9
840715623 9
807156243 9
071562483 9
407156283 9
071562843 9
807156324 7
407156328 7
280715634 9
820715634 9
071563824 7
207156384 9
715642380 9
715642830 9
328071564 9
382071564 9
715648230 9
832071564 9
407156823 9
071568243 9
071568324 7
207156834 9
715684230 9
320715684 9
715823460 7
071582364 9
360715824 7
582463071 9
158263407 3
826430715 7
583246071 9
715832640 9
834260715 7
462071583 9
362407158 7
836420715 9
236071584 9
842630715 9
158432607 3
620715843 9
584623071 9
207158463 7
407158623 9
071586243 9
071586324 7
207158634 9
715864230 9
320715864 9
458071623 7
485071623 7
623548071 9
623584071 9
845071623 7
623854071 9
716243580 9
716243850 9
162453807 7
162458307 7
716248350 9
162485307 7
253480716 7
253840716 7
071625438 9
307162548 9
258340716 7
430716258 9
345071628 7
628354071 9
716284350 9
162845307 7
285340716 7
628543071 3
245807163 9
248507163 9
325480716 9
325840716 9
284507163 9
328540716 9
163425807 7
163428507 9
528071634 9
582071634 9
071634825 0
852071634 9
635248071 9
635284071 9
280716354 7
820716354 7
635824071 9
420716358 7
824507163 9
382540716 9
071638425 0
520716384 9
638524071 9
207163854 7
642358071 9
642385071 9
716425380 9
716425830 9
642835071 9
716428530 9
432580716 9
432850716 9
352807164 9
358207164 9
438250716 9
385207164 9
523807164 7
528307164 7
453280716 9
453820716 9
582307164 7
458320716 9
648235071 9
716482530 9
483250716 9
835207164 9
852307164 7
485320716 9
807165234 9
071652384 9
071652438 7
716524830 7
071652834 9
716528430 7
716532480 9
716532840 9
428071653 9
482071653 9
716538240 9
842071653 9
807165423 9
071654283 9
280716543 9
820716543 9
071654823 9
207165483 9
071658234 9
716582430 7
716583240 9
420716583 9
071658423 9
207165843 9
450716823 7
682354071 9
716824350 9
168245307 7
825340716 7
168254307 9
245071683 9
832540716 9
168342507 9
520716834 9
683524071 9
207168354 7
684235071 9
716842530 9
843250716 9
352071684 9
452307168 7
845320716 9
071685234 9
716852430 7
716853240 9
420716853 9
071685423 9
207168543 9
071823456 7
507182346 9
607182354 9
071823564 9
450718236 9
654071823 9
607182435 9
071824365 7
360718245 9
563071824 9
507182463 9
071824653 9
071825346 9
407182536 9
436071825 9
630718254 9
071825634 7
307182564 9
345071826 9
540718263 9
071826435 9
307182645 9
407182653 9
071826543 7
832456071 7
324650718 7
183254607 7
718325640 9
832645071 9
540718326 7
607183425 9
071834265 9
071834526 7
207183456 9
718346250 9
520718346 9
718352460 9
835264071 9
835426071 9
546207183 9
562407183 9
642071835 9
624507183 9
254071836 9
836425071 9
207183645 7
365240718 7
420718365 9
718423560 9
071842365 0
842536071 9
630718425 7
184263507 7
718426530 9
071843256 9
718432650 7
718435260 9
620718435 9
071843625 9
207184365 9
523607184 9
263071845 9
845326071 9
207184536 7
071845623 0
320718456 9
718462350 9
846253071 9
325071846 7
635207184 9
652307184 9
532071846 9
718523460 7
071852364 9
360718524 7
852463071 9
526340718 7
526430718 7
853246071 9
718532640 9
534260718 7
462071853 9
624071853 7
364207185 9
236071854 9
426307185 9
071854326 0
620718543 9
854623071 9
207185463 7
407185623 9
071856243 9
071856324 7
207185634 9
718564230 9
320718564 9
450718623 7
862354071 9
718624350 9
186245307 7
625340718 7
625430718 7
245071863 9
325407186 9
634250718 7
520718634 9
863524071 9
207186354 7
864235071 9
718642530 9
432507186 9
352071864 9
523071864 7
453207186 9
071865234 9
718652430 7
718653240 9
420718653 9
071865423 9
207186543 9
680721345 9
860721345 9
807213465 9
072134685 9
607213485 9
072134865 9
468072135 9
486072135 9
480721356 7
840721356 7
846072135 9
640721358 7
645807213 9
648507213 9
548072136 9
584072136 9
684507213 9
854072136 9
607213845 9
072138465 9
460721385 9
407213856 7
864507213 9
540721386 9
807214356 9
072143586 9
580721436 9
850721436 9
072143856 9
507214386 9
536807214 9
538607214 9
638072145 9
683072145 9
583607214 9
863072145 9
807214635 7
507214638 7
380721465 9
830721465 9
072146835 7
307214685 9
072148356 9
507214836 9
853607214 9
630721485 9
072148635 7
307214865 9
680721534 7
860721534 7
648072153 9
684072153 9
460721538 7
864072153 9
368072154 9
386072154 9
463807215 9
468307215 9
836072154 9
486307215 9
480721563 9
840721563 9
807215643 9
072156483 9
407215683 9
072156843 9
607215834 7
640721583 9
360721584 9
846307215 9
407215863 9
072158643 9
458072163 9
485072163 9
354807216 9
358407216 9
845072163 9
385407216 9
580721643 9
850721643 9
807216453 7
307216458 7
507216483 9
072164853 7
807216534 9
072165384 9
380721654 9
830721654 9
072165834 9
307216584 9
450721683 9
835407216 9
507216843 9
072168453 7
072168534 9
307216854 9
607218345 9
072183465 9
460721835 9
407218356 7
645072183 9
540721836 9
072184356 9
507218436 9
536072184 9
630721845 9
072184635 7
307218465 9
607218534 7
640721853 9
360721854 9
463072185 9
407218563 9
072185643 9
450721863 9
354072186 9
507218643 9
072186453 7
072186534 9
307218654 9
231456807 7
231458607 7
723146580 9
723146850 9
231485607 7
723148650 9
231546807 9
231548607 9
723156480 9
723156840 9
072315846 0
723158640 9
164580723 9
164850723 9
316548072 9
316584072 9
168450723 9
316854072 9
231845607 7
723184650 9
546072318 5
723185640 9
186450723 9
318654072 9
723415680 9
723415860 9
341658072 9
341685072 9
723418560 9
341865072 9
516807234 7
518607234 7
456180723 9
456810723 9
581607234 7
458610723 9
461580723 7
461850723 7
651807234 9
658107234 9
468150723 7
685107234 9
723481560 9
348165072 9
851607234 7
485610723 9
486150723 7
865107234 9
072351468 7
723514860 7
807235164 9
072351684 9
723518460 7
072351864 9
807235416 9
072354186 9
180723546 9
810723546 9
072354816 9
107235486 9
723561480 9
723561840 9
418072356 9
481072356 9
723568140 9
841072356 9
723581460 7
072358164 9
072358416 9
107235846 9
723586140 9
410723586 9
145807236 7
148507236 7
615480723 9
615840723 9
184507236 7
618540723 9
236415807 9
236418507 9
518072364 7
581072364 7
072364815 0
851072364 7
365148072 9
365184072 9
541807236 9
548107236 9
365814072 9
584107236 9
814507236 7
681540723 9
415072368 5
451072368 7
368514072 9
854107236 9
238145607 7
723814650 9
238154607 3
723815640 9
816450723 9
381654072 9
723841560 9
384165072 9
451607238 7
845610723 9
846150723 7
651072384 9
723851460 7
072385164 9
072385416 9
107238546 9
723856140 9
410723856 9
614507238 7
861540723 9
238641507 3
510723864 7
386514072 9
541072386 9
072413568 7
724135860 7
807241365 9
072413685 9
724138560 7
072413865 9
368072415 7
386072415 7
415638072 9
415683072 9
836072415 7
415863072 9
241635807 9
241638507 9
165380724 7
165830724 7
072416835 0
168530724 7
724183560 7
072418365 9
536072418 7
418563072 9
635072418 5
186530724 7
431568072 9
431586072 9
724316580 9
724316850 9
431856072 9
724318650 9
351680724 9
351860724 9
561807243 9
568107243 9
358160724 9
586107243 9
436158072 9
436185072 9
365180724 9
365810724 9
436815072 9
368510724 9
438156072 9
724381650 9
385160724 9
856107243 9
438615072 9
386510724 9
136807245 9
138607245 9
516380724 9
516830724 9
183607245 9
518630724 9
245316807 9
245318607 9
618072453 7
681072453 7
072453816 0
861072453 7
245613807 7
245618307 7
631807245 9
638107245 9
245681307 7
683107245 9
813607245 9
581630724 9
316072458 5
361072458 7
245861307 7
863107245 9
072461358 7
724613850 7
807246153 9
072461583 9
724618350 7
072461853 9
807246315 9
072463185 9
180724635 9
810724635 9
072463815 9
107246385 9
724651380 9
724651830 9
318072465 9
381072465 9
724658130 9
831072465 9
724681350 7
072468153 9
072468315 9
107246835 9
724685130 9
310724685 9
724813560 7
072481365 9
360724815 7
481563072 9
248163507 3
816530724 7
483156072 9
724831650 9
835160724 9
561072483 9
483615072 9
836510724 9
136072485 9
851630724 9
248531607 3
610724853 7
248561307 7
631072485 9
724861350 7
072486153 9
072486315 9
107248635 9
724865130 9
310724865 9
134680725 7
134860725 7
251364807 9
072513684 0
138460725 7
072513864 0
514368072 9
514386072 9
638072514 7
683072514 7
514836072 9
863072514 7
251634807 7
251638407 7
725164380 9
725164830 9
251683407 7
725168430 9
183460725 7
072518364 0
518436072 9
463072518 7
251863407 7
725186430 9
807253146 9
072531486 9
072531648 7
725316840 7
072531846 9
725318640 7
725341680 9
725341860 9
618072534 9
681072534 9
725348160 9
861072534 9
807253614 9
072536184 9
180725364 9
810725364 9
072536814 9
107253684 9
072538146 9
725381640 7
725384160 9
610725384 9
072538614 9
107253864 9
413680725 9
413860725 9
163807254 9
168307254 9
418360725 9
186307254 9
543168072 9
543186072 9
361807254 9
368107254 9
543816072 9
386107254 9
254613807 9
254618307 9
318072546 7
381072546 7
072546813 0
831072546 7
481360725 9
816307254 9
548316072 9
836107254 9
613072548 5
631072548 7
725613480 9
725613840 9
561438072 9
561483072 9
725618340 9
561843072 9
314807256 7
318407256 7
634180725 9
634810725 9
381407256 7
638410725 9
641380725 9
641830725 9
431807256 9
438107256 9
648130725 9
483107256 9
725681340 9
568143072 9
831407256 7
683410725 9
684130725 9
843107256 9
813460725 7
072581364 0
581436072 9
630725814 7
258163407 7
725816430 9
072583146 9
725831640 7
725834160 9
610725834 9
072583614 9
107258364 9
841360725 9
163072584 9
584316072 9
361072584 9
258461307 3
310725846 7
725861340 9
586143072 9
631407258 7
863410725 9
864130725 9
431072586 9
613458072 9
613485072 9
548072613 7
584072613 7
613845072 9
854072613 7
143580726 7
143850726 7
261453807 9
261458307 9
148350726 7
072614853 0
726153480 9
726153840 9
261543807 7
261548307 7
726158340 9
261584307 7
618345072 9
354072618 7
184350726 7
453072618 5
726185340 9
261854307 7
314580726 9
314850726 9
154807263 9
158407263 9
318450726 9
185407263 9
263415807 7
263418507 7
451807263 9
458107263 9
263481507 7
485107263 9
263514807 9
263518407 9
418072635 7
481072635 7
072635814 0
841072635 7
381450726 9
815407263 9
263841507 7
845107263 9
514072638 5
541072638 7
807264135 9
072641385 9
380726415 9
830726415 9
072641835 9
307264185 9
726431580 9
726431850 9
518072643 9
581072643 9
726438150 9
851072643 9
807264513 7
307264518 7
180726453 9
810726453 9
072645813 7
107264583 9
072648135 9
307264815 9
726483150 9
510726483 9
072648513 7
107264853 9
651348072 9
651384072 9
726514380 9
726514830 9
651834072 9
726518430 9
531480726 9
531840726 9
341807265 9
348107265 9
538140726 9
384107265 9
413807265 7
418307265 7
543180726 9
543810726 9
481307265 7
548310726 9
658134072 9
726581430 9
583140726 9
834107265 9
841307265 7
584310726 9
681345072 9
540726813 7
814350726 7
268145307 3
726815340 9
268154307 7
831450726 9
154072683 9
268341507 7
451072683 9
268351407 3
410726835 7
072684135 9
307268415 9
726843150 9
510726843 9
072684513 7
107268453 9
685134072 9
726851430 9
853140726 9
341072685 9
541307268 7
854310726 9
607281345 9
072813465 9
460728135 9
407281356 7
645072813 9
540728136 9
072814356 9
507281436 9
536072814 9
630728145 9
072814635 7
307281465 9
607281534 7
640728153 9
360728154 9
463072815 9
407281563 9
072815643 9
450728163 9
354072816 9
507281643 9
072816453 7
072816534 9
307281654 9
283145607 7
728314650 9
072831546 0
728315640 9
164507283 9
831654072 9
728341560 9
834165072 9
516072834 7
456107283 9
346150728 7
651072834 9
728351460 7
072835164 9
072835416 9
107283546 9
728356140 9
410728356 9
145072836 7
615407283 9
072836415 0
510728364 7
836514072 9
541072836 9
728413560 7
072841365 9
360728415 7
841563072 9
072841635 0
416530728 7
843156072 9
728431650 9
351607284 9
561072843 9
843615072 9
365107284 9
136072845 9
516307284 9
072845316 0
610728453 7
284561307 7
631072845 9
728461350 7
072846153 9
072846315 9
107284635 9
728465130 9
310728465 9
513460728 7
285136407 9
851436072 9
630728514 7
285163407 7
728516430 9
072853146 9
728531640 7
728534160 9
610728534 9
072853614 9
107285364 9
413607285 9
163072854 9
854316072 9
361072854 9
072854613 0
310728546 7
728561340 9
856143072 9
314072856 7
634107285 9
641307285 9
431072856 9
861345072 9
540728613 7
614350728 7
072861453 0
728615340 9
286154307 7
314507286 9
154072863 9
286341507 7
451072863 9
072863514 0
410728635 7
072864135 9
307286415 9
728643150 9
510728643 9
072864513 7
107286453 9
865134072 9
728651430 9
531407286 9
341072865 9
413072865 7
543107286 9
680731245 7
860731245 7
124658073 9
124685073 9
560731248 7
124865073 9
468073125 9
486073125 9
312564807 9
312568407 9
846073125 9
073125864 0
264580731 9
264850731 9
654807312 9
658407312 9
268450731 9
685407312 9
607312845 7
128465073 9
460731285 9
564073128 5
286450731 9
865407312 9
568073142 9
586073142 9
731426580 9
731426850 9
856073142 9
731428650 9
680731452 9
860731452 9
807314562 9
073145682 9
607314582 9
073145862 9
807314625 9
073146285 9
073146528 7
731465820 7
073146825 9
731468520 7
560731482 9
731482650 9
607314852 9
073148562 9
073148625 9
731486520 7
246807315 9
248607315 9
526480731 9
526840731 9
284607315 9
528640731 9
542680731 9
542860731 9
462807315 7
468207315 7
548260731 9
486207315 7
156248073 9
156284073 9
731564280 9
731564820 9
156824073 9
731568420 9
824607315 9
582640731 9
584260731 9
846207315 7
158624073 9
731586420 9
162458073 9
162485073 9
548073162 7
584073162 7
162845073 9
854073162 7
642580731 7
642850731 7
316452807 9
316458207 9
648250731 7
073164852 0
731652480 9
731652840 9
316542807 7
316548207 7
731658240 9
316584207 7
168245073 9
254073168 7
684250731 7
452073168 5
731685240 9
316854207 7
607318245 7
182465073 9
460731825 9
318256407 3
826450731 9
654073182 9
560731842 9
731842650 9
607318452 9
073184562 9
073184625 9
731846520 7
246073185 9
852640731 9
854260731 9
546207318 7
185624073 9
731856420 9
186245073 9
540731862 7
864250731 7
318645207 3
731865240 9
318654207 7
568073214 9
586073214 9
321465807 9
321468507 9
856073214 9
073214865 0
680732154 7
860732154 7
321564807 7
321568407 7
460732158 7
321586407 7
645807321 7
648507321 7
165480732 9
165840732 9
684507321 7
168540732 9
560732184 9
465073218 5
607321854 7
321856407 7
864507321 7
186540732 9
156807324 9
158607324 9
416580732 9
416850732 9
185607324 9
418650732 9
451680732 9
451860732 9
245618073 9
245681073 9
458160732 9
245861073 9
246158073 9
246185073 9
732465180 9
732465810 9
246815073 9
732468510 9
815607324 9
481650732 9
485160732 9
248561073 9
248615073 9
732486510 9
468073251 9
486073251 9
732516480 9
732516840 9
846073251 9
732518640 9
680732541 9
860732541 9
807325461 9
073254681 9
607325481 9
073254861 9
807325614 9
073256184 9
073256418 7
732564810 7
073256814 9
732568410 7
460732581 9
732581640 9
607325841 9
073258461 9
073258614 9
732586410 7
614580732 9
614850732 9
261548073 9
261584073 9
618450732 9
261854073 9
073264158 7
732641850 7
807326451 9
073264581 9
732648150 7
073264851 9
651480732 7
651840732 7
326541807 9
326548107 9
658140732 7
073265841 0
681450732 9
268154073 9
732684150 7
073268451 9
685140732 7
541073268 5
560732814 9
328146507 3
607328154 7
328156407 7
164507328 7
816540732 9
156073284 9
841650732 9
845160732 9
284561073 9
284615073 9
732846510 9
460732851 9
732851640 9
607328541 9
073285461 9
073285614 9
732856410 7
861450732 9
286154073 9
732864150 7
073286451 9
865140732 7
328654107 3
680734125 9
860734125 9
807341265 9
073412685 9
607341285 9
073412865 9
268073415 9
286073415 9
734156280 9
734156820 9
826073415 9
734158620 9
073416258 7
734162850 7
807341652 9
073416582 9
734168250 7
073416852 9
607341825 9
073418265 9
260734185 9
734185620 9
734186250 7
073418652 9
215680734 9
215860734 9
165807342 7
168507342 7
218560734 9
186507342 7
516807342 9
518607342 9
256180734 7
256810734 7
581607342 9
258610734 7
734261580 9
734261850 9
426518073 9
426581073 9
734268150 9
426851073 9
281560734 9
816507342 7
851607342 9
285610734 7
734286150 9
428651073 9
126807345 9
128607345 9
451628073 9
451682073 9
182607345 9
451862073 9
168073452 7
186073452 7
345261807 9
345268107 9
816073452 7
073452861 0
561280734 9
561820734 9
621807345 7
628107345 7
568120734 9
682107345 7
812607345 9
816207345 7
216073458 7
261073458 5
586120734 9
862107345 7
346125807 9
346128507 9
734615280 9
734615820 9
073461825 0
734618520 9
346215807 7
346218507 7
734625180 9
734625810 9
346281507 7
734628510 9
465128073 9
465182073 9
652180734 9
652810734 9
465812073 9
658210734 9
125073468 5
734681520 9
346821507 7
734682510 9
468512073 9
685210734 9
607348125 9
073481265 9
260734815 9
734815620 9
734816250 7
073481652 9
821560734 9
216507348 7
516073482 9
825610734 7
734826150 9
482651073 9
126073485 9
485162073 9
160734852 7
348526107 3
856120734 9
562107348 7
348612507 3
734861520 9
348621507 7
734862510 9
486512073 9
865210734 9
124680735 9
124860735 9
264807351 7
268407351 7
128460735 9
286407351 7
426807351 9
428607351 9
146280735 9
146820735 9
482607351 9
148620735 9
735162480 9
735162840 9
516428073 9
516482073 9
735168240 9
516842073 9
182460735 9
826407351 7
842607351 9
184620735 9
735186240 9
518642073 9
680735214 9
860735214 9
807352164 7
407352168 7
607352184 9
073521864 7
168073524 9
186073524 9
735246180 9
735246810 9
816073524 9
735248610 9
480735261 9
840735261 9
807352641 9
073526481 9
407352681 9
073526841 9
607352814 9
073528164 7
160735284 9
735284610 9
407352861 9
073528641 9
268073541 7
286073541 7
073541628 9
207354168 9
826073541 7
354186207 5
216807354 9
218607354 9
354261807 7
354268107 7
281607354 9
354286107 7
612807354 9
618207354 9
462180735 9
462810735 9
681207354 9
468210735 9
126073548 7
162073548 7
821607354 9
354826107 7
861207354 9
486210735 9
356124807 7
356128407 7
735614280 9
735614820 9
356182407 7
735618420 9
356214807 9
356218407 9
624180735 7
624810735 7
073562814 0
628410735 7
128073564 7
182073564 7
564218073 9
564281073 9
812073564 7
564821073 9
356812407 7
735681420 9
214073568 5
682410735 7
412073568 7
568421073 9
812460735 9
126407358 7
426073581 9
814620735 9
735816240 9
581642073 9
607358214 9
073582164 7
160735824 9
735824610 9
407358261 9
073582641 9
260735841 7
416207358 9
216073584 9
358426107 7
612073584 9
846210735 9
358612407 7
735861420 9
358621407 3
862410735 7
120735864 7
586421073 9
458073612 9
485073612 9
254807361 9
258407361 9
845073612 9
285407361 9
580736142 7
850736142 7
528073614 9
582073614 9
250736148 7
852073614 9
807361524 9
073615284 9
280736154 9
820736154 9
073615824 9
207361584 9
450736182 9
825407361 9
507361842 7
520736184 9
073618524 9
207361854 9
145807362 9
148507362 9
548073621 9
584073621 9
184507362 9
854073621 9
807362415 9
073624185 9
180736245 9
810736245 9
073624815 9
107362485 9
480736251 7
840736251 7
418073625 9
481073625 9
140736258 7
841073625 9
814507362 9
540736281 9
073628415 9
107362845 9
407362851 7
410736285 9
258073641 9
285073641 9
280736415 7
820736415 7
825073641 9
520736418 7
580736421 9
850736421 9
807364251 9
073642581 9
507364281 9
073642851 9
128073645 9
182073645 9
521807364 9
528107364 9
812073645 9
582107364 9
250736481 9
207364815 7
507364821 9
073648251 9
120736485 9
852107364 9
480736512 9
840736512 9
807365142 9
073651482 9
407365182 9
073651842 9
148073652 9
184073652 9
180736524 7
810736524 7
814073652 9
410736528 7
412807365 9
418207365 9
218073654 9
281073654 9
481207365 9
821073654 9
407365812 9
073658142 9
140736582 9
107365824 7
841207365 9
210736584 9
450736812 9
254073681 9
507368142 7
520736814 9
073681524 9
207368154 9
145073682 9
540736821 9
073682415 9
107368245 9
407368251 7
410736825 9
250736841 9
207368415 7
507368421 9
073684251 9
120736845 9
521073684 9
407368512 9
073685142 9
140736852 9
107368524 7
412073685 9
210736854 9
607381245 7
812465073 9
460738125 9
073812564 0
264507381 9
654073812 9
560738142 9
738142650 9
607381452 9
073814562 9
073814625 9
738146520 7
246073815 9
526407381 9
542607381 9
462073815 7
815624073 9
738156420 9
816245073 9
540738162 7
164250738 7
073816452 0
738165240 9
381654207 7
560738214 9
073821465 0
607382154 7
382156407 7
645073821 7
165407382 9
156073824 9
416507382 9
451607382 9
824561073 9
824615073 9
738246510 9
460738251 9
738251640 9
607382541 9
073825461 9
073825614 9
738256410 7
614507382 9
826154073 9
738264150 7
073826451 9
265140738 7
073826541 0
607384125 9
073841265 9
260738415 9
738415620 9
738416250 7
073841652 9
215607384 9
165073842 7
516073842 9
425610738 7
738426150 9
842651073 9
126073845 9
845162073 9
160738452 7
073845261 0
561207384 9
621073845 7
073846125 0
738461520 9
384621507 7
738462510 9
846512073 9
652107384 9
124607385 9
264073851 7
426073851 9
146207385 9
738516240 9
851642073 9
607385214 9
073852164 7
160738524 9
738524610 9
407385261 9
073852641 9
260738541 7
541620738 9
216073854 9
385426107 7
612073854 9
462107385 9
385612407 7
738561420 9
073856214 0
562410738 7
120738564 7
856421073 9
450738612 9
254073861 9
507386142 7
520738614 9
073861524 9
207386154 9
145073862 9
540738621 9
073862415 9
107386245 9
407386251 7
410738625 9
250738641 9
207386415 7
507386421 9
073864251 9
120738645 9
521073864 9
407386512 9
073865142 9
140738652 9
107386524 7
412073865 9
210738654 9
412356807 7
412358607 7
365807412 9
368507412 9
412385607 7
386507412 9
253680741 9
253860741 9
563807412 9
568307412 9
258360741 9
586307412 9
358074126 7
385074126 7
412653807 9
412658307 9
835074126 7
074126853 0
412835607 7
836507412 9
285360741 9
856307412 9
635074128 7
653074128 5
741325680 9
741325860 9
658074132 9
685074132 9
741328560 9
865074132 9
807413526 9
074135286 9
280741356 9
820741356 9
074135826 9
207413586 9
580741362 9
850741362 9
807413652 7
207413658 7
507413682 9
074136852 7
741382560 9
650741382 9
074138526 9
207413856 9
507413862 9
074138652 7
152368074 9
152386074 9
638074152 7
683074152 7
152836074 9
863074152 7
532680741 7
532860741 7
415362807 9
415368207 9
538260741 7
074153862 0
074156238 7
741562830 7
807415632 9
074156382 9
741568230 7
074156832 9
158236074 9
263074158 7
583260741 7
362074158 5
741586230 7
074158632 9
235807416 9
238507416 9
625380741 9
625830741 9
283507416 9
628530741 9
632580741 9
632850741 9
352807416 7
358207416 7
638250741 9
385207416 7
165238074 9
165283074 9
741653280 9
741653820 9
165823074 9
741658320 9
823507416 9
682530741 9
683250741 9
835207416 7
168523074 9
741685320 9
418235607 7
365074182 9
825360741 9
563074182 9
350741826 7
418265307 3
741832560 9
650741832 9
074183526 9
207418356 9
507418362 9
074183652 7
185236074 9
630741852 7
853260741 7
418536207 3
741856230 7
074185632 9
235074186 9
862530741 9
863250741 9
635207418 7
186523074 9
741865320 9
421356807 9
421358607 9
658074213 7
685074213 7
074213856 0
865074213 7
536807421 9
538607421 9
156380742 9
156830742 9
583607421 9
158630742 9
635807421 9
638507421 9
216538074 9
216583074 9
683507421 9
216853074 9
356074218 5
365074218 7
853607421 9
185630742 9
863507421 9
218653074 9
315680742 7
315860742 7
165807423 9
168507423 9
318560742 7
186507423 9
235168074 9
235186074 9
742356180 9
742356810 9
235816074 9
742358610 9
361580742 9
361850742 9
651807423 7
658107423 7
368150742 9
685107423 7
381560742 7
816507423 9
238516074 9
742385610 9
386150742 9
865107423 7
368074251 7
386074251 7
251638074 9
251683074 9
836074251 7
251863074 9
742531680 9
742531860 9
425361807 7
425368107 7
742538160 9
425386107 7
742561380 9
742561830 9
425631807 9
425638107 9
742568130 9
074256831 0
136074258 7
258163074 9
742583160 9
425836107 7
742586130 9
631074258 5
358074261 9
385074261 9
742615380 9
742615830 9
835074261 9
742618530 9
580742631 9
850742631 9
807426351 9
074263581 9
507426381 9
074263851 9
807426513 9
074265183 9
074265318 7
742653810 7
074265813 9
742658310 7
350742681 9
742681530 9
507426831 9
074268351 9
074268513 9
742685310 7
428135607 3
650742813 7
536074281 9
815630742 9
635074281 9
281653074 9
831560742 7
165074283 9
283516074 9
742835610 9
836150742 9
365107428 7
360742851 7
285163074 9
742853160 9
428536107 7
742856130 9
428563107 3
350742861 9
742861530 9
507428631 9
074286351 9
074286513 9
742865310 7
807431256 9
074312586 9
580743126 9
850743126 9
074312856 9
507431286 9
074315268 7
743152860 7
807431562 9
074315682 9
743158260 7
074315862 9
258074316 9
285074316 9
743165280 9
743165820 9
825074316 9
743168520 9
074318256 9
507431826 9
743185260 7
074318562 9
250743186 9
743186520 9
321568074 9
321586074 9
216580743 9
216850743 9
321856074 9
218650743 9
743251680 9
743251860 9
325618074 9
325681074 9
743258160 9
325861074 9
615807432 9
618507432 9
265180743 9
265810743 9
681507432 9
268510743 9
328156074 9
281650743 9
743285160 9
328561074 9
861507432 9
286510743 9
435126807 9
435128607 9
516280743 7
516820743 7
074351826 0
518620743 7
807435216 9
074352186 9
074352618 7
743526810 7
074352816 9
743528610 7
356128074 9
356182074 9
562180743 9
562810743 9
356812074 9
568210743 9
126074358 5
581620743 7
074358216 9
743582610 7
358612074 9
586210743 9
580743612 7
850743612 7
436152807 7
436158207 7
250743618 7
436185207 7
158074362 9
185074362 9
436251807 9
436258107 9
815074362 9
074362851 0
651280743 9
651820743 9
521807436 7
528107436 7
658120743 9
582107436 7
507436812 7
436815207 7
150743682 9
251074368 5
685120743 9
852107436 7
074381256 9
507438126 9
743815260 7
074381562 9
250743816 9
743816520 9
382156074 9
821650743 9
743825160 9
382561074 9
615074382 9
826510743 9
438512607 3
851620743 7
074385216 9
743852610 7
385612074 9
856210743 9
507438612 7
438615207 7
150743862 9
438625107 3
865120743 9
652107438 7
368074512 9
386074512 9
263807451 9
268307451 9
836074512 9
286307451 9
680745132 9
860745132 9
807451362 7
207451368 7
607451382 9
074513862 7
807451623 9
074516283 9
280745163 9
820745163 9
074516823 9
207451683 9
360745182 9
826307451 9
607451832 9
074518362 7
074518623 9
207451863 9
136807452 9
138607452 9
638074521 9
683074521 9
183607452 9
863074521 9
807452316 9
074523186 9
180745236 9
810745236 9
074523816 9
107452386 9
380745261 7
830745261 7
318074526 9
381074526 9
130745268 7
831074526 9
813607452 9
630745281 9
074528316 9
107452836 9
307452861 7
310745286 9
807453126 7
607453128 7
280745316 9
820745316 9
074531826 7
207453186 9
680745321 9
860745321 9
807453261 9
074532681 9
607453281 9
074532861 9
128074536 9
182074536 9
621807453 9
628107453 9
812074536 9
682107453 9
074538126 7
207453816 9
607453821 9
074538261 9
120745386 9
862107453 9
380745612 9
830745612 9
807456132 9
074561382 9
307456182 9
074561832 9
138074562 9
183074562 9
180745623 7
810745623 7
813074562 9
310745628 7
312807456 9
318207456 9
218074563 9
281074563 9
381207456 9
821074563 9
307456812 9
074568132 9
130745682 9
107456823 7
831207456 9
210745683 9
360745812 9
263074581 9
607458132 9
074581362 7
074581623 9
207458163 9
136074582 9
630745821 9
074582316 9
107458236 9
307458261 7
310745826 9
074583126 7
207458316 9
607458321 9
074583261 9
120745836 9
621074583 9
307458612 9
074586132 9
130745862 9
107458623 7
312074586 9
210745863 9
123580746 9
123850746 9
253807461 7
258307461 7
128350746 9
285307461 7
325807461 9
328507461 9
135280746 9
135820746 9
382507461 9
138520746 9
746152380 9
746152830 9
615328074 9
615382074 9
746158230 9
615832074 9
182350746 9
825307461 7
832507461 9
183520746 9
746185230 9
618532074 9
580746213 9
850746213 9
807462153 9
074621583 9
507462183 9
074621853 9
158074623 9
185074623 9
746235180 9
746235810 9
815074623 9
746238510 9
074625138 7
746251830 7
807462531 9
074625381 9
746258130 7
074625831 9
507462813 9
074628153 9
150746283 9
746283510 9
746285130 7
074628531 9
258074631 9
285074631 9
074631528 0
074631582 0
825074631 9
074631852 0
580746321 7
850746321 7
632518074 9
632581074 9
150746328 7
632851074 9
512807463 9
518207463 9
352180746 9
352810746 9
581207463 9
358210746 9
250746381 9
074638152 0
507463821 7
638251074 9
851207463 9
385210746 9
465123807 7
465128307 7
746513280 9
746513820 9
465182307 7
746518320 9
465213807 9
465218307 9
523180746 7
523810746 7
074652813 0
528310746 7
128074653 7
182074653 7
653218074 9
653281074 9
812074653 7
653821074 9
465812307 7
746581320 9
213074658 5
582310746 7
312074658 7
658321074 9
812350746 9
125307468 7
325074681 9
813520746 9
746815230 9
681532074 9
507468213 9
074682153 9
150746823 9
746823510 9
746825130 7
074682531 9
250746831 9
468315207 9
507468321 7
683251074 9
512074683 9
835210746 9
468512307 7
746851320 9
468521307 3
852310746 7
120746853 7
685321074 9
481235607 7
365074812 9
253607481 9
563074812 9
350748126 7
074812653 0
748132560 9
650748132 9
074813526 9
207481356 9
507481362 9
074813652 7
815236074 9
630748152 7
153260748 7
074815362 0
748156230 7
074815632 9
235074816 9
625307481 9
632507481 9
352074816 7
816523074 9
748165320 9
074821356 0
650748213 7
536074821 9
156307482 9
635074821 9
821653074 9
231560748 7
165074823 9
823516074 9
748235610 9
361507482 9
651074823 7
360748251 7
825163074 9
748253160 9
482536107 7
748256130 9
074825631 0
350748261 9
748261530 9
507482631 9
074826351 9
074826513 9
748265310 7
074831256 9
507483126 9
748315260 7
074831562 9
250748316 9
748316520 9
832156074 9
216507483 9
748325160 9
832561074 9
615074832 9
265107483 9
074835126 0
351620748 7
074835216 9
748352610 7
835612074 9
562107483 9
507483612 7
483615207 7
150748362 9
074836251 0
651207483 9
521074836 7
360748512 9
263074851 9
607485132 9
074851362 7
074851623 9
207485163 9
136074852 9
630748521 9
074852316 9
107485236 9
307485261 7
310748526 9
074853126 7
207485316 9
607485321 9
074853261 9
120748536 9
621074853 9
307485612 9
074856132 9
130748562 9
107485623 7
312074856 9
210748563 9
123507486 9
253074861 7
325074861 9
135207486 9
748615230 9
861532074 9
507486213 9
074862153 9
150748623 9
748623510 9
748625130 7
074862531 9
250748631 9
486315207 9
507486321 7
863251074 9
512074863 9
352107486 9
486512307 7
748651320 9
074865213 0
652310748 7
120748653 7
865321074 9
512346807 9
512348607 9
648075123 9
684075123 9
075123846 0
864075123 9
436807512 9
438607512 9
246380751 9
246830751 9
483607512 9
248630751 9
480751263 7
840751263 7
126438075 9
126483075 9
340751268 7
126843075 9
346075128 5
640751283 9
843607512 9
284630751 9
407512863 7
128643075 9
324680751 9
324860751 9
264807513 9
268407513 9
328460751 9
286407513 9
134268075 9
134286075 9
751346280 9
751346820 9
134826075 9
751348620 9
362480751 9
362840751 9
642807513 7
648207513 7
368240751 9
684207513 7
382460751 9
826407513 9
138426075 9
751384620 9
386240751 9
864207513 7
368075142 7
386075142 7
142638075 9
142683075 9
836075142 7
142863075 9
751432680 9
751432860 9
514362807 7
514368207 7
751438260 9
514386207 7
462380751 7
462830751 7
514632807 9
514638207 9
468230751 7
075146832 0
236075148 7
148263075 9
751483260 9
514836207 7
486230751 7
632075148 5
348075162 9
384075162 9
751624380 9
751624830 9
834075162 9
751628430 9
480751632 9
840751632 9
807516342 9
075163482 9
407516382 9
075163842 9
807516423 9
075164283 9
075164328 7
751643820 7
075164823 9
751648320 7
340751682 9
751682430 9
407516832 9
075168342 9
075168423 9
751684320 7
518234607 3
640751823 9
436075182 9
824630751 9
407518263 7
182643075 9
832460751 9
264075183 9
183426075 9
751834620 9
836240751 9
364207518 7
360751842 7
184263075 9
751843260 9
518436207 7
846230751 7
518463207 3
340751862 9
751862430 9
407518632 9
075186342 9
075186423 9
751864320 7
213468075 9
213486075 9
480752136 7
840752136 7
213846075 9
640752138 7
143680752 9
143860752 9
463807521 9
468307521 9
148360752 9
486307521 9
348075216 9
384075216 9
521643807 9
521648307 9
834075216 9
075216843 0
218346075 9
407521836 7
184360752 9
846307521 9
340752186 9
643075218 5
752314680 9
752314860 9
648075231 9
684075231 9
752318460 9
864075231 9
807523416 9
075234186 9
180752346 9
810752346 9
075234816 9
107523486 9
480752361 9
840752361 9
807523641 7
107523648 7
407523681 9
075236841 7
752381460 9
640752381 9
075238416 9
107523846 9
407523861 9
075238641 7
241368075 9
241386075 9
638075241 7
683075241 7
241836075 9
863075241 7
431680752 7
431860752 7
524361807 9
524368107 9
438160752 7
075243861 0
752461380 9
752461830 9
524631807 7
524638107 7
752468130 9
524683107 7
248136075 9
163075248 7
483160752 7
361075248 5
752486130 9
524863107 7
134807526 9
138407526 9
614380752 9
614830752 9
183407526 9
618430752 9
631480752 9
631840752 9
263418075 9
263481075 9
638140752 9
263841075 9
264138075 9
264183075 9
752643180 9
752643810 9
264813075 9
752648310 9
813407526 9
681430752 9
683140752 9
268341075 9
268413075 9
752684310 9
281346075 9
407528136 7
814360752 9
463075281 9
340752816 9
528164307 3
752831460 9
640752831 9
075283416 9
107528346 9
407528361 9
075283641 7
284136075 9
630752841 7
843160752 7
528436107 3
752846130 9
528463107 7
134075286 9
861430752 9
863140752 9
286341075 9
286413075 9
752864310 9
246807531 7
248607531 7
126480753 9
126840753 9
284607531 7
128640753 9
753142680 9
753142860 9
314628075 9
314682075 9
753148260 9
314862075 9
624807531 9
628407531 9
164280753 9
164820753 9
682407531 9
168420753 9
824607531 7
182640753 9
753184260 9
318462075 9
862407531 9
186420753 9
807532146 9
075321486 9
480753216 9
840753216 9
075321846 9
407532186 9
075324168 7
753241860 7
807532461 9
075324681 9
753248160 7
075324861 9
148075326 9
184075326 9
753264180 9
753264810 9
814075326 9
753268410 9
075328146 9
407532816 9
753284160 7
075328461 9
140753286 9
753286410 9
534126807 7
534128607 7
753416280 9
753416820 9
534182607 7
753418620 9
534216807 9
534218607 9
753426180 9
753426810 9
075342816 0
753428610 9
128075346 7
182075346 7
346218075 9
346281075 9
812075346 7
346821075 9
534812607 7
753481620 9
216075348 5
753482610 9
612075348 7
348621075 9
248075361 9
284075361 9
075361428 0
207536148 3
824075361 9
536184207 5
480753621 7
840753621 7
362418075 9
362481075 9
140753628 7
362841075 9
412807536 9
418207536 9
642180753 9
642810753 9
481207536 9
648210753 9
240753681 9
536814207 9
407536821 7
368241075 9
841207536 9
684210753 9
124607538 7
812640753 9
753814260 9
381462075 9
624075381 9
816420753 9
075382146 9
407538216 9
753824160 7
075382461 9
140753826 9
753826410 9
538412607 7
753841620 9
538421607 3
753842610 9
120753846 7
384621075 9
240753861 9
075386142 0
407538621 7
386241075 9
412075386 9
864210753 9
236807541 9
238607541 9
638075412 9
683075412 9
283607541 9
863075412 9
807541326 9
075413286 9
280754136 9
820754136 9
075413826 9
207541386 9
380754162 9
830754162 9
807541632 7
207541638 7
307541682 9
075416832 7
823607541 9
630754182 9
075418326 9
207541836 9
307541862 9
075418632 7
368075421 9
386075421 9
163807542 9
168307542 9
836075421 9
186307542 9
680754231 9
860754231 9
807542361 7
107542368 7
607542381 9
075423861 7
807542613 9
075426183 9
180754263 9
810754263 9
075426813 9
107542683 9
360754281 9
816307542 9
607542831 9
075428361 7
075428613 9
107542863 9
680754312 9
860754312 9
807543162 9
075431682 9
607543182 9
075431862 9
807543216 7
607543218 7
180754326 9
810754326 9
075432816 7
107543286 9
612807543 9
618207543 9
218075436 9
281075436 9
681207543 9
821075436 9
607543812 9
075438162 9
075438216 7
107543826 9
861207543 9
210754386 9
807546123 7
307546128 7
280754613 9
820754613 9
075461823 7
207546183 9
380754621 9
830754621 9
807546231 9
075462381 9
307546281 9
075462831 9
128075463 9
182075463 9
321807546 9
328107546 9
812075463 9
382107546 9
075468123 7
207546813 9
307546821 9
075468231 9
120754683 9
832107546 9
236075481 9
630754812 9
075481326 9
207548136 9
307548162 9
075481632 7
360754821 9
163075482 9
607548231 9
075482361 7
075482613 9
107548263 9
607548312 9
075483162 9
075483216 7
107548326 9
612075483 9
210754836 9
075486123 7
207548613 9
307548621 9
075486231 9
120754863 9
321075486 9
480756123 9
840756123 9
807561243 9
075612483 9
407561283 9
075612843 9
248075613 9
284075613 9
756134280 9
756134820 9
824075613 9
756138420 9
075614238 7
756142830 7
807561432 9
075614382 9
756148230 7
075614832 9
407561823 9
075618243 9
240756183 9
756183420 9
756184230 7
075618432 9
213480756 9
213840756 9
143807562 7
148307562 7
218340756 9
184307562 7
314807562 9
318407562 9
234180756 7
234810756 7
381407562 9
238410756 7
756241380 9
756241830 9
624318075 9
624381075 9
756248130 9
624831075 9
281340756 9
814307562 7
831407562 9
283410756 7
756284130 9
628431075 9
480756312 7
840756312 7
631428075 9
631482075 9
240756318 7
631842075 9
148075632 9
184075632 9
563241807 9
563248107 9
814075632 9
075632841 0
341280756 9
341820756 9
421807563 9
428107563 9
348120756 9
482107563 9
407563812 7
638142075 9
140756382 9
241075638 5
384120756 9
842107563 9
564123807 9
564128307 9
413280756 7
413820756 7
075641823 0
418320756 7
807564213 9
075642183 9
075642318 7
756423810 7
075642813 9
756428310 7
643128075 9
643182075 9
218075643 7
281075643 7
643812075 9
821075643 7
123075648 5
481320756 7
075648213 9
756482310 7
648312075 9
321075648 7
407568123 9
075681243 9
240756813 9
756813420 9
756814230 7
075681432 9
821340756 9
214307568 7
314075682 9
823410756 7
756824130 9
682431075 9
407568312 7
683142075 9
140756832 9
568324107 3
834120756 9
421075683 9
568412307 3
841320756 7
075684213 9
756842310 7
684312075 9
210756843 7
075812346 0
640758123 9
436075812 9
246307581 9
407581263 7
812643075 9
324607581 9
264075813 9
813426075 9
758134620 9
362407581 9
642075813 7
360758142 7
814263075 9
758143260 9
581436207 7
146230758 7
075814632 0
340758162 9
758162430 9
407581632 9
075816342 9
075816423 9
758164320 7
821346075 9
407582136 7
143607582 9
463075821 9
340758216 9
075821643 0
758231460 9
640758231 9
075823416 9
107582346 9
407582361 9
075823641 7
824136075 9
630758241 7
243160758 7
075824361 0
758246130 9
582463107 7
134075826 9
614307582 9
631407582 9
826341075 9
826413075 9
758264310 9
246075831 7
126407583 9
758314260 9
831462075 9
624075831 9
164207583 9
075832146 9
407583216 9
758324160 7
075832461 9
140758326 9
758326410 9
583412607 7
758341620 9
075834216 0
758342610 9
120758346 7
834621075 9
240758361 9
583614207 9
407583621 7
836241075 9
412075836 9
642107583 9
236075841 9
630758412 9
075841326 9
207584136 9
307584162 9
075841632 7
360758421 9
163075842 9
607584231 9
075842361 7
075842613 9
107584263 9
607584312 9
075843162 9
075843216 7
107584326 9
612075843 9
210758436 9
075846123 7
207584613 9
307584621 9
075846231 9
120758463 9
321075846 9
407586123 9
075861243 9
240758613 9
758613420 9
758614230 7
075861432 9
213407586 9
143075862 7
314075862 9
623410758 7
758624130 9
862431075 9
407586312 7
863142075 9
140758632 9
075863241 0
341207586 9
421075863 9
075864123 0
641320758 7
075864213 9
758642310 7
864312075 9
210758643 7
345807612 9
348507612 9
235480761 9
235840761 9
384507612 9
238540761 9
612435807 9
612438507 9
538076124 7
583076124 7
076124835 0
853076124 7
125348076 9
125384076 9
543807612 9
548307612 9
125834076 9
584307612 9
834507612 9
283540761 9
435076128 5
453076128 7
128534076 9
854307612 9
458076132 7
485076132 7
132548076 9
132584076 9
845076132 7
132854076 9
076134258 7
761342850 7
807613452 9
076134582 9
761348250 7
076134852 9
352480761 7
352840761 7
613542807 9
613548207 9
358240761 7
076135842 0
245076138 7
138254076 9
761384250 7
076138452 9
385240761 7
542076138 5
423580761 7
423850761 7
253807614 9
258307614 9
428350761 7
285307614 9
143258076 9
143285076 9
761435280 9
761435820 9
143825076 9
761438520 9
452380761 9
452830761 9
532807614 7
538207614 7
458230761 9
583207614 7
482350761 7
825307614 9
148325076 9
761483520 9
485230761 9
853207614 7
761523480 9
761523840 9
438076152 9
483076152 9
761528340 9
843076152 9
807615324 9
076153284 9
076153428 7
761534820 7
076153824 9
761538420 7
380761542 9
830761542 9
807615432 9
076154382 9
307615482 9
076154832 9
761582340 9
430761582 9
076158324 9
761583420 7
307615842 9
076158432 9
345076182 9
823540761 9
618243507 3
530761824 7
182534076 9
543076182 9
450761832 7
183254076 9
761834250 7
076183452 9
835240761 7
618354207 3
842350761 7
253076184 9
184325076 9
761843520 9
845230761 9
453207618 7
761852340 9
430761852 9
076185324 9
761853420 7
307618542 9
076185432 9
134580762 9
134850762 9
354807621 9
358407621 9
138450762 9
385407621 9
214358076 9
214385076 9
453807621 9
458307621 9
214835076 9
485307621 9
621534807 9
621538407 9
438076215 7
483076215 7
076215834 0
843076215 7
183450762 9
835407621 9
218435076 9
845307621 9
534076218 5
543076218 7
231458076 9
231485076 9
548076231 7
584076231 7
231845076 9
854076231 7
762341580 9
762341850 9
623451807 9
623458107 9
762348150 9
076234851 0
762351480 9
762351840 9
623541807 7
623548107 7
762358140 9
623584107 7
238145076 9
154076238 7
762384150 9
451076238 5
762385140 9
623854107 7
762413580 9
762413850 9
538076241 9
583076241 9
762418350 9
853076241 9
807624315 9
076243185 9
076243518 7
762435810 7
076243815 9
762438510 7
380762451 9
830762451 9
807624531 9
076245381 9
307624581 9
076245831 9
762481350 9
530762481 9
076248315 9
762483510 7
307624851 9
076248531 9
513480762 9
513840762 9
143807625 9
148307625 9
518340762 9
184307625 9
253148076 9
253184076 9
762534180 9
762534810 9
253814076 9
762538410 9
541380762 9
541830762 9
431807625 7
438107625 7
548130762 9
483107625 7
581340762 9
814307625 9
258314076 9
762583410 9
584130762 9
843107625 7
813450762 9
354076281 9
281435076 9
453076281 9
628153407 3
430762815 7
283145076 9
540762831 7
762834150 9
628345107 3
762835140 9
628354107 7
762841350 9
530762841 9
076284315 9
762843510 7
307628451 9
076284531 9
851340762 9
143076285 9
285314076 9
762853410 9
854130762 9
543107628 7
245807631 9
248507631 9
548076312 9
584076312 9
284507631 9
854076312 9
807631425 9
076314285 9
280763145 9
820763145 9
076314825 9
207631485 9
480763152 9
840763152 9
807631542 7
207631548 7
407631582 9
076315842 7
824507631 9
540763182 9
076318425 9
207631845 9
407631852 9
076318542 7
458076321 9
485076321 9
154807632 9
158407632 9
845076321 9
185407632 9
580763241 9
850763241 9
807632451 7
107632458 7
507632481 9
076324851 7
807632514 9
076325184 9
180763254 9
810763254 9
076325814 9
107632584 9
450763281 9
815407632 9
507632841 9
076328451 7
076328514 9
107632854 9
580763412 9
850763412 9
807634152 9
076341582 9
507634182 9
076341852 9
807634215 7
507634218 7
180763425 9
810763425 9
076342815 7
107634285 9
512807634 9
518207634 9
218076345 9
281076345 9
581207634 9
821076345 9
507634812 9
076348152 9
076348215 7
107634825 9
851207634 9
210763485 9
807635124 7
407635128 7
280763514 9
820763514 9
076351824 7
207635184 9
480763521 9
840763521 9
807635241 9
076352481 9
407635281 9
076352841 9
128076354 9
182076354 9
421807635 9
428107635 9
812076354 9
482107635 9
076358124 7
207635814 9
407635821 9
076358241 9
120763584 9
842107635 9
245076381 9
540763812 9
076381425 9
207638145 9
407638152 9
076381542 7
450763821 9
154076382 9
507638241 9
076382451 7
076382514 9
107638254 9
507638412 9
076384152 9
076384215 7
107638425 9
512076384 9
210763845 9
076385124 7
207638514 9
407638521 9
076385241 9
120763854 9
421076385 9
412358076 9
412385076 9
125380764 9
125830764 9
412835076 9
128530764 9
764132580 9
764132850 9
413528076 9
413582076 9
764138250 9
413852076 9
523807641 9
528307641 9
153280764 9
153820764 9
582307641 9
158320764 9
418235076 9
182530764 9
764183250 9
418352076 9
852307641 9
185320764 9
807642135 7
507642138 7
380764215 9
830764215 9
076421835 7
307642185 9
580764231 9
850764231 9
807642351 9
076423581 9
507642381 9
076423851 9
138076425 9
183076425 9
764253180 9
764253810 9
813076425 9
764258310 9
076428135 7
307642815 9
507642831 9
076428351 9
130764285 9
764285310 9
643125807 7
643128507 7
764315280 9
764315820 9
643182507 7
764318520 9
643215807 9
643218507 9
325180764 7
325810764 7
076432815 0
328510764 7
128076435 7
182076435 7
435218076 9
435281076 9
812076435 7
435821076 9
643812507 7
764381520 9
215076438 5
382510764 7
512076438 7
438521076 9
238076451 9
283076451 9
076451328 9
207645138 9
823076451 9
645183207 5
380764521 7
830764521 7
452318076 9
452381076 9
130764528 7
452831076 9
312807645 9
318207645 9
532180764 9
532810764 9
381207645 9
538210764 9
230764581 9
132076458 5
307645821 7
458231076 9
831207645 9
583210764 9
481235076 9
812530764 9
764813250 9
481352076 9
523076481 9
815320764 9
076482135 7
307648215 9
507648231 9
076482351 9
130764825 9
764825310 9
648312507 7
764831520 9
648321507 3
832510764 7
120764835 7
483521076 9
230764851 9
513207648 9
307648521 7
485231076 9
312076485 9
853210764 9
807651234 9
076512384 9
380765124 9
830765124 9
076512834 9
307651284 9
076513248 7
765132840 7
807651342 9
076513482 9
765138240 7
076513842 9
238076514 9
283076514 9
765143280 9
765143820 9
823076514 9
765148320 9
076518234 9
307651824 9
765183240 7
076518342 9
230765184 9
765184320 9
134807652 7
138407652 7
214380765 9
214830765 9
183407652 7
218430765 9
765231480 9
765231840 9
523418076 9
523481076 9
765238140 9
523841076 9
413807652 9
418307652 9
243180765 9
243810765 9
481307652 9
248310765 9
813407652 7
281430765 9
765283140 9
528341076 9
841307652 9
284310765 9
653124807 9
653128407 9
314280765 7
314820765 7
076531824 0
318420765 7
653214807 7
653218407 7
765324180 9
765324810 9
653281407 7
765328410 9
534128076 9
534182076 9
218076534 7
281076534 7
534812076 9
821076534 7
124076538 5
381420765 7
653821407 7
765382410 9
538412076 9
421076538 7
380765412 7
830765412 7
541328076 9
541382076 9
230765418 7
541832076 9
138076542 9
183076542 9
654231807 9
654238107 9
813076542 9
076542831 0
431280765 9
431820765 9
321807654 9
328107654 9
438120765 9
382107654 9
307654812 7
548132076 9
130765482 9
231076548 5
483120765 9
832107654 9
076581234 9
307658124 9
765813240 7
076581342 9
230765814 9
765814320 9
213407658 7
821430765 9
765823140 9
582341076 9
413076582 9
824310765 9
658312407 3
831420765 7
658321407 7
765832410 9
583412076 9
210765834 7
307658412 7
584132076 9
130765842 9
658423107 3
843120765 9
321076584 9
345076812 9
235407681 9
076812435 0
530768124 7
812534076 9
543076812 9
450768132 7
813254076 9
768134250 7
076813452 9
135240768 7
076813542 0
142350768 7
253076814 9
814325076 9
768143520 9
452307681 9
532076814 7
768152340 9
430768152 9
076815324 9
768153420 7
307681542 9
076815432 9
134507682 9
354076821 9
821435076 9
453076821 9
076821534 0
430768215 7
823145076 9
540768231 7
768234150 9
076823451 0
768235140 9
682354107 7
768241350 9
530768241 9
076824315 9
768243510 7
307682451 9
076824531 9
513407682 9
143076825 9
825314076 9
768253410 9
541307682 9
431076825 7
245076831 9
540768312 9
076831425 9
207683145 9
407683152 9
076831542 7
450768321 9
154076832 9
507683241 9
076832451 7
076832514 9
107683254 9
507683412 9
076834152 9
076834215 7
107683425 9
512076834 9
210768345 9
076835124 7
207683514 9
407683521 9
076835241 9
120768354 9
421076835 9
841235076 9
125307684 9
768413250 9
841352076 9
523076841 9
153207684 9
076842135 7
307684215 9
507684231 9
076842351 9
130768425 9
768425310 9
684312507 7
768431520 9
076843215 0
432510768 7
120768435 7
843521076 9
230768451 9
451320768 9
307684521 7
845231076 9
312076845 9
532107684 9
076851234 9
307685124 9
768513240 7
076851342 9
230768514 9
768514320 9
134076852 7
214307685 9
768523140 9
852341076 9
413076852 9
243107685 9
076853124 0
531420768 7
685321407 7
768532410 9
853412076 9
210768534 7
307685412 7
854132076 9
130768542 9
076854231 0
431207685 9
321076854 9
078123456 7
507812346 9
607812354 9
078123564 9
450781236 9
654078123 9
607812435 9
078124365 7
360781245 9
563078124 9
507812463 9
078124653 9
078125346 9
407812536 9
436078125 9
630781254 9
078125634 7
307812564 9
345078126 9
540781263 9
078126435 9
307812645 9
407812653 9
078126543 7
813245607 9
246507813 7
813254607 7
781325640 9
326450781 9
540781326 7
607813425 9
078134265 9
078134526 7
207813456 9
781346250 9
520781346 9
781352460 9
352640781 9
354260781 9
546207813 9
562407813 9
642078135 9
624507813 9
254078136 9
364250781 9
207813645 7
136524078 9
420781365 9
781423560 9
814236507 9
425360781 9
630781425 7
814263507 7
781426530 9
078143256 9
781432650 7
781435260 9
620781435 9
078143625 9
207814365 9
523607814 9
263078145 9
453260781 9
207814536 7
814562307 9
320781456 9
781462350 9
462530781 9
325078146 7
635207814 9
652307814 9
532078146 9
781523460 7
078152364 9
360781524 7
524630781 9
152634078 9
264307815 7
532460781 9
781532640 9
342607815 7
462078153 9
624078153 7
364207815 9
236078154 9
426307815 9
815432607 9
620781543 9
546230781 9
207815463 7
407815623 9
078156243 9
078156324 7
207815634 9
781564230 9
320781564 9
450781623 7
623540781 9
781624350 9
816245307 7
253407816 7
162543078 9
245078163 9
325407816 9
163425078 9
520781634 9
635240781 9
207816354 7
642350781 9
781642530 9
432507816 9
352078164 9
523078164 7
453207816 9
078165234 9
781652430 7
781653240 9
420781653 9
078165423 9
207816543 9
607821345 9
078213465 9
460782135 9
407821356 7
645078213 9
540782136 9
078214356 9
507821436 9
536078214 9
630782145 9
078214635 7
307821465 9
607821534 7
640782153 9
360782154 9
463078215 9
407821563 9
078215643 9
450782163 9
354078216 9
507821643 9
078216453 7
078216534 9
307821654 9
823145607 7
782314650 9
823154607 9
782315640 9
164507823 9
316540782 9
782341560 9
341650782 9
516078234 7
456107823 9
461507823 7
651078234 9
782351460 7
078235164 9
078235416 9
107823546 9
782356140 9
410782356 9
145078236 7
615407823 9
823641507 9
510782364 7
365140782 9
541078236 9
782413560 7
078241365 9
360782415 7
415630782 9
824163507 9
165307824 7
431560782 9
782431650 9
351607824 9
561078243 9
436150782 9
365107824 9
136078245 9
516307824 9
824531607 9
610782453 7
824561307 7
631078245 9
782461350 7
078246153 9
078246315 9
107824635 9
782465130 9
310782465 9
134607825 7
825136407 9
514360782 9
630782514 7
825163407 7
782516430 9
078253146 9
782531640 7
782534160 9
610782534 9
078253614 9
107825364 9
413607825 9
163078254 9
543160782 9
361078254 9
825461307 9
310782546 7
782561340 9
561430782 9
314078256 7
634107825 9
641307825 9
431078256 9
613450782 9
540782613 7
143507826 7
826145307 9
782615340 9
826154307 7
314507826 9
154078263 9
826341507 7
451078263 9
826351407 9
410782635 7
078264135 9
307826415 9
782643150 9
510782643 9
078264513 7
107826453 9
651340782 9
782651430 9
531407826 9
341078265 9
413078265 7
543107826 9
607831245 7
124650783 9
460783125 9
831256407 9
264507831 9
654078312 9
560783142 9
783142650 9
607831452 9
078314562 9
078314625 9
783146520 7
246078315 9
526407831 9
542607831 9
462078315 7
156240783 9
783156420 9
162450783 9
540783162 7
642507831 7
831645207 9
783165240 9
831654207 7
560783214 9
832146507 9
607832154 7
832156407 7
645078321 7
165407832 9
156078324 9
416507832 9
451607832 9
245610783 9
246150783 9
783246510 9
460783251 9
783251640 9
607832541 9
078325461 9
078325614 9
783256410 7
614507832 9
261540783 9
783264150 7
078326451 9
651407832 7
832654107 9
607834125 9
078341265 9
260783415 9
783415620 9
783416250 7
078341652 9
215607834 9
165078342 7
516078342 9
256107834 7
783426150 9
426510783 9
126078345 9
451620783 9
160783452 7
834526107 9
561207834 9
621078345 7
834612507 9
783461520 9
834621507 7
783462510 9
465120783 9
652107834 9
124607835 9
264078351 7
426078351 9
146207835 9
783516240 9
516420783 9
607835214 9
078352164 7
160783524 9
783524610 9
407835261 9
078352641 9
260783541 7
354162078 9
216078354 9
835426107 7
612078354 9
462107835 9
835612407 7
783561420 9
835621407 9
624107835 7
120783564 7
564210783 9
450783612 9
254078361 9
507836142 7
520783614 9
078361524 9
207836154 9
145078362 9
540783621 9
078362415 9
107836245 9
407836251 7
410783625 9
250783641 9
207836415 7
507836421 9
078364251 9
120783645 9
521078364 9
407836512 9
078365142 9
140783652 9
107836524 7
412078365 9
210783654 9
841235607 7
365078412 9
253607841 9
563078412 9
350784126 7
841265307 9
784132560 9
650784132 9
078413526 9
207841356 9
507841362 9
078413652 7
152360784 9
630784152 7
532607841 7
841536207 9
784156230 7
078415632 9
235078416 9
625307841 9
632507841 9
352078416 7
165230784 9
784165320 9
842135607 9
650784213 7
536078421 9
156307842 9
635078421 9
216530784 9
315607842 7
165078423 9
235160784 9
784235610 9
361507842 9
651078423 7
360784251 7
251630784 9
784253160 9
842536107 7
784256130 9
842563107 9
350784261 9
784261530 9
507842631 9
078426351 9
078426513 9
784265310 7
078431256 9
507843126 9
784315260 7
078431562 9
250784316 9
784316520 9
321560784 9
216507843 9
784325160 9
325610784 9
615078432 9
265107843 9
843512607 9
516207843 7
078435216 9
784352610 7
356120784 9
562107843 9
507843612 7
843615207 7
150784362 9
843625107 9
651207843 9
521078436 7
360784512 9
263078451 9
607845132 9
078451362 7
078451623 9
207845163 9
136078452 9
630784521 9
078452316 9
107845236 9
307845261 7
310784526 9
078453126 7
207845316 9
607845321 9
078453261 9
120784536 9
621078453 9
307845612 9
078456132 9
130784562 9
107845623 7
312078456 9
210784563 9
123507846 9
253078461 7
325078461 9
135207846 9
784615230 9
615320784 9
507846213 9
078462153 9
150784623 9
784623510 9
784625130 7
078462531 9
250784631 9
846315207 9
507846321 7
632510784 9
512078463 9
352107846 9
846512307 7
784651320 9
846521307 9
523107846 7
120784653 7
653210784 9
851234607 9
640785123 9
436078512 9
246307851 9
407851263 7
126430785 9
324607851 9
264078513 9
134260785 9
785134620 9
362407851 9
642078513 7
360785142 7
142630785 9
785143260 9
851436207 7
462307851 7
851463207 9
340785162 9
785162430 9
407851632 9
078516342 9
078516423 9
785164320 7
213460785 9
407852136 7
143607852 9
463078521 9
340785216 9
852164307 9
785231460 9
640785231 9
078523416 9
107852346 9
407852361 9
078523641 7
241360785 9
630785241 7
431607852 7
852436107 9
785246130 9
852463107 7
134078526 9
614307852 9
631407852 9
263410785 9
264130785 9
785264310 9
246078531 7
126407853 9
785314260 9
314620785 9
624078531 9
164207853 9
078532146 9
407853216 9
785324160 7
078532461 9
140785326 9
785326410 9
853412607 7
785341620 9
853421607 9
785342610 9
120785346 7
346210785 9
240785361 9
853614207 9
407853621 7
362410785 9
412078536 9
642107853 9
236078541 9
630785412 9
078541326 9
207854136 9
307854162 9
078541632 7
360785421 9
163078542 9
607854231 9
078542361 7
078542613 9
107854263 9
607854312 9
078543162 9
078543216 7
107854326 9
612078543 9
210785436 9
078546123 7
207854613 9
307854621 9
078546231 9
120785463 9
321078546 9
407856123 9
078561243 9
240785613 9
785613420 9
785614230 7
078561432 9
213407856 9
143078562 7
314078562 9
234107856 7
785624130 9
624310785 9
407856312 7
631420785 9
140785632 9
856324107 9
341207856 9
421078563 9
856412307 9
413207856 7
078564213 9
785642310 7
643120785 9
210785643 7
345078612 9
235407861 9
861243507 9
530786124 7
125340786 9
543078612 9
450786132 7
132540786 9
786134250 7
078613452 9
352407861 7
861354207 9
423507861 7
253078614 9
143250786 9
786143520 9
452307861 9
532078614 7
786152340 9
430786152 9
078615324 9
786153420 7
307861542 9
078615432 9
134507862 9
354078621 9
214350786 9
453078621 9
862153407 9
430786215 7
231450786 9
540786231 7
786234150 9
862345107 9
786235140 9
862354107 7
786241350 9
530786241 9
078624315 9
786243510 7
307862451 9
078624531 9
513407862 9
143078625 9
253140786 9
786253410 9
541307862 9
431078625 7
245078631 9
540786312 9
078631425 9
207863145 9
407863152 9
078631542 7
450786321 9
154078632 9
507863241 9
078632451 7
078632514 9
107863254 9
507863412 9
078634152 9
078634215 7
107863425 9
512078634 9
210786345 9
078635124 7
207863514 9
407863521 9
078635241 9
120786354 9
421078635 9
412350786 9
125307864 9
786413250 9
413520786 9
523078641 9
153207864 9
078642135 7
307864215 9
507864231 9
078642351 9
130786425 9
786425310 9
864312507 7
786431520 9
864321507 9
325107864 7
120786435 7
435210786 9
230786451 9
645132078 9
307864521 7
452310786 9
312078645 9
532107864 9
078651234 9
307865124 9
786513240 7
078651342 9
230786514 9
786514320 9
134078652 7
214307865 9
786523140 9
523410786 9
413078652 9
243107865 9
865312407 9
314207865 7
865321407 7
786532410 9
534120786 9
210786534 7
307865412 7
541320786 9
130786542 9
865423107 9
431207865 9
321078654 9
708123456 7
608123457 7
570812346 9
750812346 9
081234756 7
508123476 9
670812354 9
760812354 9
708123564 9
081235674 9
608123574 9
081235764 9
457081236 9
475081236 9
654708123 9
657408123 9
745081236 9
675408123 9
081237456 7
508123746 9
608123754 9
081237564 9
450812376 9
765408123 9
670812435 9
760812435 9
708124365 7
508124367 7
608124375 9
081243765 7
367081245 9
376081245 9
563708124 9
567308124 9
736081245 9
576308124 9
570812463 9
750812463 9
708124653 9
081246573 9
508124673 9
081246753 9
608124735 9
081247365 7
360812475 9
756308124 9
508124763 9
081247653 9
708125346 9
081253476 9
470812536 9
740812536 9
081253746 9
408125376 9
436708125 9
437608125 9
637081254 9
673081254 9
473608125 9
763081254 9
708125634 7
408125637 7
370812564 9
730812564 9
081256734 7
308125674 9
081257346 9
408125736 9
743608125 9
630812574 9
081257634 7
308125764 9
345708126 9
347508126 9
547081263 9
574081263 9
374508126 9
754081263 9
708126435 9
081264375 9
370812645 9
730812645 9
081264735 9
308126475 9
470812653 9
740812653 9
708126543 7
308126547 7
408126573 9
081265743 7
734508126 9
540812673 9
081267435 9
308126745 9
408126753 9
081267543 7
081273456 7
508127346 9
608127354 9
081273564 9
450812736 9
654081273 9
608127435 9
081274365 7
360812745 9
563081274 9
508127463 9
081274653 9
081275346 9
408127536 9
436081275 9
630812754 9
081275634 7
308127564 9
345081276 9
540812763 9
081276435 9
308127645 9
408127653 9
081276543 7
081324567 9
608132457 9
246570813 7
246750813 7
560813247 9
247650813 7
132546708 7
132547608 7
813256470 9
813256740 9
132574608 7
813257640 9
326457081 9
326475081 9
547081326 7
574081326 7
326745081 9
754081326 7
456081327 9
274650813 7
132754608 7
813275640 9
327645081 9
654081327 7
670813425 9
760813425 9
708134265 9
081342675 9
608134275 9
081342765 9
708134526 7
608134527 7
270813456 9
720813456 9
081345726 7
208134576 9
813462570 9
813462750 9
527081346 9
572081346 9
813467250 9
752081346 9
608134725 9
081347265 9
081347526 7
208134756 9
813476250 9
520813476 9
813524670 9
813524760 9
352647081 9
352674081 9
813527460 9
352764081 9
354267081 9
354276081 9
546270813 9
546720813 9
354726081 9
547620813 9
562470813 9
562740813 9
642708135 9
647208135 9
567240813 9
674208135 9
813572460 9
357264081 9
357426081 9
574620813 9
576240813 9
764208135 9
624570813 9
624750813 9
254708136 9
257408136 9
627450813 9
275408136 9
364257081 9
364275081 9
270813645 7
720813645 7
364725081 9
520813647 7
136524708 9
081365274 0
427081365 9
472081365 9
081365724 0
742081365 9
672450813 9
725408136 9
367425081 9
208136745 7
081367524 0
420813675 9
137245608 3
724650813 7
137254608 7
813725640 9
372645081 9
540813726 7
608137425 9
081374265 9
081374526 7
208137456 9
813746250 9
520813746 9
813752460 9
375264081 9
375426081 9
754620813 9
756240813 9
642081375 9
762450813 9
254081376 9
376425081 9
208137645 7
081376524 0
420813765 9
814235670 9
814235760 9
081423657 9
508142367 9
814237560 9
650814237 9
425367081 9
425376081 9
637081425 7
673081425 7
425736081 9
763081425 7
142635708 7
142637508 7
814265370 9
814265730 9
142673508 7
814267530 9
814273560 9
365081427 9
427536081 9
563081427 7
142763508 7
814276530 9
708143256 9
081432576 9
081432657 7
814326750 7
081432756 9
814327650 7
814352670 9
814352760 9
627081435 9
672081435 9
814357260 9
762081435 9
708143625 9
081436275 9
270814365 9
720814365 9
081436725 9
208143675 9
081437256 9
814372650 7
814375260 9
620814375 9
081437625 9
208143765 9
523670814 9
523760814 9
263708145 9
267308145 9
527360814 9
276308145 9
453267081 9
453276081 9
270814536 7
720814536 7
453726081 9
620814537 7
081456237 9
308145627 9
327081456 9
372081456 9
230814567 9
732081456 9
572360814 9
726308145 9
457326081 9
208145736 7
623081457 9
320814576 9
814623570 9
814623750 9
462537081 9
462573081 9
814627350 9
462753081 9
325708146 7
327508146 7
635270814 9
635720814 9
372508146 7
637520814 9
652370814 9
652730814 9
532708146 9
537208146 9
657230814 9
573208146 9
814672350 9
467253081 9
732508146 7
673520814 9
675230814 9
753208146 9
814723560 9
147236508 3
472536081 9
630814725 7
147263508 7
814726530 9
081473256 9
814732650 7
814735260 9
620814735 9
081473625 9
208147365 9
752360814 9
263081475 9
475326081 9
208147536 7
147562308 3
320814756 9
814762350 9
476253081 9
632508147 7
763520814 9
765230814 9
532081476 9
081523467 7
815234760 7
708152364 9
081523674 9
815237460 7
081523764 9
367081524 7
376081524 7
524637081 9
524673081 9
736081524 7
524763081 9
152634708 9
081526374 0
264370815 7
264730815 7
152673408 9
267430815 7
815273460 7
081527364 9
436081527 7
527463081 9
634081527 5
276430815 7
532467081 9
532476081 9
815326470 9
815326740 9
532746081 9
815327640 9
342670815 7
342760815 7
462708153 9
467208153 9
347260815 7
476208153 9
624708153 7
627408153 7
364270815 9
364720815 9
672408153 7
367420815 9
537246081 9
815372640 9
374260815 7
746208153 9
762408153 7
376420815 9
236708154 9
237608154 9
426370815 9
426730815 9
273608154 9
427630815 9
081543267 9
608154327 9
627081543 9
672081543 9
260815437 9
762081543 9
546237081 9
546273081 9
270815463 7
720815463 7
546723081 9
320815467 7
723608154 9
472630815 9
326081547 9
620815473 9
547623081 9
208154763 7
470815623 9
740815623 9
708156243 9
081562473 9
408156273 9
081562743 9
708156324 7
408156327 7
270815634 9
720815634 9
081563724 7
208156374 9
815642370 9
815642730 9
327081564 9
372081564 9
815647230 9
732081564 9
408156723 9
081567243 9
081567324 7
208156734 9
815674230 9
320815674 9
815723460 7
081572364 9
360815724 7
572463081 9
157263408 3
726430815 7
573246081 9
815732640 9
734260815 7
462081573 9
362408157 7
736420815 9
236081574 9
742630815 9
157432608 3
620815743 9
574623081 9
208157463 7
408157623 9
081576243 9
081576324 7
208157634 9
815764230 9
320815764 9
457081623 7
475081623 7
623547081 9
623574081 9
745081623 7
623754081 9
816243570 9
816243750 9
162453708 7
162457308 7
816247350 9
162475308 7
253470816 7
253740816 7
162543708 9
162547308 9
257340816 7
081625743 0
345081627 7
627354081 9
816274350 9
162745308 7
275340816 7
081627543 0
245708163 9
247508163 9
325470816 9
325740816 9
274508163 9
327540816 9
081634257 2
508163427 9
527081634 9
572081634 9
250816347 9
752081634 9
635247081 9
635274081 9
270816354 7
720816354 7
635724081 9
420816357 7
724508163 9
372540816 9
425081637 9
520816374 9
637524081 9
208163754 7
642357081 9
642375081 9
816425370 9
816425730 9
642735081 9
816427530 9
432570816 9
432750816 9
352708164 9
357208164 9
437250816 9
375208164 9
523708164 7
527308164 7
453270816 9
453720816 9
572308164 7
457320816 9
647235081 9
816472530 9
473250816 9
735208164 9
752308164 7
475320816 9
708165234 9
081652374 9
081652437 7
816524730 7
081652734 9
816527430 7
816532470 9
816532740 9
427081653 9
472081653 9
816537240 9
742081653 9
708165423 9
081654273 9
270816543 9
720816543 9
081654723 9
208165473 9
081657234 9
816572430 7
816573240 9
420816573 9
081657423 9
208165743 9
450816723 7
672354081 9
816724350 9
167245308 7
725340816 7
081672543 0
245081673 9
732540816 9
250816734 7
520816734 9
673524081 9
208167354 7
674235081 9
816742530 9
743250816 2
352081674 9
452308167 7
745320816 9
081675234 9
816752430 7
816753240 9
420816753 9
081675423 9
208167543 9
081723456 7
508172346 9
608172354 9
081723564 9
450817236 9
654081723 9
608172435 9
081724365 7
360817245 9
563081724 9
508172463 9
081724653 9
081725346 9
408172536 9
436081725 9
630817254 9
081725634 7
308172564 9
345081726 9
540817263 9
081726435 9
308172645 9
408172653 9
081726543 7
324560817 7
324650817 7
173254608 7
817325640 9
732645081 9
540817326 7
608173425 9
081734265 9
081734526 7
208173456 9
817346250 9
520817346 9
817352460 9
735264081 9
735426081 9
546208173 9
562408173 9
642081735 9
624508173 9
254081736 9
736425081 9
208173645 7
081736524 0
420817365 9
817423560 9
423650817 7
742536081 9
630817425 7
174263508 7
817426530 9
081743256 9
817432650 7
817435260 9
620817435 9
081743625 9
208174365 9
523608174 9
263081745 9
745326081 9
208174536 7
456230817 7
320817456 9
817462350 9
746253081 9
325081746 7
635208174 9
652308174 9
532081746 9
817523460 7
081752364 9
360817524 7
752463081 9
081752634 0
526430817 7
753246081 9
817532640 9
534260817 7
462081753 9
624081753 7
364208175 9
236081754 9
426308175 9
543260817 7
620817543 9
754623081 9
208175463 7
408175623 9
081756243 9
081756324 7
208175634 9
817564230 9
320817564 9
450817623 7
762354081 9
817624350 9
176245308 7
625340817 7
081762543 0
245081763 9
325408176 9
176342508 4
520817634 9
763524081 9
208176354 7
764235081 9
817642530 9
250817643 7
352081764 9
523081764 7
453208176 9
081765234 9
817652430 7
817653240 9
420817653 9
081765423 9
208176543 9
670821345 9
760821345 9
708213465 9
082134675 9
608213475 9
082134765 9
467082135 9
476082135 9
470821356 7
740821356 7
746082135 9
640821357 7
645708213 9
647508213 9
547082136 9
574082136 9
674508213 9
754082136 9
608213745 9
082137465 9
460821375 9
408213756 7
764508213 9
540821376 9
708214356 9
082143576 9
570821436 9
750821436 9
082143756 9
508214376 9
536708214 9
537608214 9
637082145 9
673082145 9
573608214 9
763082145 9
708214635 7
508214637 7
370821465 9
730821465 9
082146735 7
308214675 9
082147356 9
508214736 9
753608214 9
630821475 9
082147635 7
308214765 9
670821534 7
760821534 7
647082153 9
674082153 9
460821537 7
764082153 9
367082154 9
376082154 9
463708215 9
467308215 9
736082154 9
476308215 9
470821563 9
740821563 9
708215643 9
082156473 9
408215673 9
082156743 9
608215734 7
640821573 9
360821574 9
746308215 9
408215763 9
082157643 9
457082163 9
475082163 9
354708216 9
357408216 9
745082163 9
375408216 9
570821643 9
750821643 9
708216453 7
308216457 7
508216473 9
082164753 7
708216534 9
082165374 9
370821654 9
730821654 9
082165734 9
308216574 9
450821673 9
735408216 9
508216743 9
082167453 7
082167534 9
308216754 9
608217345 9
082173465 9
460821735 9
408217356 7
645082173 9
540821736 9
082174356 9
508217436 9
536082174 9
630821745 9
082174635 7
308217465 9
608217534 7
640821753 9
360821754 9
463082175 9
408217563 9
082175643 9
450821763 9
354082176 9
508217643 9
082176453 7
082176534 9
308217654 9
231456708 7
231457608 7
823146570 9
823146750 9
231475608 7
823147650 9
082315467 9
608231547 9
823156470 9
823156740 9
460823157 9
823157640 9
164570823 9
164750823 9
316547082 9
316574082 9
167450823 9
316754082 9
231745608 7
823174650 9
546082317 9
823175640 9
176450823 9
317654082 9
823415670 9
823415760 9
341657082 9
341675082 9
823417560 9
341765082 9
516708234 7
517608234 7
456170823 9
456710823 9
571608234 7
457610823 9
461570823 7
461750823 7
651708234 9
657108234 9
467150823 7
675108234 9
823471560 9
347165082 9
751608234 7
475610823 9
476150823 7
765108234 9
082351467 7
823514760 7
708235164 9
082351674 9
823517460 7
082351764 9
708235416 9
082354176 9
170823546 9
710823546 9
082354716 9
108235476 9
823561470 9
823561740 9
417082356 9
471082356 9
823567140 9
741082356 9
823571460 7
082357164 9
082357416 9
108235746 9
823576140 9
410823576 9
145708236 7
147508236 7
615470823 9
615740823 9
174508236 7
617540823 9
082364157 9
508236417 9
517082364 7
571082364 7
150823647 9
751082364 7
365147082 9
365174082 9
541708236 9
547108236 9
365714082 9
574108236 9
714508236 7
671540823 9
415082367 9
451082367 7
367514082 9
754108236 9
237145608 7
823714650 9
237154608 3
823715640 9
716450823 9
371654082 9
823741560 9
374165082 9
451608237 7
745610823 9
746150823 7
651082374 9
823751460 7
082375164 9
082375416 9
108237546 9
823756140 9
410823756 9
614508237 7
761540823 9
237641508 3
510823764 7
376514082 9
541082376 9
082413567 7
824135760 7
708241365 9
082413675 9
824137560 7
082413765 9
367082415 7
376082415 7
415637082 9
415673082 9
736082415 7
415763082 9
082416357 9
508241637 9
165370824 7
165730824 7
350824167 9
167530824 7
824173560 7
082417365 9
536082417 7
417563082 9
635082417 9
176530824 7
431567082 9
431576082 9
824316570 9
824316750 9
431756082 9
824317650 9
351670824 9
351760824 9
561708243 9
567108243 9
357160824 9
576108243 9
436157082 9
436175082 9
365170824 9
365710824 9
436715082 9
367510824 9
437156082 9
824371650 9
375160824 9
756108243 9
437615082 9
376510824 9
136708245 9
137608245 9
516370824 9
516730824 9
173608245 9
517630824 9
082453167 9
608245317 9
617082453 7
671082453 7
160824537 9
761082453 7
245613708 7
245617308 7
631708245 9
637108245 9
245671308 7
673108245 9
713608245 9
571630824 9
316082457 9
361082457 7
245761308 7
763108245 9
082461357 7
824613750 7
708246153 9
082461573 9
824617350 7
082461753 9
708246315 9
082463175 9
170824635 9
710824635 9
082463715 9
108246375 9
824651370 9
824651730 9
317082465 9
371082465 9
824657130 9
731082465 9
824671350 7
082467153 9
082467315 9
108246735 9
824675130 9
310824675 9
824713560 7
082471365 9
360824715 7
471563082 9
247163508 3
716530824 7
473156082 9
824731650 9
735160824 9
561082473 9
473615082 9
736510824 9
136082475 9
751630824 9
247531608 3
610824753 7
247561308 7
631082475 9
824761350 7
082476153 9
082476315 9
108247635 9
824765130 9
310824765 9
134670825 7
134760825 7
082513647 9
408251367 9
137460825 7
251376408 5
514367082 9
514376082 9
637082514 7
673082514 7
514736082 9
763082514 7
251634708 7
251637408 7
825164370 9
825164730 9
251673408 7
825167430 9
173460825 7
364082517 5
517436082 9
463082517 7
251763408 7
825176430 9
708253146 9
082531476 9
082531647 7
825316740 7
082531746 9
825317640 7
825341670 9
825341760 9
617082534 9
671082534 9
825347160 9
761082534 9
708253614 9
082536174 9
170825364 9
710825364 9
082536714 9
108253674 9
082537146 9
825371640 7
825374160 9
610825374 9
082537614 9
108253764 9
413670825 9
413760825 9
163708254 9
167308254 9
417360825 9
176308254 9
543167082 9
543176082 9
361708254 9
367108254 9
543716082 9
376108254 9
082546137 9
308254617 9
317082546 7
371082546 7
130825467 9
731082546 7
471360825 9
716308254 9
547316082 9
736108254 9
613082547 9
631082547 7
825613470 9
825613740 9
561437082 9
561473082 9
825617340 9
561743082 9
314708256 7
317408256 7
634170825 9
634710825 9
371408256 7
637410825 9
641370825 9
641730825 9
431708256 9
437108256 9
647130825 9
473108256 9
825671340 9
567143082 9
731408256 7
673410825 9
674130825 9
743108256 9
713460825 7
136408257 9
571436082 9
630825714 7
257163408 7
825716430 9
082573146 9
825731640 7
825734160 9
610825734 9
082573614 9
108257364 9
741360825 9
163082574 9
574316082 9
361082574 9
257461308 3
310825746 7
825761340 9
576143082 9
631408257 7
763410825 9
764130825 9
431082576 9
613457082 9
613475082 9
547082613 7
574082613 7
613745082 9
754082613 7
143570826 7
143750826 7
082614537 9
308261457 9
147350826 7
530826147 9
826153470 9
826153740 9
261543708 7
261547308 7
826157340 9
261574308 7
617345082 9
354082617 7
174350826 7
453082617 9
826175340 9
261754308 7
314570826 9
314750826 9
154708263 9
157408263 9
317450826 9
175408263 9
263415708 7
263417508 7
451708263 9
457108263 9
263471508 7
475108263 9
082635147 9
408263517 9
417082635 7
471082635 7
140826357 9
741082635 7
371450826 9
715408263 9
263741508 7
745108263 9
514082637 9
541082637 7
708264135 9
082641375 9
370826415 9
730826415 9
082641735 9
308264175 9
826431570 9
826431750 9
517082643 9
571082643 9
826437150 9
751082643 9
708264513 7
308264517 7
170826453 9
710826453 9
082645713 7
108264573 9
082647135 9
308264715 9
826473150 9
510826473 9
082647513 7
108264753 9
651347082 9
651374082 9
826514370 9
826514730 9
651734082 9
826517430 9
531470826 9
531740826 9
341708265 9
347108265 9
537140826 9
374108265 9
413708265 7
417308265 7
543170826 9
543710826 9
471308265 7
547310826 9
657134082 9
826571430 9
573140826 9
734108265 9
741308265 7
574310826 9
671345082 9
540826713 7
714350826 7
267145308 3
826715340 9
267154308 7
731450826 9
154082673 9
267341508 7
451082673 9
267351408 3
410826735 7
082674135 9
308267415 9
826743150 9
510826743 9
082674513 7
108267453 9
675134082 9
826751430 9
753140826 9
341082675 9
541308267 7
754310826 9
608271345 9
082713465 9
460827135 9
408271356 7
645082713 9
540827136 9
082714356 9
508271436 9
536082714 9
630827145 9
082714635 7
308271465 9
608271534 7
640827153 9
360827154 9
463082715 9
408271563 9
082715643 9
450827163 9
354082716 9
508271643 9
082716453 7
082716534 9
308271654 9
273145608 7
827314650 9
315460827 7
827315640 9
164508273 9
731654082 9
827341560 9
734165082 9
516082734 7
456108273 9
346150827 7
651082734 9
827351460 7
082735164 9
082735416 9
108273546 9
827356140 9
410827356 9
145082736 7
615408273 9
364150827 7
510827364 7
736514082 9
541082736 9
827413560 7
082741365 9
360827415 7
741563082 9
416350827 7
416530827 7
743156082 9
827431650 9
351608274 9
561082743 9
743615082 9
365108274 9
136082745 9
516308274 9
453160827 7
610827453 7
274561308 7
631082745 9
827461350 7
082746153 9
082746315 9
108274635 9
827465130 9
310827465 9
513460827 7
513640827 9
751436082 9
630827514 7
275163408 7
827516430 9
082753146 9
827531640 7
827534160 9
610827534 9
082753614 9
108275364 9
413608275 9
163082754 9
754316082 9
361082754 9
546130827 7
310827546 7
827561340 9
756143082 9
314082756 7
634108275 9
641308275 9
431082756 9
761345082 9
540827613 7
614350827 7
614530827 7
827615340 9
276154308 7
314508276 9
154082763 9
276341508 7
451082763 9
635140827 7
410827635 7
082764135 9
308276415 9
827643150 9
510827643 9
082764513 7
108276453 9
765134082 9
827651430 9
531408276 9
341082765 9
413082765 7
543108276 9
670831245 7
760831245 7
124657083 9
124675083 9
560831247 7
124765083 9
467083125 9
476083125 9
083125647 9
408312567 9
746083125 9
640831257 9
264570831 9
264750831 9
654708312 9
657408312 9
267450831 9
675408312 9
608312745 7
127465083 9
460831275 9
564083127 9
276450831 9
765408312 9
567083142 9
576083142 9
831426570 9
831426750 9
756083142 9
831427650 9
670831452 9
760831452 9
708314562 9
083145672 9
608314572 9
083145762 9
708314625 9
083146275 9
083146527 7
831465720 7
083146725 9
831467520 7
560831472 9
831472650 9
608314752 9
083147562 9
083147625 9
831476520 7
246708315 9
247608315 9
526470831 9
526740831 9
274608315 9
527640831 9
542670831 9
542760831 9
462708315 7
467208315 7
547260831 9
476208315 7
156247083 9
156274083 9
831564270 9
831564720 9
156724083 9
831567420 9
724608315 9
572640831 9
574260831 9
746208315 7
157624083 9
831576420 9
162457083 9
162475083 9
547083162 7
574083162 7
162745083 9
754083162 7
642570831 7
642750831 7
083164527 9
208316457 9
647250831 7
520831647 9
831652470 9
831652740 9
316542708 7
316547208 7
831657240 9
316574208 7
167245083 9
254083167 7
674250831 7
452083167 9
831675240 9
316754208 7
608317245 7
172465083 9
460831725 9
317256408 3
726450831 9
654083172 9
560831742 9
831742650 9
608317452 9
083174562 9
083174625 9
831746520 7
246083175 9
752640831 9
754260831 9
546208317 7
175624083 9
831756420 9
176245083 9
540831762 7
764250831 7
317645208 3
831765240 9
317654208 7
567083214 9
576083214 9
083214657 9
508321467 9
756083214 9
650832147 9
670832154 7
760832154 7
321564708 7
321567408 7
460832157 7
321576408 7
645708321 7
647508321 7
165470832 9
165740832 9
674508321 7
167540832 9
560832174 9
465083217 9
608321754 7
321756408 7
764508321 7
176540832 9
156708324 9
157608324 9
416570832 9
416750832 9
175608324 9
417650832 9
451670832 9
451760832 9
245617083 9
832456710 2
457160832 9
245761083 9
246157083 9
246175083 9
832465170 9
832465710 9
246715083 9
832467510 9
715608324 9
471650832 9
475160832 9
247561083 9
247615083 9
832476510 9
467083251 9
476083251 9
832516470 9
832516740 9
746083251 9
832517640 9
670832541 9
760832541 9
708325461 9
083254671 9
608325471 9
083254761 9
708325614 9
083256174 9
083256417 7
832564710 7
083256714 9
832567410 7
460832571 9
832571640 9
608325741 9
083257461 9
083257614 9
832576410 7
614570832 9
614750832 9
261547083 9
261574083 9
617450832 9
261754083 9
083264157 7
832641750 7
708326451 9
083264571 9
832647150 7
083264751 9
651470832 7
651740832 7
083265417 9
108326547 9
657140832 7
410832657 9
671450832 9
267154083 9
832674150 7
083267451 9
675140832 7
541083267 9
560832714 9
327146508 3
608327154 7
327156408 7
164508327 7
716540832 9
156083274 9
741650832 9
745160832 9
274561083 9
274615083 9
832746510 9
460832751 9
832751640 9
608327541 9
083275461 9
083275614 9
832756410 7
761450832 9
276154083 9
832764150 7
083276451 9
765140832 7
327654108 3
670834125 9
760834125 9
708341265 9
083412675 9
608341275 9
083412765 9
267083415 9
276083415 9
834156270 9
834156720 9
726083415 9
834157620 9
083416257 7
834162750 7
708341652 9
083416572 9
834167250 7
083416752 9
608341725 9
083417265 9
260834175 9
834175620 9
834176250 7
083417652 9
215670834 9
215760834 9
165708342 7
167508342 7
217560834 9
176508342 7
516708342 9
517608342 9
256170834 7
256710834 7
571608342 9
257610834 7
834261570 9
834261750 9
426517083 9
426571083 9
834267150 9
426751083 9
271560834 9
716508342 7
751608342 9
275610834 7
834276150 9
427651083 9
126708345 9
127608345 9
451627083 9
451672083 9
172608345 9
451762083 9
167083452 7
176083452 7
083452617 9
108345267 9
716083452 7
610834527 9
561270834 9
561720834 9
621708345 7
627108345 7
567120834 9
672108345 7
712608345 9
457162083 9
216083457 7
261083457 9
576120834 9
762108345 7
083461257 9
508346127 9
834615270 9
834615720 9
250834617 9
834617520 9
346215708 7
346217508 7
834625170 9
834625710 9
346271508 7
834627510 9
465127083 9
465172083 9
652170834 9
652710834 9
465712083 9
657210834 9
125083467 9
834671520 9
346721508 7
834672510 9
467512083 9
675210834 9
608347125 9
083471265 9
260834715 9
834715620 9
834716250 7
083471652 9
721560834 9
216508347 7
516083472 9
725610834 7
834726150 9
472651083 9
126083475 9
475162083 9
160834752 7
347526108 3
756120834 9
562108347 7
347612508 3
834761520 9
347621508 7
834762510 9
476512083 9
765210834 9
124670835 9
124760835 9
264708351 7
267408351 7
127460835 9
276408351 7
426708351 9
427608351 9
146270835 9
146720835 9
472608351 9
147620835 9
835162470 9
835162740 9
516427083 9
516472083 9
835167240 9
516742083 9
172460835 9
726408351 7
742608351 9
174620835 9
835176240 9
517642083 9
670835214 9
760835214 9
708352164 7
408352167 7
608352174 9
083521764 7
167083524 9
176083524 9
835246170 9
835246710 9
716083524 9
835247610 9
470835261 9
740835261 9
708352641 9
083526471 9
408352671 9
083526741 9
608352714 9
083527164 7
160835274 9
835274610 9
408352761 9
083527641 9
267083541 7
276083541 7
354162708 9
083541672 0
726083541 7
354176208 9
216708354 9
217608354 9
354261708 7
354267108 7
271608354 9
354276108 7
612708354 9
617208354 9
462170835 9
462710835 9
671208354 9
467210835 9
126083547 7
162083547 5
721608354 9
354726108 7
761208354 9
476210835 9
356124708 7
356127408 7
835614270 9
835614720 9
356172408 7
835617420 9
083562147 9
408356217 9
624170835 7
624710835 7
140835627 9
627410835 7
127083564 7
172083564 7
564217083 9
564271083 9
712083564 7
564721083 9
356712408 7
835671420 9
214083567 9
672410835 7
412083567 7
567421083 9
712460835 9
126408357 7
426083571 9
714620835 9
835716240 9
571642083 9
608357214 9
083572164 7
160835724 9
835724610 9
408357261 9
083572641 9
260835741 7
357416208 3
216083574 9
357426108 7
612083574 9
746210835 9
357612408 7
835761420 9
357621408 3
762410835 7
120835764 7
576421083 9
457083612 9
475083612 9
254708361 9
257408361 9
745083612 9
275408361 9
570836142 7
750836142 7
527083614 9
572083614 9
250836147 7
752083614 9
708361524 9
083615274 9
270836154 9
720836154 9
083615724 9
208361574 9
450836172 9
725408361 9
508361742 7
520836174 9
083617524 9
208361754 9
145708362 9
147508362 9
547083621 9
574083621 9
174508362 9
754083621 9
708362415 9
083624175 9
170836245 9
710836245 9
083624715 9
108362475 9
470836251 7
740836251 7
417083625 9
471083625 9
140836257 7
741083625 9
714508362 9
540836271 9
083627415 9
108362745 9
408362751 7
410836275 9
257083641 9
275083641 9
270836415 7
720836415 7
725083641 9
520836417 7
570836421 9
750836421 9
708364251 9
083642571 9
508364271 9
083642751 9
127083645 9
172083645 9
521708364 9
527108364 9
712083645 9
572108364 9
250836471 9
208364715 7
508364721 9
083647251 9
120836475 9
752108364 9
470836512 9
740836512 9
708365142 9
083651472 9
408365172 9
083651742 9
147083652 9
174083652 9
170836524 7
710836524 7
714083652 9
410836527 7
412708365 9
417208365 9
217083654 9
271083654 9
471208365 9
721083654 9
408365712 9
083657142 9
140836572 9
108365724 7
741208365 9
210836574 9
450836712 9
254083671 9
508367142 7
520836714 9
083671524 9
208367154 9
145083672 9
540836721 9
083672415 9
108367245 9
408367251 7
410836725 9
250836741 9
208367415 7
508367421 9
083674251 9
120836745 9
521083674 9
408367512 9
083675142 9
140836752 9
108367524 7
412083675 9
210836754 9
608371245 7
712465083 9
460837125 9
125640837 7
264508371 9
654083712 9
560837142 9
837142650 9
608371452 9
083714562 9
083714625 9
837146520 7
246083715 9
526408371 9
542608371 9
462083715 7
715624083 9
837156420 9
716245083 9
540837162 7
164250837 7
164520837 7
837165240 9
371654208 7
560837214 9
214650837 7
608372154 7
372156408 7
645083721 7
165408372 9
156083724 9
416508372 9
451608372 9
724561083 9
724615083 9
837246510 9
460837251 9
837251640 9
608372541 9
083725461 9
083725614 9
837256410 7
614508372 9
726154083 9
837264150 7
083726451 9
265140837 7
265410837 7
608374125 9
083741265 9
260837415 9
837415620 9
837416250 7
083741652 9
215608374 9
165083742 7
516083742 9
425610837 7
837426150 9
742651083 9
126083745 9
745162083 9
160837452 7
452610837 7
561208374 9
621083745 7
461250837 7
837461520 9
374621508 7
837462510 9
746512083 9
652108374 9
124608375 9
264083751 7
426083751 9
146208375 9
837516240 9
751642083 9
608375214 9
083752164 7
160837524 9
837524610 9
408375261 9
083752641 9
260837541 7
083754162 0
216083754 9
375426108 7
612083754 9
462108375 9
375612408 7
837561420 9
562140837 7
562410837 7
120837564 7
756421083 9
450837612 9
254083761 9
508376142 7
520837614 9
083761524 9
208376154 9
145083762 9
540837621 9
083762415 9
108376245 9
408376251 7
410837625 9
250837641 9
208376415 7
508376421 9
083764251 9
120837645 9
521083764 9
408376512 9
083765142 9
140837652 9
108376524 7
412083765 9
210837654 9
412356708 7
412357608 7
365708412 9
367508412 9
412375608 7
376508412 9
253670841 9
253760841 9
563708412 9
567308412 9
257360841 9
576308412 9
357084126 7
375084126 7
084126537 9
308412657 9
735084126 7
530841267 9
412735608 7
736508412 9
275360841 9
756308412 9
635084127 7
653084127 9
841325670 9
841325760 9
657084132 9
675084132 9
841327560 9
765084132 9
708413526 9
084135276 9
270841356 9
720841356 9
084135726 9
208413576 9
570841362 9
750841362 9
708413652 7
208413657 7
508413672 9
084136752 7
841372560 9
650841372 9
084137526 9
208413756 9
508413762 9
084137652 7
152367084 9
152376084 9
637084152 7
673084152 7
152736084 9
763084152 7
532670841 7
532760841 7
084153627 9
208415367 9
537260841 7
620841537 9
084156237 7
841562730 7
708415632 9
084156372 9
841567230 7
084156732 9
157236084 9
263084157 7
573260841 7
362084157 9
841576230 7
084157632 9
235708416 9
237508416 9
625370841 9
625730841 9
273508416 9
627530841 9
632570841 9
632750841 9
352708416 7
357208416 7
637250841 9
375208416 7
165237084 9
165273084 9
841653270 9
841653720 9
165723084 9
841657320 9
723508416 9
672530841 9
673250841 9
735208416 7
167523084 9
841675320 9
417235608 7
365084172 9
725360841 9
563084172 9
350841726 7
417265308 3
841732560 9
650841732 9
084173526 9
208417356 9
508417362 9
084173652 7
175236084 9
630841752 7
753260841 7
417536208 3
841756230 7
084175632 9
235084176 9
762530841 9
763250841 9
635208417 7
176523084 9
841765320 9
084213567 9
608421357 9
657084213 7
675084213 7
560842137 9
765084213 7
536708421 9
537608421 9
156370842 9
156730842 9
573608421 9
157630842 9
635708421 9
637508421 9
216537084 9
216573084 9
673508421 9
216753084 9
356084217 9
365084217 7
753608421 9
175630842 9
763508421 9
217653084 9
315670842 7
315760842 7
165708423 9
167508423 9
317560842 7
176508423 9
235167084 9
235176084 9
842356170 9
842356710 9
235716084 9
842357610 9
361570842 9
361750842 9
651708423 7
657108423 7
367150842 9
675108423 7
371560842 7
716508423 9
237516084 9
842375610 9
376150842 9
765108423 7
367084251 7
376084251 7
251637084 9
251673084 9
736084251 7
251763084 9
842531670 9
842531760 9
425361708 7
425367108 7
842537160 9
425376108 7
842561370 9
842561730 9
084256317 9
108425637 9
842567130 9
310842567 9
136084257 7
257163084 9
842573160 9
425736108 7
842576130 9
631084257 9
357084261 9
375084261 9
842615370 9
842615730 9
735084261 9
842617530 9
570842631 9
750842631 9
708426351 9
084263571 9
508426371 9
084263751 9
708426513 9
084265173 9
084265317 7
842653710 7
084265713 9
842657310 7
350842671 9
842671530 9
508426731 9
084267351 9
084267513 9
842675310 7
427135608 3
650842713 7
536084271 9
715630842 9
635084271 9
271653084 9
731560842 7
165084273 9
273516084 9
842735610 9
736150842 9
365108427 7
360842751 7
275163084 9
842753160 9
427536108 7
842756130 9
427563108 3
350842761 9
842761530 9
508427631 9
084276351 9
084276513 9
842765310 7
708431256 9
084312576 9
570843126 9
750843126 9
084312756 9
508431276 9
084315267 7
843152760 7
708431562 9
084315672 9
843157260 7
084315762 9
257084316 9
275084316 9
843165270 9
843165720 9
725084316 9
843167520 9
084317256 9
508431726 9
843175260 7
084317562 9
250843176 9
843176520 9
321567084 9
321576084 9
216570843 9
216750843 9
321756084 9
217650843 9
843251670 9
843251760 9
325617084 9
325671084 9
843257160 9
325761084 9
615708432 9
617508432 9
265170843 9
265710843 9
671508432 9
267510843 9
327156084 9
271650843 9
843275160 9
327561084 9
761508432 9
276510843 9
084351267 9
608435127 9
516270843 7
516720843 7
260843517 9
517620843 7
708435216 9
084352176 9
084352617 7
843526710 7
084352716 9
843527610 7
356127084 9
356172084 9
562170843 9
562710843 9
356712084 9
567210843 9
126084357 9
571620843 7
084357216 9
843572610 7
357612084 9
576210843 9
570843612 7
750843612 7
436152708 7
436157208 7
250843617 7
436175208 7
157084362 9
175084362 9
084362517 9
108436257 9
715084362 9
510843627 9
651270843 9
651720843 9
521708436 7
527108436 7
657120843 9
572108436 7
508436712 7
436715208 7
150843672 9
251084367 9
675120843 9
752108436 7
084371256 9
508437126 9
843715260 7
084371562 9
250843716 9
843716520 9
372156084 9
721650843 9
843725160 9
372561084 9
615084372 9
726510843 9
437512608 3
751620843 7
084375216 9
843752610 7
375612084 9
756210843 9
508437612 7
437615208 7
150843762 9
437625108 3
765120843 9
652108437 7
367084512 9
376084512 9
263708451 9
267308451 9
736084512 9
276308451 9
670845132 9
760845132 9
708451362 7
208451367 7
608451372 9
084513762 7
708451623 9
084516273 9
270845163 9
720845163 9
084516723 9
208451673 9
360845172 9
726308451 9
608451732 9
084517362 7
084517623 9
208451763 9
136708452 9
137608452 9
637084521 9
673084521 9
173608452 9
763084521 9
708452316 9
084523176 9
170845236 9
710845236 9
084523716 9
108452376 9
370845261 7
730845261 7
317084526 9
371084526 9
130845267 7
731084526 9
713608452 9
630845271 9
084527316 9
108452736 9
308452761 7
310845276 9
708453126 7
608453127 7
270845316 9
720845316 9
084531726 7
208453176 9
670845321 9
760845321 9
708453261 9
084532671 9
608453271 9
084532761 9
127084536 9
172084536 9
621708453 9
627108453 9
712084536 9
672108453 9
084537126 7
208453716 9
608453721 9
084537261 9
120845376 9
762108453 9
370845612 9
730845612 9
708456132 9
084561372 9
308456172 9
084561732 9
137084562 9
173084562 9
170845623 7
710845623 7
713084562 9
310845627 7
312708456 9
317208456 9
217084563 9
271084563 9
371208456 9
721084563 9
308456712 9
084567132 9
130845672 9
108456723 7
731208456 9
210845673 9
360845712 9
263084571 9
608457132 9
084571362 7
084571623 9
208457163 9
136084572 9
630845721 9
084572316 9
108457236 9
308457261 7
310845726 9
084573126 7
208457316 9
608457321 9
084573261 9
120845736 9
621084573 9
308457612 9
084576132 9
130845762 9
108457623 7
312084576 9
210845763 9
123570846 9
123750846 9
253708461 7
257308461 7
127350846 9
275308461 7
325708461 9
327508461 9
135270846 9
135720846 9
372508461 9
137520846 9
846152370 9
846152730 9
615327084 9
615372084 9
846157230 9
615732084 9
172350846 9
725308461 7
732508461 9
173520846 9
846175230 9
617532084 9
570846213 9
750846213 9
708462153 9
084621573 9
508462173 9
084621753 9
157084623 9
175084623 9
846235170 9
846235710 9
715084623 9
846237510 9
084625137 7
846251730 7
708462531 9
084625371 9
846257130 7
084625731 9
508462713 9
084627153 9
150846273 9
846273510 9
846275130 7
084627531 9
257084631 9
275084631 9
463152708 7
463157208 9
725084631 9
520846317 3
570846321 7
750846321 7
632517084 9
632571084 9
150846327 7
632751084 9
512708463 9
517208463 9
352170846 9
352710846 9
571208463 9
357210846 9
250846371 9
152084637 9
508463721 7
637251084 9
751208463 9
375210846 9
465123708 7
465127308 7
846513270 9
846513720 9
465172308 7
846517320 9
084652137 9
308465217 9
523170846 7
523710846 7
130846527 9
527310846 7
127084653 7
172084653 7
653217084 9
653271084 9
712084653 7
653721084 9
465712308 7
846571320 9
213084657 9
572310846 7
312084657 7
657321084 9
712350846 9
125308467 7
325084671 9
713520846 9
846715230 9
671532084 9
508467213 9
084672153 9
150846723 9
846723510 9
846725130 7
084672531 9
250846731 9
315208467 9
508467321 7
673251084 9
512084673 9
735210846 9
467512308 7
846751320 9
467521308 3
752310846 7
120846753 7
675321084 9
471235608 7
365084712 9
253608471 9
563084712 9
350847126 7
126530847 7
847132560 9
650847132 9
084713526 9
208471356 9
508471362 9
084713652 7
715236084 9
630847152 7
153260847 7
153620847 7
847156230 7
084715632 9
235084716 9
625308471 9
632508471 9
352084716 7
716523084 9
847165320 9
213560847 7
650847213 7
536084721 9
156308472 9
635084721 9
721653084 9
231560847 7
165084723 9
723516084 9
847235610 9
361508472 9
651084723 7
360847251 7
725163084 9
847253160 9
472536108 7
847256130 9
256310847 7
350847261 9
847261530 9
508472631 9
084726351 9
084726513 9
847265310 7
084731256 9
508473126 9
847315260 7
084731562 9
250847316 9
847316520 9
732156084 9
216508473 9
847325160 9
732561084 9
615084732 9
265108473 9
351260847 7
351620847 7
084735216 9
847352610 7
735612084 9
562108473 9
508473612 7
473615208 7
150847362 9
362510847 7
651208473 9
521084736 7
360847512 9
263084751 9
608475132 9
084751362 7
084751623 9
208475163 9
136084752 9
630847521 9
084752316 9
108475236 9
308475261 7
310847526 9
084753126 7
208475316 9
608475321 9
084753261 9
120847536 9
621084753 9
308475612 9
084756132 9
130847562 9
108475623 7
312084756 9
210847563 9
123508476 9
253084761 7
325084761 9
135208476 9
847615230 9
761532084 9
508476213 9
084762153 9
150847623 9
847623510 9
847625130 7
084762531 9
250847631 9
631520847 9
508476321 7
763251084 9
512084763 9
352108476 9
476512308 7
847651320 9
652130847 7
652310847 7
120847653 7
765321084 9
085123467 9
608512347 9
647085123 9
674085123 9
460851237 9
764085123 9
436708512 9
437608512 9
246370851 9
246730851 9
473608512 9
247630851 9
470851263 7
740851263 7
126437085 9
126473085 9
340851267 7
126743085 9
346085127 9
640851273 9
743608512 9
274630851 9
408512763 7
127643085 9
324670851 9
324760851 9
264708513 9
267408513 9
327460851 9
276408513 9
134267085 9
134276085 9
851346270 9
851346720 9
134726085 9
851347620 9
362470851 9
362740851 9
642708513 7
647208513 7
367240851 9
674208513 7
372460851 9
726408513 9
137426085 9
851374620 9
376240851 9
764208513 7
367085142 7
376085142 7
142637085 9
142673085 9
736085142 7
142763085 9
851432670 9
851432760 9
514362708 7
514367208 7
851437260 9
514376208 7
462370851 7
462730851 7
085146327 9
208514637 9
467230851 7
320851467 9
236085147 7
147263085 9
851473260 9
514736208 7
476230851 7
632085147 9
347085162 9
374085162 9
851624370 9
851624730 9
734085162 9
851627430 9
470851632 9
740851632 9
708516342 9
085163472 9
408516372 9
085163742 9
708516423 9
085164273 9
085164327 7
851643720 7
085164723 9
851647320 7
340851672 9
851672430 9
408516732 9
085167342 9
085167423 9
851674320 7
517234608 3
640851723 9
436085172 9
724630851 9
408517263 7
172643085 9
732460851 9
264085173 9
173426085 9
851734620 9
736240851 9
364208517 7
360851742 7
174263085 9
851743260 9
517436208 7
746230851 7
517463208 3
340851762 9
851762430 9
408517632 9
085176342 9
085176423 9
851764320 7
213467085 9
213476085 9
470852136 7
740852136 7
213746085 9
640852137 7
143670852 9
143760852 9
463708521 9
467308521 9
147360852 9
476308521 9
347085216 9
374085216 9
085216437 9
308521647 9
734085216 9
430852167 9
217346085 9
408521736 7
174360852 9
746308521 9
340852176 9
643085217 9
852314670 9
852314760 9
647085231 9
674085231 9
852317460 9
764085231 9
708523416 9
085234176 9
170852346 9
710852346 9
085234716 9
108523476 9
470852361 9
740852361 9
708523641 7
108523647 7
408523671 9
085236741 7
852371460 9
640852371 9
085237416 9
108523746 9
408523761 9
085237641 7
241367085 9
241376085 9
637085241 7
673085241 7
241736085 9
763085241 7
431670852 7
431760852 7
085243617 9
108524367 9
437160852 7
610852437 9
852461370 9
852461730 9
524631708 7
524637108 7
852467130 9
524673108 7
247136085 9
163085247 7
473160852 7
361085247 9
852476130 9
524763108 7
134708526 9
137408526 9
614370852 9
614730852 9
173408526 9
617430852 9
631470852 9
631740852 9
263417085 9
263471085 9
637140852 9
263741085 9
264137085 9
264173085 9
852643170 9
852643710 9
264713085 9
852647310 9
713408526 9
671430852 9
673140852 9
267341085 9
267413085 9
852674310 9
271346085 9
408527136 7
714360852 9
463085271 9
340852716 9
527164308 3
852731460 9
640852731 9
085273416 9
108527346 9
408527361 9
085273641 7
274136085 9
630852741 7
743160852 7
527436108 3
852746130 9
527463108 7
134085276 9
761430852 9
763140852 9
276341085 9
276413085 9
852764310 9
246708531 7
247608531 7
126470853 9
126740853 9
274608531 7
127640853 9
853142670 9
853142760 9
314627085 9
314672085 9
853147260 9
314762085 9
624708531 9
627408531 9
164270853 9
164720853 9
672408531 9
167420853 9
724608531 7
172640853 9
853174260 9
317462085 9
762408531 9
176420853 9
708532146 9
085321476 9
470853216 9
740853216 9
085321746 9
408532176 9
085324167 7
853241760 7
708532461 9
085324671 9
853247160 7
085324761 9
147085326 9
174085326 9
853264170 9
853264710 9
714085326 9
853267410 9
085327146 9
408532716 9
853274160 7
085327461 9
140853276 9
853276410 9
534126708 7
534127608 7
853416270 9
853416720 9
534172608 7
853417620 9
085342167 9
608534217 9
853426170 9
853426710 9
160853427 9
853427610 9
127085346 7
172085346 7
346217085 9
346271085 9
712085346 7
346721085 9
534712608 7
853471620 9
216085347 9
853472610 9
612085347 7
347621085 9
247085361 9
274085361 9
536142708 7
208536147 3
724085361 9
420853617 9
470853621 7
740853621 7
362417085 9
362471085 9
140853627 7
362741085 9
412708536 9
417208536 9
642170853 9
642710853 9
471208536 9
647210853 9
240853671 9
142085367 9
408536721 7
367241085 9
741208536 9
674210853 9
124608537 7
712640853 9
853714260 9
371462085 9
624085371 9
716420853 9
085372146 9
408537216 9
853724160 7
085372461 9
140853726 9
853726410 9
537412608 7
853741620 9
537421608 3
853742610 9
120853746 7
374621085 9
240853761 9
614208537 9
408537621 7
376241085 9
412085376 9
764210853 9
236708541 9
237608541 9
637085412 9
673085412 9
273608541 9
763085412 9
708541326 9
085413276 9
270854136 9
720854136 9
085413726 9
208541376 9
370854162 9
730854162 9
708541632 7
208541637 7
308541672 9
085416732 7
723608541 9
630854172 9
085417326 9
208541736 9
308541762 9
085417632 7
367085421 9
376085421 9
163708542 9
167308542 9
736085421 9
176308542 9
670854231 9
760854231 9
708542361 7
108542367 7
608542371 9
085423761 7
708542613 9
085426173 9
170854263 9
710854263 9
085426713 9
108542673 9
360854271 9
716308542 9
608542731 9
085427361 7
085427613 9
108542763 9
670854312 9
760854312 9
708543162 9
085431672 9
608543172 9
085431762 9
708543216 7
608543217 7
170854326 9
710854326 9
085432716 7
108543276 9
612708543 9
617208543 9
217085436 9
271085436 9
671208543 9
721085436 9
608543712 9
085437162 9
085437216 7
108543726 9
761208543 9
210854376 9
708546123 7
308546127 7
270854613 9
720854613 9
085461723 7
208546173 9
370854621 9
730854621 9
708546231 9
085462371 9
308546271 9
085462731 9
127085463 9
172085463 9
321708546 9
327108546 9
712085463 9
372108546 9
085467123 7
208546713 9
308546721 9
085467231 9
120854673 9
732108546 9
236085471 9
630854712 9
085471326 9
208547136 9
308547162 9
085471632 7
360854721 9
163085472 9
608547231 9
085472361 7
085472613 9
108547263 9
608547312 9
085473162 9
085473216 7
108547326 9
612085473 9
210854736 9
085476123 7
208547613 9
308547621 9
085476231 9
120854763 9
321085476 9
470856123 9
740856123 9
708561243 9
085612473 9
408561273 9
085612743 9
247085613 9
274085613 9
856134270 9
856134720 9
724085613 9
856137420 9
085614237 7
856142730 7
708561432 9
085614372 9
856147230 7
085614732 9
408561723 9
085617243 9
240856173 9
856173420 9
856174230 7
085617432 9
213470856 9
213740856 9
143708562 7
147308562 7
217340856 9
174308562 7
314708562 9
317408562 9
234170856 7
234710856 7
371408562 9
237410856 7
856241370 9
856241730 9
624317085 9
624371085 9
856247130 9
624731085 9
271340856 9
714308562 7
731408562 9
273410856 7
856274130 9
627431085 9
470856312 7
740856312 7
631427085 9
631472085 9
240856317 7
631742085 9
147085632 9
174085632 9
085632417 9
108563247 9
714085632 9
410856327 9
341270856 9
341720856 9
421708563 9
427108563 9
347120856 9
472108563 9
408563712 7
637142085 9
140856372 9
241085637 9
374120856 9
742108563 9
085641237 9
308564127 9
413270856 7
413720856 7
230856417 9
417320856 7
708564213 9
085642173 9
085642317 7
856423710 7
085642713 9
856427310 7
643127085 9
643172085 9
217085643 7
271085643 7
643712085 9
721085643 7
123085647 9
471320856 7
085647213 9
856472310 7
647312085 9
321085647 7
408567123 9
085671243 9
240856713 9
856713420 9
856714230 7
085671432 9
721340856 9
214308567 7
314085672 9
723410856 7
856724130 9
672431085 9
408567312 7
673142085 9
140856732 9
567324108 3
734120856 9
421085673 9
567412308 3
741320856 7
085674213 9
856742310 7
674312085 9
210856743 7
123460857 7
640857123 9
436085712 9
246308571 9
408571263 7
712643085 9
324608571 9
264085713 9
713426085 9
857134620 9
362408571 9
642085713 7
360857142 7
714263085 9
857143260 9
571436208 7
146230857 7
146320857 7
340857162 9
857162430 9
408571632 9
085716342 9
085716423 9
857164320 7
721346085 9
408572136 7
143608572 9
463085721 9
340857216 9
216430857 7
857231460 9
640857231 9
085723416 9
108572346 9
408572361 9
085723641 7
724136085 9
630857241 7
243160857 7
243610857 7
857246130 9
572463108 7
134085726 9
614308572 9
631408572 9
726341085 9
726413085 9
857264310 9
246085731 7
126408573 9
857314260 9
731462085 9
624085731 9
164208573 9
085732146 9
408573216 9
857324160 7
085732461 9
140857326 9
857326410 9
573412608 7
857341620 9
342160857 7
857342610 9
120857346 7
734621085 9
240857361 9
361420857 9
408573621 7
736241085 9
412085736 9
642108573 9
236085741 9
630857412 9
085741326 9
208574136 9
308574162 9
085741632 7
360857421 9
163085742 9
608574231 9
085742361 7
085742613 9
108574263 9
608574312 9
085743162 9
085743216 7
108574326 9
612085743 9
210857436 9
085746123 7
208574613 9
308574621 9
085746231 9
120857463 9
321085746 9
408576123 9
085761243 9
240857613 9
857613420 9
857614230 7
085761432 9
213408576 9
143085762 7
314085762 9
623410857 7
857624130 9
762431085 9
408576312 7
763142085 9
140857632 9
632410857 7
341208576 9
421085763 9
641230857 7
641320857 7
085764213 9
857642310 7
764312085 9
210857643 7
345708612 9
347508612 9
235470861 9
235740861 9
374508612 9
237540861 9
086124357 9
508612437 9
537086124 7
573086124 7
350861247 9
753086124 7
125347086 9
125374086 9
543708612 9
547308612 9
125734086 9
574308612 9
734508612 9
273540861 9
435086127 9
453086127 7
127534086 9
754308612 9
457086132 7
475086132 7
132547086 9
132574086 9
745086132 7
132754086 9
086134257 7
861342750 7
708613452 9
086134572 9
861347250 7
086134752 9
352470861 7
352740861 7
086135427 9
208613547 9
357240861 7
420861357 9
245086137 7
137254086 9
861374250 7
086137452 9
375240861 7
542086137 9
423570861 7
423750861 7
253708614 9
257308614 9
427350861 7
275308614 9
143257086 9
143275086 9
861435270 9
861435720 9
143725086 9
861437520 9
452370861 9
452730861 9
532708614 7
537208614 7
457230861 9
573208614 7
472350861 7
725308614 9
147325086 9
861473520 9
475230861 9
753208614 7
861523470 9
861523740 9
437086152 9
473086152 9
861527340 9
743086152 9
708615324 9
086153274 9
086153427 7
861534720 7
086153724 9
861537420 7
370861542 9
730861542 9
708615432 9
086154372 9
308615472 9
086154732 9
861572340 9
430861572 9
086157324 9
861573420 7
308615742 9
086157432 9
345086172 9
723540861 9
617243508 3
530861724 7
172534086 9
543086172 9
450861732 7
173254086 9
861734250 7
086173452 9
735240861 7
617354208 3
742350861 7
253086174 9
174325086 9
861743520 9
745230861 9
453208617 7
861752340 9
430861752 9
086175324 9
861753420 7
308617542 9
086175432 9
134570862 9
134750862 9
354708621 9
357408621 9
137450862 9
375408621 9
214357086 9
214375086 9
453708621 9
457308621 9
214735086 9
475308621 9
086215347 9
408621537 9
437086215 7
473086215 7
340862157 9
743086215 7
173450862 9
735408621 9
217435086 9
745308621 9
534086217 9
543086217 7
231457086 9
231475086 9
547086231 7
574086231 7
231745086 9
754086231 7
862341570 9
862341750 9
086234517 9
108623457 9
862347150 9
510862347 9
862351470 9
862351740 9
623541708 7
623547108 7
862357140 9
623574108 7
237145086 9
154086237 7
862374150 9
451086237 9
862375140 9
623754108 7
862413570 9
862413750 9
537086241 9
573086241 9
862417350 9
753086241 9
708624315 9
086243175 9
086243517 7
862435710 7
086243715 9
862437510 7
370862451 9
730862451 9
708624531 9
086245371 9
308624571 9
086245731 9
862471350 9
530862471 9
086247315 9
862473510 7
308624751 9
086247531 9
513470862 9
513740862 9
143708625 9
147308625 9
517340862 9
174308625 9
253147086 9
253174086 9
862534170 9
862534710 9
253714086 9
862537410 9
541370862 9
541730862 9
431708625 7
437108625 7
547130862 9
473108625 7
571340862 9
714308625 9
257314086 9
862573410 9
574130862 9
743108625 7
713450862 9
354086271 9
271435086 9
453086271 9
627153408 3
430862715 7
273145086 9
540862731 7
862734150 9
627345108 3
862735140 9
627354108 7
862741350 9
530862741 9
086274315 9
862743510 7
308627451 9
086274531 9
751340862 9
143086275 9
275314086 9
862753410 9
754130862 9
543108627 7
245708631 9
247508631 9
547086312 9
574086312 9
274508631 9
754086312 9
708631425 9
086314275 9
270863145 9
720863145 9
086314725 9
208631475 9
470863152 9
740863152 9
708631542 7
208631547 7
408631572 9
086315742 7
724508631 9
540863172 9
086317425 9
208631745 9
408631752 9
086317542 7
457086321 9
475086321 9
154708632 9
157408632 9
745086321 9
175408632 9
570863241 9
750863241 9
708632451 7
108632457 7
508632471 9
086324751 7
708632514 9
086325174 9
170863254 9
710863254 9
086325714 9
108632574 9
450863271 9
715408632 9
508632741 9
086327451 7
086327514 9
108632754 9
570863412 9
750863412 9
708634152 9
086341572 9
508634172 9
086341752 9
708634215 7
508634217 7
170863425 9
710863425 9
086342715 7
108634275 9
512708634 9
517208634 9
217086345 9
271086345 9
571208634 9
721086345 9
508634712 9
086347152 9
086347215 7
108634725 9
751208634 9
210863475 9
708635124 7
408635127 7
270863514 9
720863514 9
086351724 7
208635174 9
470863521 9
740863521 9
708635241 9
086352471 9
408635271 9
086352741 9
127086354 9
172086354 9
421708635 9
427108635 9
712086354 9
472108635 9
086357124 7
208635714 9
408635721 9
086357241 9
120863574 9
742108635 9
245086371 9
540863712 9
086371425 9
208637145 9
408637152 9
086371542 7
450863721 9
154086372 9
508637241 9
086372451 7
086372514 9
108637254 9
508637412 9
086374152 9
086374215 7
108637425 9
512086374 9
210863745 9
086375124 7
208637514 9
408637521 9
086375241 9
120863754 9
421086375 9
412357086 9
412375086 9
125370864 9
125730864 9
412735086 9
127530864 9
864132570 9
864132750 9
413527086 9
413572086 9
864137250 9
413752086 9
523708641 9
527308641 9
153270864 9
153720864 9
572308641 9
157320864 9
417235086 9
172530864 9
864173250 9
417352086 9
752308641 9
175320864 9
708642135 7
508642137 7
370864215 9
730864215 9
086421735 7
308642175 9
570864231 9
750864231 9
708642351 9
086423571 9
508642371 9
086423751 9
137086425 9
173086425 9
864253170 9
864253710 9
713086425 9
864257310 9
086427135 7
308642715 9
508642731 9
086427351 9
130864275 9
864275310 9
643125708 7
643127508 7
864315270 9
864315720 9
643172508 7
864317520 9
086432157 9
508643217 9
325170864 7
325710864 7
150864327 9
327510864 7
127086435 7
172086435 7
435217086 9
435271086 9
712086435 7
435721086 9
643712508 7
864371520 9
215086437 9
372510864 7
512086437 7
437521086 9
237086451 9
273086451 9
645132708 9
086451372 0
723086451 9
086451732 0
370864521 7
730864521 7
452317086 9
452371086 9
130864527 7
452731086 9
312708645 9
317208645 9
532170864 9
532710864 9
371208645 9
537210864 9
230864571 9
086457132 0
308645721 7
457231086 9
731208645 9
573210864 9
471235086 9
712530864 9
864713250 9
471352086 9
523086471 9
715320864 9
086472135 7
308647215 9
508647231 9
086472351 9
130864725 9
864725310 9
647312508 7
864731520 9
647321508 3
732510864 7
120864735 7
473521086 9
230864751 9
086475132 0
308647521 7
475231086 9
312086475 9
753210864 9
708651234 9
086512374 9
370865124 9
730865124 9
086512734 9
308651274 9
086513247 7
865132740 7
708651342 9
086513472 9
865137240 7
086513742 9
237086514 9
273086514 9
865143270 9
865143720 9
723086514 9
865147320 9
086517234 9
308651724 9
865173240 7
086517342 9
230865174 9
865174320 9
134708652 7
137408652 7
214370865 9
214730865 9
173408652 7
217430865 9
865231470 9
865231740 9
523417086 9
523471086 9
865237140 9
523741086 9
413708652 9
417308652 9
243170865 9
243710865 9
471308652 9
247310865 9
713408652 7
271430865 9
865273140 9
527341086 9
741308652 9
274310865 9
086531247 9
408653127 9
314270865 7
314720865 7
240865317 9
317420865 7
653214708 7
653217408 7
865324170 9
865324710 9
653271408 7
865327410 9
534127086 9
534172086 9
217086534 7
271086534 7
534712086 9
721086534 7
124086537 9
371420865 7
653721408 7
865372410 9
537412086 9
421086537 7
370865412 7
730865412 7
541327086 9
541372086 9
230865417 7
541732086 9
137086542 9
173086542 9
086542317 9
108654237 9
713086542 9
310865427 9
431270865 9
431720865 9
321708654 9
327108654 9
437120865 9
372108654 9
308654712 7
547132086 9
130865472 9
231086547 9
473120865 9
732108654 9
086571234 9
308657124 9
865713240 7
086571342 9
230865714 9
865714320 9
213408657 7
721430865 9
865723140 9
572341086 9
413086572 9
724310865 9
657312408 3
731420865 7
657321408 7
865732410 9
573412086 9
210865734 7
308657412 7
574132086 9
130865742 9
657423108 3
743120865 9
321086574 9
345086712 9
235408671 9
124350867 7
530867124 7
712534086 9
543086712 9
450867132 7
713254086 9
867134250 7
086713452 9
135240867 7
135420867 7
142350867 7
253086714 9
714325086 9
867143520 9
452308671 9
532086714 7
867152340 9
430867152 9
086715324 9
867153420 7
308671542 9
086715432 9
134508672 9
354086721 9
721435086 9
453086721 9
215340867 7
430867215 7
723145086 9
540867231 7
867234150 9
234510867 7
867235140 9
672354108 7
867241350 9
530867241 9
086724315 9
867243510 7
308672451 9
086724531 9
513408672 9
143086725 9
725314086 9
867253410 9
541308672 9
431086725 7
245086731 9
540867312 9
086731425 9
208673145 9
408673152 9
086731542 7
450867321 9
154086732 9
508673241 9
086732451 7
086732514 9
108673254 9
508673412 9
086734152 9
086734215 7
108673425 9
512086734 9
210867345 9
086735124 7
208673514 9
408673521 9
086735241 9
120867354 9
421086735 9
741235086 9
125308674 9
867413250 9
741352086 9
523086741 9
153208674 9
086742135 7
308674215 9
508674231 9
086742351 9
130867425 9
867425310 9
674312508 7
867431520 9
432150867 7
432510867 7
120867435 7
743521086 9
230867451 9
674513208 9
308674521 7
745231086 9
312086745 9
532108674 9
086751234 9
308675124 9
867513240 7
086751342 9
230867514 9
867514320 9
134086752 7
214308675 9
867523140 9
752341086 9
413086752 9
243108675 9
531240867 7
531420867 7
675321408 7
867532410 9
753412086 9
210867534 7
308675412 7
754132086 9
130867542 9
542310867 7
431208675 9
321086754 9
087123456 7
508712346 9
608712354 9
087123564 9
450871236 9
654087123 9
608712435 9
087124365 7
360871245 9
563087124 9
508712463 9
087124653 9
087125346 9
408712536 9
436087125 9
630871254 9
087125634 7
308712564 9
345087126 9
540871263 9
087126435 9
308712645 9
408712653 9
087126543 7
132456087 9
246508713 7
713254608 7
871325640 9
326450871 9
540871326 7
608713425 9
087134265 9
087134526 7
208713456 9
871346250 9
520871346 9
871352460 9
352640871 9
354260871 9
546208713 9
562408713 9
642087135 9
624508713 9
254087136 9
364250871 9
208713645 7
713652408 9
420871365 9
871423560 9
142365087 9
425360871 9
630871425 7
714263508 7
871426530 9
087143256 9
871432650 7
871435260 9
620871435 9
087143625 9
208714365 9
523608714 9
263087145 9
453260871 9
208714536 7
145623087 9
320871456 9
871462350 9
462530871 9
325087146 7
635208714 9
652308714 9
532087146 9
871523460 7
087152364 9
360871524 7
524630871 9
715263408 9
264308715 7
532460871 9
871532640 9
342608715 7
462087153 9
624087153 7
364208715 9
236087154 9
426308715 9
154326087 9
620871543 9
546230871 9
208715463 7
408715623 9
087156243 9
087156324 7
208715634 9
871564230 9
320871564 9
450871623 7
623540871 9
871624350 9
716245308 7
253408716 7
716254308 9
245087163 9
325408716 9
716342508 9
520871634 9
635240871 9
208716354 7
642350871 9
871642530 9
432508716 9
352087164 9
523087164 7
453208716 9
087165234 9
871652430 7
871653240 9
420871653 9
087165423 9
208716543 9
608721345 9
087213465 9
460872135 9
408721356 7
645087213 9
540872136 9
087214356 9
508721436 9
536087214 9
630872145 9
087214635 7
308721465 9
608721534 7
640872153 9
360872154 9
463087215 9
408721563 9
087215643 9
450872163 9
354087216 9
508721643 9
087216453 7
087216534 9
308721654 9
723145608 7
872314650 9
231546087 9
872315640 9
164508723 9
316540872 9
872341560 9
341650872 9
516087234 7
456108723 9
461508723 7
651087234 9
872351460 7
087235164 9
087235416 9
108723546 9
872356140 9
410872356 9
145087236 7
615408723 9
236415087 9
510872364 7
365140872 9
541087236 9
872413560 7
087241365 9
360872415 7
415630872 9
241635087 9
165308724 7
431560872 9
872431650 9
351608724 9
561087243 9
436150872 9
365108724 9
136087245 9
516308724 9
245316087 9
610872453 7
724561308 7
631087245 9
872461350 7
087246153 9
087246315 9
108724635 9
872465130 9
310872465 9
134608725 7
251364087 9
514360872 9
630872514 7
725163408 7
872516430 9
087253146 9
872531640 7
872534160 9
610872534 9
087253614 9
108725364 9
413608725 9
163087254 9
543160872 9
361087254 9
254613087 9
310872546 7
872561340 9
561430872 9
314087256 7
634108725 9
641308725 9
431087256 9
613450872 9
540872613 7
143508726 7
261453087 9
872615340 9
726154308 7
314508726 9
154087263 9
726341508 7
451087263 9
263514087 9
410872635 7
087264135 9
308726415 9
872643150 9
510872643 9
087264513 7
108726453 9
651340872 9
872651430 9
531408726 9
341087265 9
413087265 7
543108726 9
608731245 7
124650873 9
460873125 9
312564087 9
264508731 9
654087312 9
560873142 9
873142650 9
608731452 9
087314562 9
087314625 9
873146520 7
246087315 9
526408731 9
542608731 9
462087315 7
156240873 9
873156420 9
162450873 9
540873162 7
642508731 7
316452087 9
873165240 9
731654208 7
560873214 9
321465087 9
608732154 7
732156408 7
645087321 7
165408732 9
156087324 9
416508732 9
451608732 9
245610873 9
246150873 9
873246510 9
460873251 9
873251640 9
608732541 9
087325461 9
087325614 9
873256410 7
614508732 9
261540873 9
873264150 7
087326451 9
651408732 7
326541087 9
608734125 9
087341265 9
260873415 9
873415620 9
873416250 7
087341652 9
215608734 9
165087342 7
516087342 9
256108734 7
873426150 9
426510873 9
126087345 9
451620873 9
160873452 7
345261087 9
561208734 9
621087345 7
346125087 9
873461520 9
734621508 7
873462510 9
465120873 9
652108734 9
124608735 9
264087351 7
426087351 9
146208735 9
873516240 9
516420873 9
608735214 9
087352164 7
160873524 9
873524610 9
408735261 9
087352641 9
260873541 7
735416208 9
216087354 9
735426108 7
612087354 9
462108735 9
735612408 7
873561420 9
356214087 9
624108735 7
120873564 7
564210873 9
450873612 9
254087361 9
508736142 7
520873614 9
087361524 9
208736154 9
145087362 9
540873621 9
087362415 9
108736245 9
408736251 7
410873625 9
250873641 9
208736415 7
508736421 9
087364251 9
120873645 9
521087364 9
408736512 9
087365142 9
140873652 9
108736524 7
412087365 9
210873654 9
741235608 7
365087412 9
253608741 9
563087412 9
350874126 7
412653087 9
874132560 9
650874132 9
087413526 9
208741356 9
508741362 9
087413652 7
152360874 9
630874152 7
532608741 7
415362087 9
874156230 7
087415632 9
235087416 9
625308741 9
632508741 9
352087416 7
165230874 9
874165320 9
421356087 9
650874213 7
536087421 9
156308742 9
635087421 9
216530874 9
315608742 7
165087423 9
235160874 9
874235610 9
361508742 9
651087423 7
360874251 7
251630874 9
874253160 9
742536108 7
874256130 9
425631087 9
350874261 9
874261530 9
508742631 9
087426351 9
087426513 9
874265310 7
087431256 9
508743126 9
874315260 7
087431562 9
250874316 9
874316520 9
321560874 9
216508743 9
874325160 9
325610874 9
615087432 9
265108743 9
435126087 9
516208743 7
087435216 9
874352610 7
356120874 9
562108743 9
508743612 7
743615208 7
150874362 9
436251087 9
651208743 9
521087436 7
360874512 9
263087451 9
608745132 9
087451362 7
087451623 9
208745163 9
136087452 9
630874521 9
087452316 9
108745236 9
308745261 7
310874526 9
087453126 7
208745316 9
608745321 9
087453261 9
120874536 9
621087453 9
308745612 9
087456132 9
130874562 9
108745623 7
312087456 9
210874563 9
123508746 9
253087461 7
325087461 9
135208746 9
874615230 9
615320874 9
508746213 9
087462153 9
150874623 9
874623510 9
874625130 7
087462531 9
250874631 9
463152087 9
508746321 7
632510874 9
512087463 9
352108746 9
746512308 7
874651320 9
465213087 9
523108746 7
120874653 7
653210874 9
512346087 9
640875123 9
436087512 9
246308751 9
408751263 7
126430875 9
324608751 9
264087513 9
134260875 9
875134620 9
362408751 9
642087513 7
360875142 7
142630875 9
875143260 9
751436208 7
462308751 7
514632087 9
340875162 9
875162430 9
408751632 9
087516342 9
087516423 9
875164320 7
213460875 9
408752136 7
143608752 9
463087521 9
340875216 9
521643087 9
875231460 9
640875231 9
087523416 9
108752346 9
408752361 9
087523641 7
241360875 9
630875241 7
431608752 7
524361087 9
875246130 9
752463108 7
134087526 9
614308752 9
631408752 9
263410875 9
264130875 9
875264310 9
246087531 7
126408753 9
875314260 9
314620875 9
624087531 9
164208753 9
087532146 9
408753216 9
875324160 7
087532461 9
140875326 9
875326410 9
753412608 7
875341620 9
534216087 9
875342610 9
120875346 7
346210875 9
240875361 9
536142087 9
408753621 7
362410875 9
412087536 9
642108753 9
236087541 9
630875412 9
087541326 9
208754136 9
308754162 9
087541632 7
360875421 9
163087542 9
608754231 9
087542361 7
087542613 9
108754263 9
608754312 9
087543162 9
087543216 7
108754326 9
612087543 9
210875436 9
087546123 7
208754613 9
308754621 9
087546231 9
120875463 9
321087546 9
408756123 9
087561243 9
240875613 9
875613420 9
875614230 7
087561432 9
213408756 9
143087562 7
314087562 9
234108756 7
875624130 9
624310875 9
408756312 7
631420875 9
140875632 9
563241087 9
341208756 9
421087563 9
564123087 9
413208756 7
087564213 9
875642310 7
643120875 9
210875643 7
345087612 9
235408761 9
612435087 9
530876124 7
125340876 9
543087612 9
450876132 7
132540876 9
876134250 7
087613452 9
352408761 7
613542087 9
423508761 7
253087614 9
143250876 9
876143520 9
452308761 9
532087614 7
876152340 9
430876152 9
087615324 9
876153420 7
308761542 9
087615432 9
134508762 9
354087621 9
214350876 9
453087621 9
621534087 9
430876215 7
231450876 9
540876231 7
876234150 9
623451087 9
876235140 9
762354108 7
876241350 9
530876241 9
087624315 9
876243510 7
308762451 9
087624531 9
513408762 9
143087625 9
253140876 9
876253410 9
541308762 9
431087625 7
245087631 9
540876312 9
087631425 9
208763145 9
408763152 9
087631542 7
450876321 9
154087632 9
508763241 9
087632451 7
087632514 9
108763254 9
508763412 9
087634152 9
087634215 7
108763425 9
512087634 9
210876345 9
087635124 7
208763514 9
408763521 9
087635241 9
120876354 9
421087635 9
412350876 9
125308764 9
876413250 9
413520876 9
523087641 9
153208764 9
087642135 7
308764215 9
508764231 9
087642351 9
130876425 9
876425310 9
764312508 7
876431520 9
643215087 9
325108764 7
120876435 7
435210876 9
230876451 9
764513208 9
308764521 7
452310876 9
312087645 9
532108764 9
087651234 9
308765124 9
876513240 7
087651342 9
230876514 9
876514320 9
134087652 7
214308765 9
876523140 9
523410876 9
413087652 9
243108765 9
653124087 9
314208765 7
765321408 7
876532410 9
534120876 9
210876534 7
308765412 7
541320876 9
130876542 9
654231087 9
431208765 9
321087654 9
